OrderID,OrderDate,Region,State,Category,Product,Channel,UnitsSold,UnitPrice,Revenue,COGS,OpEx,MarketingSpend
100150,2024-11-01,South,TN,Furniture,Drift Side Table,Retail,4,143.2,572.8,357.31,85.76,33.46
100113,2024-11-01,Midwest,OH,Lighting,Aria Desk Lamp,Online,3,66.89,200.68,110.11,27.92,10.0
100039,2024-11-02,Northeast,NY,Lighting,Ember Floor Lamp,Online,2,115.71,231.42,120.02,28.93,9.1
100091,2024-11-02,West,CA,Furniture,Aster Bookcase,Online,5,394.99,1974.95,1160.63,251.43,100.02
100166,2024-11-02,South,GA,Furniture,Aster Bookcase,Retail,5,409.38,2046.92,1217.4,299.86,102.07
100051,2024-11-02,Northeast,NJ,Storage,Loop Bin Set,Wholesale,4,52.08,208.31,117.69,31.29,7.14
100199,2024-11-02,Southwest,OK,Furniture,Aster Bookcase,Online,1,440.1,440.1,278.8,49.08,16.29
100117,2024-11-02,Midwest,IL,Furniture,Aster Bookcase,Wholesale,3,430.01,1290.03,842.2,138.34,84.94
100101,2024-11-02,Midwest,IL,Lighting,Aria Desk Lamp,Retail,1,65.87,65.87,34.28,10.51,1.99
100124,2024-11-02,Midwest,WI,Furniture,Aster Bookcase,Retail,2,431.84,863.69,554.36,97.35,57.83
100044,2024-11-02,Northeast,NY,Storage,Loop Bin Set,Retail,5,53.08,265.39,156.07,29.27,13.96
100064,2024-11-02,West,CA,Furniture,Drift Side Table,Online,5,147.06,735.32,474.61,75.98,30.31
100197,2024-11-03,Southeast,VA,Storage,Loop Bin Set,Wholesale,1,52.88,52.88,32.49,8.06,3.47
100056,2024-11-03,Northeast,PA,Furniture,Aster Bookcase,Online,4,399.79,1599.16,1048.61,218.59,51.46
100158,2024-11-03,South,TN,Furniture,Nimbus Chair,Wholesale,3,317.48,952.43,612.2,104.98,65.86
100169,2024-11-03,South,GA,Furniture,Nimbus Chair,Wholesale,1,337.06,337.06,204.06,51.39,10.43
100145,2024-11-03,South,TX,Furniture,Nimbus Chair,Wholesale,1,322.15,322.15,203.38,48.13,11.83
100176,2024-11-04,Southeast,SC,Furniture,Nimbus Chair,Wholesale,5,307.92,1539.61,992.36,244.11,98.05
100028,2024-11-04,Northeast,MA,Furniture,Drift Side Table,Online,5,145.24,726.22,459.06,114.26,30.11
100063,2024-11-04,West,NV,Furniture,Aster Bookcase,Wholesale,3,428.77,1286.3,797.85,168.78,79.74
100116,2024-11-04,Midwest,WI,Lighting,Halo Monitor Arm,Online,1,87.48,87.48,45.95,12.61,3.66
100209,2024-11-04,Southwest,OK,Furniture,Nimbus Chair,Online,4,335.61,1342.46,876.12,192.91,63.97
100189,2024-11-04,Southeast,SC,Lighting,Halo Monitor Arm,Retail,1,86.85,86.85,47.3,10.11,2.99
100011,2024-11-04,Northeast,NY,Furniture,Drift Side Table,Online,5,140.9,704.49,448.44,89.97,25.68
100131,2024-11-05,Midwest,WI,Lighting,Aria Desk Lamp,Online,1,67.49,67.49,36.61,7.75,3.83
100077,2024-11-05,West,WA,Lighting,Ember Floor Lamp,Wholesale,4,120.52,482.08,257.71,69.9,21.14
100210,2024-11-05,Southwest,OK,Storage,Cascade Shelf,Wholesale,3,188.43,565.28,319.52,60.52,22.35
100148,2024-11-05,South,TX,Storage,Loop Bin Set,Online,1,51.9,51.9,31.27,6.43,3.61
100106,2024-11-05,Midwest,MI,Furniture,Aster Bookcase,Online,1,436.92,436.92,259.49,68.9,16.23
100138,2024-11-05,Midwest,WI,Furniture,Drift Side Table,Wholesale,1,144.09,144.09,85.46,21.1,4.99
100012,2024-11-05,Northeast,MA,Lighting,Ember Floor Lamp,Online,1,116.54,116.54,59.16,16.06,5.18
100129,2024-11-05,Midwest,MI,Furniture,Aster Bookcase,Retail,4,410.99,1643.95,1020.34,253.87,76.89
100121,2024-11-05,Midwest,IL,Furniture,Nimbus Chair,Wholesale,5,324.05,1620.26,1011.12,182.22,65.02
100203,2024-11-05,Southwest,NM,Storage,Loop Bin Set,Retail,1,54.07,54.07,30.19,6.04,2.51
100152,2024-11-05,South,GA,Lighting,Aria Desk Lamp,Retail,2,66.99,133.99,70.21,18.84,4.37
100204,2024-11-05,Southwest,OK,Lighting,Ember Floor Lamp,Retail,5,115.75,578.76,297.77,71.88,38.74
100088,2024-11-06,West,CA,Lighting,Aria Desk Lamp,Online,2,66.73,133.47,72.52,15.62,7.0
100178,2024-11-06,Southeast,NC,Lighting,Halo Monitor Arm,Online,3,89.02,267.06,132.03,27.95,16.34
100183,2024-11-06,Southeast,SC,Lighting,Halo Monitor Arm,Retail,1,88.26,88.26,45.54,10.04,5.2
100040,2024-11-06,Northeast,PA,Furniture,Drift Side Table,Online,2,143.92,287.85,174.12,45.17,19.19
100149,2024-11-06,South,AL,Furniture,Aster Bookcase,Online,4,413.42,1653.67,1083.79,251.97,62.33
100026,2024-11-06,Northeast,NY,Storage,Vault Cabinet,Online,3,251.86,755.59,418.88,106.28,26.35
100033,2024-11-06,Northeast,NJ,Furniture,Aster Bookcase,Online,1,421.18,421.18,255.19,45.75,28.15
100104,2024-11-06,Midwest,MI,Furniture,Aster Bookcase,Retail,5,403.02,2015.1,1233.79,283.44,118.95
100016,2024-11-06,Northeast,MA,Lighting,Halo Monitor Arm,Online,1,89.36,89.36,45.52,9.71,3.05
100136,2024-11-07,Midwest,WI,Storage,Loop Bin Set,Wholesale,5,56.53,282.65,163.56,36.01,11.2
100213,2024-11-07,Southwest,AZ,Furniture,Drift Side Table,Wholesale,4,146.68,586.73,359.95,89.5,24.27
100023,2024-11-07,Northeast,NJ,Storage,Cascade Shelf,Wholesale,5,188.52,942.59,547.94,112.13,57.39
100068,2024-11-07,West,NV,Furniture,Drift Side Table,Retail,5,156.4,781.98,513.35,84.84,37.48
100140,2024-11-07,South,TN,Furniture,Drift Side Table,Wholesale,4,142.85,571.41,337.77,85.68,21.17
100115,2024-11-07,Midwest,MI,Storage,Vault Cabinet,Online,1,251.66,251.66,138.9,37.94,13.76
100208,2024-11-08,Southwest,OK,Storage,Cascade Shelf,Wholesale,2,192.47,384.93,215.96,39.66,24.9
100058,2024-11-08,West,NV,Storage,Cascade Shelf,Online,4,184.39,737.58,417.6,99.34,42.77
100165,2024-11-08,South,GA,Lighting,Aria Desk Lamp,Wholesale,1,71.17,71.17,36.86,7.14,4.37
100062,2024-11-08,West,NV,Lighting,Halo Monitor Arm,Online,4,92.1,368.39,192.69,46.37,20.28
100079,2024-11-08,West,NV,Storage,Vault Cabinet,Wholesale,1,265.77,265.77,160.11,27.17,11.94
100130,2024-11-08,Midwest,IL,Lighting,Halo Monitor Arm,Online,2,89.27,178.54,88.29,25.0,10.04
100020,2024-11-08,Northeast,PA,Lighting,Aria Desk Lamp,Online,1,70.54,70.54,37.68,10.31,2.42
100019,2024-11-09,Northeast,NY,Furniture,Aster Bookcase,Online,2,417.25,834.5,537.65,128.32,29.72
100200,2024-11-09,Southwest,OK,Storage,Loop Bin Set,Online,2,57.71,115.42,69.47,13.17,4.74
100132,2024-11-09,Midwest,MI,Furniture,Aster Bookcase,Online,2,396.89,793.78,516.38,89.02,41.03
100161,2024-11-09,South,GA,Storage,Loop Bin Set,Online,5,54.05,270.24,158.02,34.51,15.23
100099,2024-11-09,West,CA,Storage,Cascade Shelf,Retail,2,189.7,379.4,217.78,45.17,12.57
100049,2024-11-09,Northeast,NJ,Storage,Cascade Shelf,Online,4,193.26,773.03,455.73,82.96,41.38
100186,2024-11-09,Southeast,NC,Furniture,Drift Side Table,Wholesale,5,146.59,732.95,430.45,109.45,40.99
100125,2024-11-09,Midwest,OH,Lighting,Aria Desk Lamp,Wholesale,4,64.62,258.48,127.35,32.96,9.09
100174,2024-11-09,Southeast,FL,Furniture,Nimbus Chair,Online,5,338.84,1694.19,1092.59,185.25,87.07
100142,2024-11-09,South,GA,Furniture,Aster Bookcase,Online,4,441.56,1766.22,1085.17,182.07,100.48
100114,2024-11-10,Midwest,WI,Furniture,Nimbus Chair,Wholesale,2,316.26,632.53,411.07,100.62,43.83
100133,2024-11-10,Midwest,MI,Lighting,Ember Floor Lamp,Online,5,115.28,576.41,293.28,91.4,26.51
100179,2024-11-10,Southeast,FL,Lighting,Aria Desk Lamp,Online,5,70.01,350.06,175.61,55.5,13.56
100190,2024-11-10,Southeast,SC,Storage,Loop Bin Set,Online,1,52.69,52.69,31.96,7.67,3.07
100202,2024-11-11,Southwest,OK,Storage,Loop Bin Set,Retail,2,51.33,102.66,56.25,11.55,5.21
100137,2024-11-11,Midwest,OH,Lighting,Halo Monitor Arm,Retail,2,87.53,175.07,87.97,26.08,11.28
100085,2024-11-11,West,CA,Lighting,Aria Desk Lamp,Retail,2,72.69,145.38,74.38,15.12,5.54
100193,2024-11-11,Southeast,NC,Furniture,Drift Side Table,Retail,2,141.07,282.15,169.49,40.94,12.01
100009,2024-11-11,Northeast,MA,Lighting,Aria Desk Lamp,Online,3,67.29,201.86,101.37,25.13,12.95
100103,2024-11-11,Midwest,MI,Furniture,Aster Bookcase,Online,1,421.19,421.19,271.67,42.58,22.67
100067,2024-11-11,West,CA,Lighting,Aria Desk Lamp,Retail,4,68.03,272.11,136.56,35.78,9.95
100107,2024-11-11,Midwest,OH,Furniture,Aster Bookcase,Online,5,438.14,2190.7,1396.29,334.52,98.94
100123,2024-11-12,Midwest,OH,Furniture,Aster Bookcase,Retail,5,433.12,2165.58,1286.73,336.18,94.54
100177,2024-11-12,Southeast,SC,Storage,Vault Cabinet,Retail,1,273.9,273.9,166.47,43.36,15.94
100188,2024-11-12,Southeast,SC,Storage,Loop Bin Set,Wholesale,2,54.28,108.57,64.76,13.85,4.19
100024,2024-11-12,Northeast,MA,Lighting,Halo Monitor Arm,Retail,2,85.64,171.29,93.74,19.61,5.98
100191,2024-11-12,Southeast,NC,Furniture,Aster Bookcase,Online,2,415.0,830.0,502.76,89.34,43.17
100082,2024-11-13,West,NV,Furniture,Aster Bookcase,Online,5,425.3,2126.48,1294.37,321.53,89.22
100139,2024-11-13,South,TN,Storage,Cascade Shelf,Online,1,174.6,174.6,106.53,27.74,5.72
100093,2024-11-13,West,NV,Furniture,Nimbus Chair,Online,3,304.07,912.21,531.72,119.03,45.23
100057,2024-11-13,Northeast,NY,Lighting,Aria Desk Lamp,Retail,1,72.42,72.42,35.81,8.04,5.01
100050,2024-11-13,Northeast,MA,Lighting,Halo Monitor Arm,Wholesale,1,89.81,89.81,46.47,11.36,3.78
100060,2024-11-13,West,OR,Furniture,Nimbus Chair,Retail,2,321.8,643.6,394.81,80.15,24.91
100216,2024-11-13,Southwest,OK,Furniture,Aster Bookcase,Online,5,391.15,1955.73,1147.2,283.55,78.82
100002,2024-11-13,Northeast,NJ,Lighting,Halo Monitor Arm,Retail,2,95.27,190.55,98.41,21.65,9.94
100198,2024-11-13,Southwest,NM,Furniture,Aster Bookcase,Wholesale,2,421.82,843.63,526.63,99.36,31.04
100205,2024-11-13,Southwest,NM,Furniture,Aster Bookcase,Online,4,429.72,1718.87,1027.41,191.01,83.46
100090,2024-11-13,West,OR,Storage,Vault Cabinet,Online,1,266.0,266.0,162.71,34.78,12.59
100182,2024-11-13,Southeast,NC,Storage,Cascade Shelf,Online,2,173.12,346.24,211.56,42.48,21.06
100014,2024-11-14,Northeast,NJ,Lighting,Ember Floor Lamp,Online,3,110.36,331.09,171.25,37.13,13.98
100081,2024-11-14,West,CA,Furniture,Aster Bookcase,Wholesale,2,422.65,845.29,525.0,118.88,26.36
100109,2024-11-14,Midwest,IL,Storage,Vault Cabinet,Retail,1,253.91,253.91,155.74,31.14,14.92
100006,2024-11-14,Northeast,NJ,Storage,Vault Cabinet,Wholesale,4,257.56,1030.23,589.47,120.85,59.03
100017,2024-11-14,Northeast,MA,Lighting,Ember Floor Lamp,Retail,1,119.87,119.87,63.01,12.15,8.19
100212,2024-11-14,Southwest,OK,Lighting,Aria Desk Lamp,Wholesale,3,66.27,198.8,106.13,30.83,13.79
100120,2024-11-14,Midwest,MI,Storage,Cascade Shelf,Retail,4,183.11,732.45,426.69,92.34,25.83
100086,2024-11-14,West,WA,Furniture,Nimbus Chair,Online,3,330.4,991.19,648.4,143.84,51.18
100154,2024-11-14,South,TX,Storage,Vault Cabinet,Retail,1,254.27,254.27,150.65,28.69,8.64
100146,2024-11-14,South,AL,Furniture,Nimbus Chair,Retail,5,338.24,1691.21,997.31,209.15,100.65
100076,2024-11-14,West,NV,Storage,Vault Cabinet,Wholesale,4,279.56,1118.23,618.54,160.96,53.23
100010,2024-11-14,Northeast,PA,Furniture,Aster Bookcase,Online,1,404.5,404.5,252.51,59.48,22.88
100128,2024-11-14,Midwest,MI,Lighting,Aria Desk Lamp,Wholesale,5,71.23,356.13,188.74,42.08,24.18
100013,2024-11-15,Northeast,PA,Furniture,Drift Side Table,Wholesale,1,155.88,155.88,93.93,24.65,9.53
100041,2024-11-15,Northeast,PA,Lighting,Ember Floor Lamp,Wholesale,2,114.2,228.39,123.1,30.14,12.63
100196,2024-11-15,Southeast,NC,Lighting,Ember Floor Lamp,Retail,1,106.63,106.63,54.83,14.3,5.55
100195,2024-11-15,Southeast,SC,Lighting,Halo Monitor Arm,Wholesale,4,94.58,378.33,205.93,58.46,23.33
100097,2024-11-15,West,CA,Furniture,Nimbus Chair,Wholesale,3,328.55,985.66,637.02,135.18,35.99
100171,2024-11-15,Southeast,NC,Lighting,Ember Floor Lamp,Online,2,108.43,216.87,107.32,34.01,10.02
100095,2024-11-15,West,CA,Lighting,Halo Monitor Arm,Wholesale,2,88.38,176.75,91.48,25.22,6.37
100069,2024-11-15,West,WA,Furniture,Nimbus Chair,Online,1,335.42,335.42,199.24,37.18,22.23
100015,2024-11-15,Northeast,PA,Lighting,Halo Monitor Arm,Wholesale,1,94.46,94.46,48.72,13.0,5.04
100061,2024-11-15,West,WA,Lighting,Halo Monitor Arm,Online,2,84.97,169.93,85.45,22.83,8.94
100163,2024-11-16,South,AL,Furniture,Aster Bookcase,Online,3,429.77,1289.31,840.38,175.14,73.18
100162,2024-11-16,South,TX,Lighting,Halo Monitor Arm,Online,2,88.55,177.1,88.4,25.39,8.07
100001,2024-11-16,Northeast,NJ,Lighting,Halo Monitor Arm,Online,5,92.62,463.09,248.35,68.15,16.27
100032,2024-11-16,Northeast,NY,Lighting,Aria Desk Lamp,Retail,4,72.27,289.07,145.57,41.85,18.11
100066,2024-11-16,West,NV,Furniture,Nimbus Chair,Online,4,308.98,1235.91,811.82,180.85,52.45
100042,2024-11-16,Northeast,NJ,Furniture,Nimbus Chair,Retail,4,312.42,1249.68,740.6,171.03,42.24
100073,2024-11-16,West,CA,Storage,Vault Cabinet,Retail,2,263.86,527.72,302.35,81.82,29.15
100047,2024-11-16,Northeast,MA,Storage,Loop Bin Set,Online,4,53.2,212.8,118.35,23.17,14.35
100094,2024-11-16,West,WA,Furniture,Drift Side Table,Wholesale,3,152.46,457.39,277.54,52.39,22.5
100034,2024-11-17,Northeast,NY,Furniture,Nimbus Chair,Online,2,310.39,620.78,364.35,68.58,19.95
100127,2024-11-17,Midwest,IL,Lighting,Aria Desk Lamp,Online,3,73.0,219.0,116.31,33.02,6.92
100217,2024-11-17,Southwest,NM,Storage,Cascade Shelf,Online,4,191.73,766.9,459.71,88.0,30.09
100180,2024-11-17,Southeast,FL,Lighting,Halo Monitor Arm,Online,5,95.86,479.28,238.87,49.75,18.12
100084,2024-11-17,West,CA,Storage,Vault Cabinet,Online,5,257.02,1285.09,752.05,205.43,74.58
100098,2024-11-17,West,WA,Storage,Loop Bin Set,Wholesale,5,53.08,265.42,155.85,42.22,11.8
100021,2024-11-17,Northeast,MA,Storage,Loop Bin Set,Retail,2,51.56,103.13,62.18,15.31,4.4
100184,2024-11-18,Southeast,NC,Furniture,Aster Bookcase,Online,5,399.52,1997.58,1241.41,260.67,94.82
100160,2024-11-18,South,GA,Furniture,Aster Bookcase,Retail,1,435.67,435.67,267.16,54.85,24.1
100192,2024-11-18,Southeast,SC,Lighting,Aria Desk Lamp,Wholesale,1,68.85,68.85,37.16,8.74,4.33
100102,2024-11-18,Midwest,WI,Furniture,Drift Side Table,Online,5,148.77,743.85,482.24,98.32,40.82
100112,2024-11-18,Midwest,WI,Storage,Loop Bin Set,Wholesale,2,51.99,103.99,58.71,11.66,3.89
100110,2024-11-18,Midwest,MI,Storage,Vault Cabinet,Retail,2,257.79,515.57,295.77,70.17,34.76
100207,2024-11-19,Southwest,NM,Storage,Vault Cabinet,Wholesale,3,254.59,763.78,418.28,83.8,42.44
100170,2024-11-19,South,TN,Lighting,Halo Monitor Arm,Online,3,92.53,277.6,142.22,38.07,8.77
100074,2024-11-19,West,NV,Furniture,Nimbus Chair,Online,2,311.97,623.94,384.44,73.91,33.65
100151,2024-11-19,South,GA,Furniture,Drift Side Table,Retail,1,149.09,149.09,91.53,21.69,9.4
100206,2024-11-20,Southwest,AZ,Furniture,Nimbus Chair,Wholesale,4,341.76,1367.03,824.59,157.6,48.39
100118,2024-11-20,Midwest,OH,Furniture,Drift Side Table,Online,2,153.71,307.41,189.45,35.26,17.96
100126,2024-11-20,Midwest,OH,Furniture,Aster Bookcase,Wholesale,4,410.44,1641.77,1045.52,209.6,92.59
100155,2024-11-20,South,AL,Furniture,Nimbus Chair,Online,3,311.33,933.98,566.59,113.61,30.08
100173,2024-11-20,Southeast,FL,Furniture,Nimbus Chair,Wholesale,3,345.33,1035.99,658.18,122.36,68.5
100080,2024-11-20,West,NV,Furniture,Drift Side Table,Retail,1,150.48,150.48,97.39,21.72,9.34
100030,2024-11-20,Northeast,NJ,Lighting,Aria Desk Lamp,Retail,5,71.71,358.55,175.66,38.2,22.65
100008,2024-11-20,Northeast,MA,Lighting,Aria Desk Lamp,Retail,1,65.61,65.61,34.38,9.57,3.63
100100,2024-11-20,West,OR,Furniture,Aster Bookcase,Online,2,390.51,781.03,496.33,112.71,33.34
100168,2024-11-20,South,AL,Furniture,Drift Side Table,Retail,5,146.83,734.16,461.04,92.14,32.89
100072,2024-11-21,West,NV,Furniture,Aster Bookcase,Wholesale,5,415.22,2076.11,1287.93,320.91,111.04
100037,2024-11-21,Northeast,NY,Furniture,Nimbus Chair,Wholesale,5,306.16,1530.81,988.23,235.99,105.91
100059,2024-11-21,West,WA,Lighting,Halo Monitor Arm,Retail,5,86.27,431.34,223.6,46.22,15.25
100201,2024-11-21,Southwest,AZ,Storage,Vault Cabinet,Online,2,261.53,523.07,313.42,76.53,23.61
100054,2024-11-21,Northeast,NJ,Storage,Loop Bin Set,Online,2,57.26,114.53,69.84,16.76,6.63
100052,2024-11-21,Northeast,NJ,Storage,Cascade Shelf,Online,4,186.21,744.85,407.6,85.25,26.61
100005,2024-11-21,Northeast,MA,Furniture,Nimbus Chair,Online,3,311.88,935.65,561.09,131.17,44.43
100018,2024-11-21,Northeast,MA,Lighting,Halo Monitor Arm,Retail,4,85.51,342.03,187.2,45.94,16.74
100055,2024-11-21,Northeast,PA,Storage,Vault Cabinet,Online,1,253.82,253.82,151.55,34.98,16.26
100003,2024-11-22,Northeast,MA,Furniture,Aster Bookcase,Wholesale,5,423.17,2115.84,1385.92,324.97,129.35
100119,2024-11-22,Midwest,IL,Storage,Vault Cabinet,Retail,5,258.47,1292.35,726.61,141.74,87.36
100046,2024-11-22,Northeast,MA,Furniture,Aster Bookcase,Retail,1,394.17,394.17,252.43,55.29,17.09
100075,2024-11-22,West,NV,Furniture,Drift Side Table,Retail,2,151.0,302.0,189.94,38.85,18.26
100147,2024-11-22,South,GA,Furniture,Nimbus Chair,Wholesale,4,324.97,1299.9,793.16,147.09,49.83
100025,2024-11-22,Northeast,NJ,Storage,Loop Bin Set,Retail,1,52.56,52.56,29.37,6.23,3.21
100038,2024-11-23,Northeast,NY,Storage,Vault Cabinet,Wholesale,4,268.72,1074.86,626.12,140.65,69.12
100004,2024-11-23,Northeast,PA,Furniture,Drift Side Table,Online,3,138.58,415.73,265.32,65.71,17.89
100071,2024-11-24,West,NV,Storage,Loop Bin Set,Retail,4,55.86,223.43,122.72,27.26,11.52
100214,2024-11-24,Southwest,AZ,Storage,Vault Cabinet,Wholesale,2,280.12,560.25,335.48,67.35,30.4
100181,2024-11-24,Southeast,FL,Lighting,Halo Monitor Arm,Retail,5,90.77,453.83,244.5,62.21,29.3
100187,2024-11-24,Southeast,SC,Storage,Loop Bin Set,Wholesale,3,55.78,167.33,95.28,23.38,9.52
100141,2024-11-24,South,TN,Lighting,Halo Monitor Arm,Retail,3,90.34,271.03,149.26,43.36,13.73
100092,2024-11-24,West,CA,Furniture,Nimbus Chair,Online,1,308.64,308.64,195.91,34.7,12.99
100111,2024-11-24,Midwest,IL,Lighting,Aria Desk Lamp,Online,1,67.93,67.93,33.89,9.58,2.96
100007,2024-11-24,Northeast,PA,Furniture,Aster Bookcase,Wholesale,1,389.89,389.89,247.68,57.25,18.85
100153,2024-11-24,South,TX,Furniture,Nimbus Chair,Retail,2,341.21,682.42,442.91,87.48,33.47
100211,2024-11-25,Southwest,OK,Lighting,Ember Floor Lamp,Online,3,114.88,344.65,188.1,39.57,20.49
100135,2024-11-25,Midwest,OH,Furniture,Aster Bookcase,Retail,3,415.61,1246.82,749.3,192.96,83.48
100159,2024-11-25,South,GA,Lighting,Halo Monitor Arm,Online,3,95.78,287.35,150.94,30.94,12.31
100156,2024-11-25,South,AL,Furniture,Drift Side Table,Online,2,149.26,298.52,194.63,31.64,10.24
100167,2024-11-26,South,TX,Lighting,Aria Desk Lamp,Wholesale,5,73.12,365.59,192.26,55.82,16.44
100027,2024-11-26,Northeast,NJ,Lighting,Ember Floor Lamp,Online,4,114.86,459.44,245.08,66.32,16.19
100029,2024-11-26,Northeast,NY,Storage,Vault Cabinet,Retail,1,265.77,265.77,147.49,33.26,18.24
100083,2024-11-26,West,CA,Lighting,Halo Monitor Arm,Wholesale,2,87.73,175.46,86.69,21.15,10.3
100194,2024-11-26,Southeast,NC,Furniture,Drift Side Table,Online,1,146.02,146.02,87.66,21.29,9.81
100087,2024-11-27,West,NV,Furniture,Drift Side Table,Online,5,142.18,710.91,442.33,102.75,38.13
100078,2024-11-27,West,NV,Furniture,Nimbus Chair,Retail,1,336.34,336.34,207.65,53.37,15.63
100105,2024-11-28,Midwest,MI,Lighting,Aria Desk Lamp,Online,4,73.29,293.17,143.53,43.32,14.9
100096,2024-11-28,West,CA,Furniture,Nimbus Chair,Online,1,342.22,342.22,200.24,36.49,18.76
100144,2024-11-28,South,TX,Lighting,Aria Desk Lamp,Wholesale,5,65.87,329.36,164.15,43.49,10.77
100031,2024-11-28,Northeast,NJ,Storage,Vault Cabinet,Retail,2,264.94,529.88,311.13,66.1,23.83
100122,2024-11-28,Midwest,MI,Furniture,Drift Side Table,Online,1,155.03,155.03,95.72,19.23,7.95
100164,2024-11-28,South,TN,Furniture,Drift Side Table,Wholesale,5,145.15,725.74,423.21,74.25,41.52
100065,2024-11-28,West,CA,Furniture,Drift Side Table,Retail,1,143.67,143.67,92.57,21.75,6.45
100053,2024-11-28,Northeast,NY,Storage,Loop Bin Set,Retail,1,57.69,57.69,31.47,5.95,3.13
100215,2024-11-28,Southwest,OK,Lighting,Ember Floor Lamp,Online,5,106.76,533.78,279.68,69.25,17.19
100045,2024-11-28,Northeast,NJ,Lighting,Halo Monitor Arm,Wholesale,3,90.6,271.79,141.2,36.96,18.28
100157,2024-11-29,South,AL,Furniture,Drift Side Table,Wholesale,4,140.05,560.2,360.65,73.7,39.14
100036,2024-11-29,Northeast,MA,Furniture,Aster Bookcase,Retail,2,402.79,805.58,472.44,98.62,41.04
100143,2024-11-29,South,GA,Furniture,Nimbus Chair,Wholesale,4,338.62,1354.46,821.78,196.3,84.05
100089,2024-11-29,West,NV,Storage,Vault Cabinet,Retail,4,261.82,1047.27,620.14,155.92,69.23
100043,2024-11-29,Northeast,NJ,Lighting,Halo Monitor Arm,Online,1,95.38,95.38,51.39,12.94,5.85
100134,2024-11-29,Midwest,MI,Lighting,Halo Monitor Arm,Wholesale,1,89.18,89.18,46.06,13.93,5.72
100108,2024-11-29,Midwest,MI,Lighting,Aria Desk Lamp,Wholesale,4,71.06,284.25,140.8,43.84,18.37
100048,2024-11-29,Northeast,NJ,Lighting,Ember Floor Lamp,Retail,2,117.02,234.05,125.8,30.14,10.54
100172,2024-11-30,Southeast,VA,Storage,Vault Cabinet,Retail,5,249.73,1248.64,735.88,157.01,58.99
100022,2024-11-30,Northeast,NJ,Storage,Vault Cabinet,Online,2,264.41,528.82,294.37,54.31,25.07
100035,2024-11-30,Northeast,PA,Lighting,Halo Monitor Arm,Online,4,89.1,356.42,193.68,53.84,11.31
100185,2024-11-30,Southeast,FL,Storage,Cascade Shelf,Online,3,182.18,546.55,320.54,62.13,30.34
100175,2024-11-30,Southeast,FL,Storage,Loop Bin Set,Online,3,54.09,162.27,99.41,19.25,6.1
100070,2024-11-30,West,OR,Furniture,Drift Side Table,Retail,2,143.26,286.51,177.49,30.1,11.39
100253,2024-12-01,Northeast,MA,Furniture,Drift Side Table,Wholesale,3,145.18,435.53,271.01,59.06,13.45
100281,2024-12-01,West,WA,Furniture,Nimbus Chair,Wholesale,2,326.21,652.42,408.75,103.06,33.19
100411,2024-12-01,Southeast,VA,Lighting,Ember Floor Lamp,Retail,3,113.56,340.67,182.6,44.23,16.75
100237,2024-12-01,Northeast,NY,Furniture,Nimbus Chair,Online,4,315.44,1261.77,789.97,127.82,80.69
100407,2024-12-01,Southeast,NC,Furniture,Nimbus Chair,Online,1,332.96,332.96,202.44,37.85,12.5
100304,2024-12-02,West,OR,Lighting,Halo Monitor Arm,Wholesale,2,92.62,185.23,98.22,23.38,11.16
100387,2024-12-02,South,AL,Furniture,Nimbus Chair,Online,1,343.65,343.65,219.73,47.58,19.6
100341,2024-12-02,Midwest,OH,Storage,Loop Bin Set,Retail,1,53.4,53.4,30.12,6.81,1.99
100310,2024-12-02,West,NV,Lighting,Ember Floor Lamp,Online,2,107.94,215.88,110.69,31.59,13.41
100313,2024-12-02,West,OR,Furniture,Aster Bookcase,Wholesale,1,439.62,439.62,277.22,56.16,20.57
100293,2024-12-03,West,CA,Lighting,Aria Desk Lamp,Wholesale,1,72.22,72.22,35.41,7.47,4.63
100384,2024-12-03,South,TN,Storage,Cascade Shelf,Retail,5,178.9,894.49,504.32,101.36,30.91
100264,2024-12-03,Northeast,NJ,Lighting,Ember Floor Lamp,Online,1,115.33,115.33,58.28,11.81,3.96
100221,2024-12-03,Northeast,NJ,Furniture,Nimbus Chair,Retail,1,338.41,338.41,213.11,51.75,18.79
100248,2024-12-03,Northeast,PA,Furniture,Drift Side Table,Online,4,155.22,620.87,407.45,67.7,20.82
100415,2024-12-03,Southeast,VA,Storage,Vault Cabinet,Online,4,275.62,1102.5,639.95,125.0,74.71
100283,2024-12-03,West,OR,Lighting,Aria Desk Lamp,Retail,1,71.24,71.24,38.69,9.81,3.88
100227,2024-12-03,Northeast,PA,Lighting,Aria Desk Lamp,Retail,4,68.78,275.11,150.4,35.63,14.07
100400,2024-12-03,South,TX,Storage,Loop Bin Set,Online,4,57.82,231.26,127.09,24.65,7.82
100230,2024-12-04,Northeast,NJ,Lighting,Ember Floor Lamp,Online,1,114.7,114.7,57.26,15.78,4.94
100427,2024-12-04,Southeast,NC,Storage,Cascade Shelf,Retail,5,179.01,895.05,497.59,117.9,29.94
100438,2024-12-04,Southwest,OK,Lighting,Halo Monitor Arm,Retail,2,95.65,191.29,105.1,29.68,11.52
100261,2024-12-04,Northeast,NJ,Furniture,Nimbus Chair,Online,4,323.41,1293.63,808.98,145.96,85.38
100295,2024-12-04,West,OR,Storage,Loop Bin Set,Wholesale,1,54.65,54.65,32.4,6.33,2.55
100284,2024-12-04,West,OR,Storage,Vault Cabinet,Online,5,276.37,1381.87,774.2,209.52,77.3
100254,2024-12-04,Northeast,NJ,Lighting,Ember Floor Lamp,Online,2,112.53,225.07,123.25,22.81,12.17
100224,2024-12-04,Northeast,MA,Furniture,Aster Bookcase,Wholesale,2,426.22,852.44,532.88,100.07,44.47
100247,2024-12-04,Northeast,NY,Furniture,Aster Bookcase,Retail,3,439.74,1319.22,853.21,161.86,84.52
100236,2024-12-04,Northeast,NJ,Furniture,Drift Side Table,Online,5,146.16,730.81,456.04,74.01,31.17
100346,2024-12-05,Midwest,IL,Storage,Cascade Shelf,Wholesale,1,189.71,189.71,113.39,23.01,10.61
100359,2024-12-05,Midwest,OH,Furniture,Aster Bookcase,Online,1,401.06,401.06,249.52,40.13,14.63
100220,2024-12-05,Northeast,NY,Storage,Loop Bin Set,Online,2,52.49,104.97,58.11,10.95,7.31
100442,2024-12-05,Southwest,AZ,Storage,Loop Bin Set,Online,3,57.52,172.56,99.74,22.23,12.06
100382,2024-12-05,South,TX,Furniture,Drift Side Table,Online,2,149.02,298.04,193.27,36.49,14.26
100386,2024-12-05,South,GA,Storage,Cascade Shelf,Wholesale,5,190.9,954.48,523.54,100.23,43.53
100229,2024-12-05,Northeast,NY,Storage,Vault Cabinet,Online,3,253.11,759.34,414.02,95.61,46.14
100410,2024-12-05,Southeast,NC,Furniture,Nimbus Chair,Retail,1,330.57,330.57,194.87,41.65,14.58
100380,2024-12-06,South,GA,Storage,Vault Cabinet,Wholesale,3,272.33,817.0,481.96,126.73,32.64
100306,2024-12-06,West,OR,Lighting,Ember Floor Lamp,Retail,3,115.97,347.91,187.21,47.83,17.92
100428,2024-12-06,Southeast,SC,Storage,Loop Bin Set,Retail,5,57.07,285.34,175.12,32.78,9.43
100311,2024-12-06,West,CA,Furniture,Aster Bookcase,Online,4,440.62,1762.48,1148.24,269.69,89.68
100222,2024-12-06,Northeast,MA,Lighting,Ember Floor Lamp,Online,4,112.91,451.66,225.55,66.75,18.26
100274,2024-12-06,Northeast,NJ,Lighting,Halo Monitor Arm,Retail,4,85.23,340.92,168.08,44.57,13.75
100419,2024-12-06,Southeast,SC,Furniture,Drift Side Table,Retail,3,146.81,440.43,267.1,53.19,23.52
100416,2024-12-06,Southeast,NC,Furniture,Aster Bookcase,Online,1,402.43,402.43,250.25,61.57,16.78
100365,2024-12-06,Midwest,MI,Furniture,Aster Bookcase,Online,1,425.43,425.43,269.59,57.56,18.98
100256,2024-12-06,Northeast,NY,Lighting,Halo Monitor Arm,Wholesale,1,88.44,88.44,45.73,13.32,3.8
100417,2024-12-06,Southeast,FL,Lighting,Aria Desk Lamp,Online,2,71.86,143.73,74.77,20.17,8.89
100242,2024-12-06,Northeast,NY,Furniture,Aster Bookcase,Online,3,421.66,1264.98,758.27,161.02,58.89
100358,2024-12-07,Midwest,IL,Furniture,Aster Bookcase,Wholesale,3,419.18,1257.55,791.04,160.29,38.75
100257,2024-12-07,Northeast,NY,Lighting,Aria Desk Lamp,Online,5,68.8,343.99,188.44,39.89,17.26
100312,2024-12-07,West,CA,Lighting,Halo Monitor Arm,Retail,2,94.03,188.06,99.94,29.53,11.88
100323,2024-12-07,West,WA,Furniture,Drift Side Table,Online,3,144.05,432.16,264.8,63.12,28.4
100231,2024-12-08,Northeast,NJ,Lighting,Aria Desk Lamp,Online,3,71.32,213.95,111.26,31.1,13.69
100403,2024-12-08,Southeast,FL,Furniture,Nimbus Chair,Online,4,324.11,1296.46,805.57,137.42,47.41
100364,2024-12-08,Midwest,WI,Lighting,Aria Desk Lamp,Online,3,65.97,197.91,97.16,28.21,13.85
100336,2024-12-08,Midwest,WI,Lighting,Aria Desk Lamp,Wholesale,5,67.97,339.85,184.67,37.37,21.34
100395,2024-12-08,South,TX,Furniture,Nimbus Chair,Retail,4,328.99,1315.97,785.41,137.65,71.28
100250,2024-12-08,Northeast,PA,Lighting,Aria Desk Lamp,Wholesale,5,68.55,342.73,170.01,52.47,16.99
100436,2024-12-08,Southwest,OK,Storage,Vault Cabinet,Wholesale,4,251.36,1005.46,601.24,124.2,64.52
100241,2024-12-08,Northeast,PA,Lighting,Halo Monitor Arm,Retail,1,89.63,89.63,48.15,13.32,5.24
100340,2024-12-08,Midwest,MI,Storage,Cascade Shelf,Online,2,180.6,361.2,216.65,39.08,16.52
100244,2024-12-08,Northeast,NJ,Furniture,Aster Bookcase,Wholesale,4,441.21,1764.85,1100.81,184.76,112.94
100405,2024-12-09,Southeast,VA,Furniture,Nimbus Chair,Online,1,327.14,327.14,212.06,41.99,22.53
100430,2024-12-09,Southwest,AZ,Storage,Cascade Shelf,Wholesale,2,186.89,373.78,225.16,52.89,19.57
100390,2024-12-09,South,TN,Furniture,Aster Bookcase,Online,3,399.65,1198.95,710.24,169.45,81.24
100388,2024-12-09,South,GA,Furniture,Aster Bookcase,Wholesale,4,399.45,1597.8,961.53,227.96,89.89
100350,2024-12-09,Midwest,IL,Lighting,Halo Monitor Arm,Online,1,91.44,91.44,46.57,13.15,3.42
100391,2024-12-09,South,TN,Lighting,Aria Desk Lamp,Online,5,65.47,327.35,175.55,49.29,10.56
100402,2024-12-09,Southeast,SC,Furniture,Aster Bookcase,Wholesale,2,432.77,865.55,513.39,128.51,49.41
100406,2024-12-09,Southeast,VA,Lighting,Halo Monitor Arm,Online,2,90.21,180.41,89.33,21.38,9.49
100265,2024-12-09,Northeast,NY,Furniture,Drift Side Table,Online,2,138.37,276.74,169.08,34.07,12.05
100443,2024-12-09,Southwest,NM,Furniture,Nimbus Chair,Retail,5,339.93,1699.65,1056.21,199.79,105.32
100275,2024-12-09,West,WA,Furniture,Drift Side Table,Online,5,154.62,773.08,484.35,110.62,36.88
100289,2024-12-09,West,CA,Furniture,Nimbus Chair,Online,1,318.65,318.65,203.82,41.35,21.28
100255,2024-12-09,Northeast,NJ,Storage,Loop Bin Set,Retail,2,56.83,113.66,69.73,11.65,5.43
100434,2024-12-09,Southwest,NM,Storage,Vault Cabinet,Retail,5,278.51,1392.53,827.56,209.3,73.13
100379,2024-12-10,South,TX,Storage,Cascade Shelf,Online,4,185.46,741.82,437.25,91.08,49.68
100252,2024-12-10,Northeast,MA,Lighting,Aria Desk Lamp,Retail,2,64.88,129.77,68.71,13.82,3.96
100233,2024-12-10,Northeast,NY,Lighting,Halo Monitor Arm,Wholesale,4,94.5,378.0,197.23,56.69,15.92
100276,2024-12-10,West,NV,Furniture,Aster Bookcase,Retail,1,442.79,442.79,273.95,68.78,14.84
100266,2024-12-10,Northeast,NJ,Furniture,Nimbus Chair,Online,1,305.05,305.05,200.27,47.5,15.3
100398,2024-12-10,South,TX,Lighting,Aria Desk Lamp,Online,5,65.87,329.33,161.53,43.87,19.1
100342,2024-12-10,Midwest,WI,Lighting,Aria Desk Lamp,Online,4,69.69,278.74,139.29,40.67,12.38
100273,2024-12-10,Northeast,PA,Furniture,Aster Bookcase,Wholesale,3,398.56,1195.68,720.28,186.26,41.38
100317,2024-12-10,West,OR,Storage,Cascade Shelf,Retail,2,171.29,342.58,197.19,41.24,13.7
100408,2024-12-10,Southeast,SC,Storage,Vault Cabinet,Wholesale,5,251.74,1258.69,742.45,179.48,73.21
100383,2024-12-10,South,TX,Furniture,Drift Side Table,Online,1,151.54,151.54,99.19,22.57,8.93
100290,2024-12-10,West,WA,Furniture,Aster Bookcase,Online,1,410.99,410.99,269.68,46.25,15.59
100315,2024-12-10,West,NV,Furniture,Drift Side Table,Retail,3,144.69,434.07,257.85,67.2,28.69
100288,2024-12-10,West,OR,Lighting,Aria Desk Lamp,Online,2,69.21,138.42,75.42,22.11,4.59
100431,2024-12-10,Southwest,OK,Furniture,Nimbus Chair,Wholesale,1,345.22,345.22,224.37,34.95,21.29
100291,2024-12-10,West,NV,Lighting,Halo Monitor Arm,Online,3,91.27,273.8,136.2,34.42,15.77
100285,2024-12-10,West,CA,Lighting,Aria Desk Lamp,Retail,1,67.6,67.6,33.44,10.36,4.09
100420,2024-12-11,Southeast,SC,Lighting,Aria Desk Lamp,Retail,2,67.52,135.04,67.15,17.08,8.87
100292,2024-12-11,West,CA,Storage,Loop Bin Set,Online,2,55.29,110.57,60.81,15.89,4.59
100298,2024-12-11,West,OR,Furniture,Nimbus Chair,Online,4,345.07,1380.27,811.8,187.07,83.15
100360,2024-12-11,Midwest,IL,Furniture,Nimbus Chair,Retail,3,317.69,953.07,557.17,149.14,32.72
100225,2024-12-11,Northeast,PA,Lighting,Halo Monitor Arm,Online,4,91.76,367.06,194.87,51.74,12.1
100226,2024-12-11,Northeast,MA,Lighting,Aria Desk Lamp,Online,3,65.37,196.1,104.94,22.4,12.39
100393,2024-12-11,South,TX,Lighting,Aria Desk Lamp,Online,4,72.19,288.75,151.93,35.01,10.09
100369,2024-12-11,South,TX,Lighting,Aria Desk Lamp,Online,2,65.99,131.98,72.04,19.51,9.08
100370,2024-12-11,South,GA,Furniture,Aster Bookcase,Retail,3,403.21,1209.62,730.48,162.61,45.16
100305,2024-12-11,West,WA,Storage,Vault Cabinet,Retail,1,253.84,253.84,148.49,26.13,11.72
100259,2024-12-11,Northeast,PA,Lighting,Aria Desk Lamp,Online,2,72.16,144.32,79.34,16.05,6.07
100277,2024-12-11,West,WA,Furniture,Drift Side Table,Online,5,155.61,778.05,479.64,97.23,29.26
100425,2024-12-12,Southeast,NC,Storage,Cascade Shelf,Retail,5,190.01,950.06,551.43,100.75,53.54
100322,2024-12-12,West,CA,Lighting,Ember Floor Lamp,Wholesale,5,108.18,540.9,292.62,56.58,20.44
100440,2024-12-12,Southwest,OK,Lighting,Ember Floor Lamp,Online,3,107.98,323.94,168.13,33.34,9.93
100314,2024-12-12,West,CA,Furniture,Nimbus Chair,Wholesale,1,313.68,313.68,188.1,41.69,12.11
100238,2024-12-12,Northeast,NY,Furniture,Drift Side Table,Online,4,146.13,584.53,375.58,89.77,17.79
100355,2024-12-12,Midwest,MI,Lighting,Halo Monitor Arm,Online,3,87.39,262.17,131.95,27.23,15.91
100351,2024-12-13,Midwest,IL,Furniture,Nimbus Chair,Retail,1,340.33,340.33,199.06,45.44,14.06
100333,2024-12-13,Midwest,OH,Storage,Vault Cabinet,Retail,5,249.37,1246.85,733.09,158.15,57.29
100356,2024-12-13,Midwest,OH,Furniture,Drift Side Table,Wholesale,2,145.88,291.76,186.49,45.62,16.47
100423,2024-12-13,Southeast,SC,Storage,Vault Cabinet,Online,3,256.08,768.23,470.92,78.13,45.8
100300,2024-12-13,West,NV,Lighting,Aria Desk Lamp,Wholesale,4,71.26,285.03,143.72,38.01,11.94
100363,2024-12-13,Midwest,MI,Lighting,Aria Desk Lamp,Wholesale,5,65.11,325.55,173.44,35.47,16.71
100331,2024-12-13,Midwest,MI,Storage,Cascade Shelf,Wholesale,5,180.83,904.16,521.45,140.7,41.39
100362,2024-12-14,Midwest,WI,Furniture,Aster Bookcase,Online,4,411.89,1647.56,978.49,263.32,74.41
100392,2024-12-15,South,AL,Storage,Cascade Shelf,Online,2,178.1,356.2,195.78,53.29,19.8
100260,2024-12-15,Northeast,NY,Furniture,Drift Side Table,Retail,2,141.52,283.05,179.17,32.78,12.51
100348,2024-12-15,Midwest,OH,Lighting,Aria Desk Lamp,Wholesale,4,69.37,277.46,150.09,29.0,16.53
100378,2024-12-15,South,AL,Furniture,Aster Bookcase,Online,5,421.61,2108.04,1238.68,242.92,82.64
100396,2024-12-15,South,TN,Storage,Vault Cabinet,Wholesale,4,271.02,1084.09,594.08,164.8,48.34
100271,2024-12-15,Northeast,MA,Lighting,Ember Floor Lamp,Online,2,113.72,227.43,118.3,24.81,10.02
100424,2024-12-15,Southeast,SC,Storage,Loop Bin Set,Retail,1,52.07,52.07,28.64,7.81,2.65
100301,2024-12-16,West,WA,Furniture,Drift Side Table,Wholesale,5,150.6,753.02,468.97,97.31,25.82
100344,2024-12-16,Midwest,MI,Furniture,Drift Side Table,Wholesale,5,152.78,763.92,483.53,100.46,42.86
100279,2024-12-16,West,CA,Furniture,Aster Bookcase,Wholesale,5,429.4,2146.98,1302.4,262.15,110.54
100316,2024-12-16,West,OR,Storage,Cascade Shelf,Retail,4,185.51,742.05,405.42,116.86,39.64
100245,2024-12-16,Northeast,NY,Lighting,Ember Floor Lamp,Retail,4,112.48,449.9,240.68,47.02,26.63
100324,2024-12-16,West,CA,Lighting,Ember Floor Lamp,Wholesale,1,110.7,110.7,56.92,17.33,7.53
100325,2024-12-16,West,CA,Furniture,Aster Bookcase,Wholesale,4,413.84,1655.38,982.51,226.54,65.06
100354,2024-12-16,Midwest,OH,Storage,Loop Bin Set,Retail,4,55.82,223.26,127.5,22.94,13.73
100376,2024-12-17,South,GA,Furniture,Nimbus Chair,Retail,5,335.7,1678.51,1066.77,263.34,56.5
100251,2024-12-17,Northeast,MA,Furniture,Nimbus Chair,Online,1,332.6,332.6,197.3,42.06,15.49
100439,2024-12-17,Southwest,NM,Lighting,Ember Floor Lamp,Wholesale,1,114.31,114.31,62.07,12.18,5.17
100444,2024-12-17,Southwest,OK,Lighting,Halo Monitor Arm,Retail,5,91.75,458.77,238.67,70.77,17.15
100326,2024-12-17,West,WA,Lighting,Aria Desk Lamp,Wholesale,2,72.44,144.88,77.8,16.84,7.21
100353,2024-12-17,Midwest,MI,Lighting,Aria Desk Lamp,Wholesale,3,66.54,199.63,100.34,25.37,9.68
100269,2024-12-17,Northeast,NJ,Furniture,Aster Bookcase,Retail,4,432.1,1728.39,1019.89,201.45,80.49
100418,2024-12-17,Southeast,FL,Lighting,Ember Floor Lamp,Online,4,112.12,448.47,220.3,53.7,22.34
100339,2024-12-17,Midwest,WI,Furniture,Nimbus Chair,Retail,5,313.42,1567.09,914.72,209.03,79.12
100338,2024-12-18,Midwest,MI,Lighting,Halo Monitor Arm,Online,5,87.21,436.05,239.59,50.07,17.44
100399,2024-12-18,South,TX,Lighting,Ember Floor Lamp,Online,2,114.48,228.96,125.23,33.36,15.32
100377,2024-12-19,South,GA,Furniture,Drift Side Table,Retail,2,145.16,290.33,181.53,34.51,10.35
100345,2024-12-19,Midwest,WI,Storage,Vault Cabinet,Online,1,257.67,257.67,148.47,36.21,16.4
100381,2024-12-19,South,TN,Storage,Vault Cabinet,Wholesale,1,268.92,268.92,155.89,36.85,9.7
100373,2024-12-19,South,AL,Furniture,Aster Bookcase,Retail,3,398.05,1194.14,768.96,141.59,62.05
100278,2024-12-19,West,CA,Storage,Loop Bin Set,Online,2,56.25,112.5,66.45,13.54,6.32
100234,2024-12-19,Northeast,NJ,Lighting,Aria Desk Lamp,Wholesale,5,73.31,366.54,185.32,43.71,19.02
100243,2024-12-19,Northeast,NJ,Furniture,Nimbus Chair,Online,5,342.51,1712.54,1000.34,266.3,116.58
100429,2024-12-19,Southeast,SC,Lighting,Ember Floor Lamp,Online,2,111.09,222.19,112.27,24.72,7.03
100286,2024-12-19,West,OR,Furniture,Nimbus Chair,Retail,2,344.44,688.88,417.25,81.25,21.76
100441,2024-12-19,Southwest,AZ,Lighting,Aria Desk Lamp,Wholesale,1,70.83,70.83,37.24,7.74,2.99
100426,2024-12-20,Southeast,FL,Furniture,Drift Side Table,Online,3,138.78,416.33,261.84,61.29,13.44
100318,2024-12-20,West,WA,Lighting,Ember Floor Lamp,Online,2,120.52,241.04,122.24,31.96,12.05
100321,2024-12-20,West,NV,Lighting,Aria Desk Lamp,Retail,5,64.74,323.7,174.92,42.96,17.74
100329,2024-12-20,Midwest,IL,Lighting,Ember Floor Lamp,Retail,3,112.64,337.92,182.53,37.81,19.82
100228,2024-12-21,Northeast,MA,Lighting,Ember Floor Lamp,Retail,4,107.45,429.78,234.79,55.7,20.94
100280,2024-12-21,West,WA,Furniture,Aster Bookcase,Online,1,409.16,409.16,244.45,47.35,22.54
100375,2024-12-21,South,TN,Furniture,Nimbus Chair,Wholesale,4,307.51,1230.06,727.01,128.87,73.84
100320,2024-12-21,West,OR,Lighting,Halo Monitor Arm,Retail,4,93.19,372.76,191.42,38.2,12.67
100328,2024-12-21,Midwest,IL,Lighting,Ember Floor Lamp,Online,3,111.39,334.16,165.06,43.37,21.89
100422,2024-12-21,Southeast,SC,Storage,Cascade Shelf,Wholesale,2,191.27,382.54,213.96,53.98,19.88
100368,2024-12-21,Midwest,WI,Furniture,Nimbus Chair,Wholesale,2,337.21,674.42,400.76,98.87,24.22
100272,2024-12-21,Northeast,NJ,Lighting,Halo Monitor Arm,Online,3,94.08,282.25,151.78,44.61,17.93
100337,2024-12-21,Midwest,MI,Furniture,Aster Bookcase,Retail,2,435.91,871.82,533.25,129.67,50.9
100361,2024-12-21,Midwest,MI,Furniture,Nimbus Chair,Retail,1,344.82,344.82,226.27,36.31,23.79
100352,2024-12-21,Midwest,MI,Lighting,Aria Desk Lamp,Online,3,72.76,218.29,107.44,34.35,15.11
100332,2024-12-22,Midwest,OH,Lighting,Halo Monitor Arm,Wholesale,1,87.16,87.16,44.75,10.0,4.33
100232,2024-12-22,Northeast,MA,Storage,Loop Bin Set,Online,2,53.31,106.63,62.46,17.02,7.42
100235,2024-12-22,Northeast,PA,Lighting,Aria Desk Lamp,Online,3,70.23,210.68,107.37,25.25,7.39
100357,2024-12-22,Midwest,MI,Lighting,Aria Desk Lamp,Online,4,68.65,274.59,139.66,29.18,12.79
100296,2024-12-22,West,WA,Furniture,Drift Side Table,Online,3,146.46,439.39,264.28,53.56,15.82
100263,2024-12-22,Northeast,NJ,Storage,Cascade Shelf,Retail,4,187.62,750.49,427.01,82.38,38.1
100366,2024-12-23,Midwest,WI,Lighting,Halo Monitor Arm,Retail,3,86.95,260.86,138.36,33.47,11.18
100421,2024-12-23,Southeast,NC,Furniture,Aster Bookcase,Retail,5,398.2,1990.99,1161.85,308.45,95.96
100432,2024-12-23,Southwest,OK,Lighting,Halo Monitor Arm,Online,4,84.63,338.51,182.21,46.44,14.23
100404,2024-12-23,Southeast,NC,Furniture,Drift Side Table,Online,5,143.12,715.6,464.88,95.73,47.78
100267,2024-12-23,Northeast,NJ,Lighting,Ember Floor Lamp,Wholesale,2,117.67,235.34,128.18,29.67,14.28
100240,2024-12-24,Northeast,MA,Storage,Loop Bin Set,Retail,3,53.41,160.22,89.85,16.46,7.06
100372,2024-12-24,South,TX,Lighting,Halo Monitor Arm,Online,5,91.65,458.25,241.33,47.65,18.17
100249,2024-12-24,Northeast,NJ,Lighting,Ember Floor Lamp,Retail,2,107.44,214.87,108.85,25.81,13.71
100302,2024-12-24,West,CA,Furniture,Aster Bookcase,Wholesale,3,393.09,1179.27,704.65,172.08,39.95
100433,2024-12-25,Southwest,NM,Furniture,Aster Bookcase,Online,5,412.91,2064.55,1266.12,274.92,97.64
100413,2024-12-25,Southeast,VA,Furniture,Drift Side Table,Wholesale,3,139.1,417.3,260.16,57.17,17.39
100435,2024-12-25,Southwest,AZ,Lighting,Aria Desk Lamp,Retail,4,70.58,282.32,146.78,38.2,8.5
100414,2024-12-25,Southeast,NC,Furniture,Nimbus Chair,Online,4,308.23,1232.94,719.7,155.4,71.89
100347,2024-12-25,Midwest,IL,Lighting,Aria Desk Lamp,Online,2,65.8,131.59,69.56,15.93,5.09
100394,2024-12-25,South,AL,Furniture,Drift Side Table,Online,2,139.07,278.15,168.56,44.21,19.07
100309,2024-12-25,West,CA,Lighting,Halo Monitor Arm,Online,3,88.81,266.43,133.44,32.61,18.05
100335,2024-12-25,Midwest,MI,Storage,Cascade Shelf,Online,1,184.63,184.63,103.73,25.9,7.42
100334,2024-12-25,Midwest,WI,Lighting,Aria Desk Lamp,Retail,3,69.03,207.09,110.86,24.95,12.84
100397,2024-12-26,South,GA,Furniture,Nimbus Chair,Online,3,342.98,1028.94,612.97,106.46,34.18
100389,2024-12-26,South,GA,Lighting,Halo Monitor Arm,Retail,4,86.4,345.58,174.8,37.92,14.96
100367,2024-12-26,Midwest,IL,Furniture,Aster Bookcase,Wholesale,2,390.1,780.19,502.0,85.91,32.26
100330,2024-12-26,Midwest,WI,Storage,Loop Bin Set,Online,3,57.36,172.07,102.55,25.45,9.74
100303,2024-12-27,West,OR,Storage,Loop Bin Set,Retail,4,51.78,207.13,123.85,31.01,12.17
100412,2024-12-27,Southeast,VA,Furniture,Nimbus Chair,Online,5,317.28,1586.39,1009.37,163.15,51.52
100374,2024-12-27,South,AL,Lighting,Aria Desk Lamp,Online,3,70.39,211.17,104.51,31.62,11.35
100349,2024-12-27,Midwest,OH,Storage,Loop Bin Set,Retail,5,55.37,276.85,164.03,40.48,19.36
100401,2024-12-27,Southeast,SC,Lighting,Ember Floor Lamp,Online,4,114.99,459.97,235.02,46.36,18.96
100270,2024-12-27,Northeast,MA,Furniture,Drift Side Table,Online,3,142.75,428.25,277.6,49.77,28.16
100239,2024-12-28,Northeast,NY,Furniture,Drift Side Table,Online,5,148.11,740.54,467.95,106.26,39.97
100294,2024-12-28,West,WA,Furniture,Drift Side Table,Wholesale,3,145.78,437.35,271.18,69.69,15.75
100371,2024-12-29,South,TN,Lighting,Aria Desk Lamp,Wholesale,4,65.73,262.93,141.97,36.61,15.36
100385,2024-12-29,South,TX,Lighting,Aria Desk Lamp,Online,4,71.33,285.31,147.54,37.89,19.05
100246,2024-12-29,Northeast,NJ,Storage,Vault Cabinet,Online,3,264.23,792.7,472.63,96.82,29.32
100268,2024-12-29,Northeast,NJ,Storage,Loop Bin Set,Online,2,57.82,115.65,69.25,12.21,6.51
100327,2024-12-29,Midwest,WI,Storage,Vault Cabinet,Wholesale,5,277.49,1387.46,778.49,216.32,73.33
100218,2024-12-29,Northeast,PA,Storage,Vault Cabinet,Retail,4,268.48,1073.93,621.1,136.36,59.73
100223,2024-12-30,Northeast,PA,Furniture,Aster Bookcase,Online,2,434.38,868.76,561.67,90.93,52.65
100262,2024-12-30,Northeast,NY,Furniture,Aster Bookcase,Online,1,415.86,415.86,265.48,44.85,25.9
100409,2024-12-30,Southeast,FL,Storage,Cascade Shelf,Online,3,183.48,550.44,325.56,56.15,22.58
100297,2024-12-30,West,NV,Storage,Cascade Shelf,Retail,4,174.13,696.52,391.26,75.95,21.14
100308,2024-12-30,West,OR,Furniture,Nimbus Chair,Retail,4,338.42,1353.69,823.03,171.61,87.4
100282,2024-12-31,West,OR,Storage,Loop Bin Set,Online,4,51.71,206.85,126.98,26.37,6.97
100343,2024-12-31,Midwest,IL,Storage,Cascade Shelf,Retail,2,175.37,350.74,196.72,50.31,22.27
100219,2024-12-31,Northeast,PA,Furniture,Nimbus Chair,Online,5,337.77,1688.84,1001.98,267.41,111.66
100287,2024-12-31,West,NV,Lighting,Halo Monitor Arm,Retail,1,84.61,84.61,45.35,10.86,4.18
100319,2024-12-31,West,CA,Lighting,Ember Floor Lamp,Retail,5,110.55,552.76,279.24,70.66,17.27
100258,2024-12-31,Northeast,NJ,Furniture,Drift Side Table,Retail,3,155.28,465.85,280.47,60.69,29.99
100437,2024-12-31,Southwest,OK,Furniture,Aster Bookcase,Retail,3,389.53,1168.6,730.37,151.68,72.92
100299,2024-12-31,West,WA,Furniture,Drift Side Table,Wholesale,1,148.97,148.97,88.92,16.0,7.78
100307,2024-12-31,West,NV,Lighting,Ember Floor Lamp,Retail,1,110.38,110.38,58.63,11.64,5.93
100600,2025-01-01,Southeast,FL,Lighting,Ember Floor Lamp,Online,3,120.1,360.29,181.42,46.85,18.6
100541,2025-01-01,Midwest,IL,Furniture,Aster Bookcase,Online,3,432.76,1298.27,811.55,148.08,76.87
100537,2025-01-01,Midwest,MI,Furniture,Drift Side Table,Wholesale,3,144.24,432.72,268.94,63.99,17.46
100584,2025-01-01,South,GA,Storage,Vault Cabinet,Online,4,280.7,1122.78,647.55,169.98,66.41
100498,2025-01-01,West,CA,Storage,Vault Cabinet,Online,3,249.73,749.18,409.19,79.2,36.06
100459,2025-01-01,Northeast,NY,Lighting,Aria Desk Lamp,Retail,2,65.07,130.14,67.07,16.82,4.86
100603,2025-01-01,Southwest,OK,Furniture,Drift Side Table,Online,1,140.07,140.07,86.06,16.32,6.61
100517,2025-01-02,West,CA,Furniture,Nimbus Chair,Online,2,323.74,647.47,410.6,81.65,30.19
100610,2025-01-02,Southwest,AZ,Lighting,Halo Monitor Arm,Retail,2,92.56,185.11,96.33,28.38,11.42
100564,2025-01-02,South,TN,Storage,Loop Bin Set,Retail,5,56.45,282.24,167.26,32.19,14.69
100612,2025-01-02,Southwest,NM,Lighting,Halo Monitor Arm,Retail,2,85.95,171.89,94.11,20.53,10.76
100458,2025-01-02,Northeast,MA,Lighting,Ember Floor Lamp,Online,2,115.29,230.59,124.09,35.21,9.89
100486,2025-01-02,Northeast,MA,Lighting,Ember Floor Lamp,Online,5,115.43,577.14,286.91,64.37,20.62
100476,2025-01-03,Northeast,MA,Furniture,Aster Bookcase,Online,3,410.3,1230.9,780.18,185.2,74.77
100480,2025-01-03,Northeast,MA,Lighting,Halo Monitor Arm,Online,4,92.71,370.85,191.08,43.26,16.57
100462,2025-01-03,Northeast,NY,Furniture,Drift Side Table,Online,3,150.65,451.95,274.54,63.37,21.5
100490,2025-01-03,Northeast,NJ,Lighting,Aria Desk Lamp,Online,3,71.93,215.78,112.63,29.17,10.88
100594,2025-01-03,Southeast,SC,Lighting,Aria Desk Lamp,Retail,3,67.01,201.03,100.95,28.66,11.21
100495,2025-01-03,Northeast,NY,Furniture,Drift Side Table,Online,3,140.73,422.19,276.01,45.89,21.48
100545,2025-01-03,Midwest,IL,Lighting,Aria Desk Lamp,Retail,2,65.65,131.3,69.02,14.47,7.74
100465,2025-01-04,Northeast,NJ,Storage,Loop Bin Set,Retail,5,53.05,265.24,161.89,40.96,14.04
100467,2025-01-04,Northeast,PA,Furniture,Nimbus Chair,Online,5,325.25,1626.24,978.04,248.14,68.92
100506,2025-01-04,West,WA,Storage,Cascade Shelf,Wholesale,5,177.86,889.29,534.36,140.52,51.71
100508,2025-01-04,West,CA,Furniture,Drift Side Table,Online,4,145.66,582.64,357.19,80.96,30.86
100602,2025-01-04,Southeast,NC,Furniture,Aster Bookcase,Retail,4,437.95,1751.79,1109.87,252.97,75.83
100547,2025-01-05,Midwest,MI,Storage,Vault Cabinet,Retail,2,252.21,504.43,282.07,73.45,25.6
100468,2025-01-05,Northeast,NJ,Furniture,Aster Bookcase,Retail,1,416.76,416.76,257.29,50.27,16.86
100529,2025-01-05,West,WA,Lighting,Halo Monitor Arm,Wholesale,4,93.61,374.44,194.91,53.58,15.18
100611,2025-01-05,Southwest,OK,Lighting,Halo Monitor Arm,Wholesale,2,86.63,173.26,90.88,26.47,6.04
100481,2025-01-05,Northeast,MA,Furniture,Drift Side Table,Wholesale,4,141.89,567.58,360.61,59.53,27.7
100526,2025-01-06,West,NV,Lighting,Aria Desk Lamp,Online,1,70.6,70.6,37.52,7.83,2.16
100578,2025-01-06,South,TX,Lighting,Ember Floor Lamp,Retail,1,111.36,111.36,55.97,12.48,3.34
100492,2025-01-07,Northeast,NJ,Furniture,Aster Bookcase,Online,1,421.92,421.92,252.48,44.5,27.44
100567,2025-01-07,South,TX,Storage,Cascade Shelf,Online,2,187.98,375.96,222.85,37.63,21.44
100445,2025-01-07,Northeast,MA,Storage,Loop Bin Set,Wholesale,5,54.69,273.45,163.59,29.65,11.56
100596,2025-01-07,Southeast,SC,Lighting,Halo Monitor Arm,Wholesale,2,96.09,192.19,105.54,29.23,8.22
100589,2025-01-08,Southeast,NC,Lighting,Ember Floor Lamp,Wholesale,1,111.3,111.3,58.61,13.87,4.75
100536,2025-01-08,Midwest,MI,Lighting,Ember Floor Lamp,Retail,3,116.42,349.25,192.45,42.27,10.65
100592,2025-01-08,Southeast,SC,Lighting,Halo Monitor Arm,Online,5,85.83,429.16,219.52,55.34,28.74
100450,2025-01-08,Northeast,NY,Furniture,Drift Side Table,Online,1,142.4,142.4,89.94,17.04,7.78
100457,2025-01-08,Northeast,MA,Storage,Vault Cabinet,Online,5,269.97,1349.83,755.77,145.4,61.01
100475,2025-01-08,Northeast,NJ,Furniture,Drift Side Table,Wholesale,4,149.62,598.47,374.07,64.79,31.46
100550,2025-01-08,Midwest,IL,Furniture,Drift Side Table,Retail,2,138.74,277.47,167.02,40.65,14.26
100530,2025-01-09,West,WA,Storage,Cascade Shelf,Wholesale,1,175.58,175.58,97.56,19.53,9.0
100552,2025-01-09,Midwest,IL,Furniture,Drift Side Table,Online,1,140.35,140.35,85.01,21.63,8.88
100449,2025-01-09,Northeast,NY,Storage,Cascade Shelf,Online,5,181.26,906.28,525.72,102.59,61.1
100500,2025-01-09,West,WA,Lighting,Ember Floor Lamp,Retail,1,108.75,108.75,54.33,16.94,3.45
100488,2025-01-09,Northeast,MA,Storage,Cascade Shelf,Wholesale,3,182.1,546.31,312.9,64.63,27.72
100474,2025-01-09,Northeast,NY,Storage,Vault Cabinet,Online,3,256.24,768.73,435.83,85.09,23.68
100491,2025-01-09,Northeast,PA,Furniture,Drift Side Table,Online,3,142.72,428.15,265.38,45.21,14.1
100509,2025-01-10,West,OR,Furniture,Aster Bookcase,Online,3,409.19,1227.58,743.71,162.54,82.16
100614,2025-01-10,Southwest,OK,Lighting,Aria Desk Lamp,Retail,2,66.51,133.02,67.4,19.35,7.34
100532,2025-01-10,West,WA,Furniture,Drift Side Table,Retail,5,150.68,753.39,484.79,111.19,45.41
100470,2025-01-10,Northeast,PA,Storage,Loop Bin Set,Retail,3,53.67,161.0,98.31,25.39,9.21
100513,2025-01-11,West,NV,Furniture,Drift Side Table,Retail,5,152.28,761.4,458.92,103.07,49.19
100588,2025-01-11,Southeast,FL,Furniture,Aster Bookcase,Retail,2,420.97,841.93,518.66,111.63,34.26
100452,2025-01-11,Northeast,PA,Furniture,Aster Bookcase,Retail,3,434.03,1302.1,844.62,182.75,72.54
100460,2025-01-11,Northeast,MA,Furniture,Drift Side Table,Retail,2,155.7,311.4,182.39,42.36,10.49
100511,2025-01-11,West,OR,Furniture,Nimbus Chair,Retail,2,328.59,657.18,427.26,77.35,37.03
100451,2025-01-11,Northeast,NY,Storage,Loop Bin Set,Online,4,56.18,224.7,127.52,35.47,12.33
100585,2025-01-12,Southeast,SC,Furniture,Drift Side Table,Online,4,153.86,615.43,377.0,79.21,31.38
100577,2025-01-12,South,GA,Storage,Loop Bin Set,Online,2,52.67,105.34,60.71,12.59,4.3
100553,2025-01-12,Midwest,IL,Furniture,Aster Bookcase,Wholesale,3,419.74,1259.22,761.64,148.72,39.84
100477,2025-01-12,Northeast,PA,Lighting,Aria Desk Lamp,Retail,3,64.87,194.62,98.42,23.29,13.12
100601,2025-01-12,Southeast,SC,Lighting,Halo Monitor Arm,Retail,4,87.73,350.91,180.53,43.56,13.04
100590,2025-01-12,Southeast,SC,Storage,Cascade Shelf,Wholesale,2,176.54,353.08,209.25,36.36,12.45
100591,2025-01-12,Southeast,NC,Lighting,Halo Monitor Arm,Wholesale,2,87.16,174.32,85.99,17.81,8.32
100566,2025-01-13,South,AL,Furniture,Nimbus Chair,Online,2,306.02,612.05,379.17,74.26,25.09
100581,2025-01-13,South,GA,Lighting,Halo Monitor Arm,Wholesale,1,92.49,92.49,45.69,12.46,4.29
100568,2025-01-13,South,TX,Furniture,Nimbus Chair,Retail,4,336.02,1344.09,853.71,214.26,53.37
100604,2025-01-14,Southwest,AZ,Furniture,Nimbus Chair,Retail,2,309.74,619.47,396.77,69.44,36.71
100570,2025-01-14,South,AL,Furniture,Nimbus Chair,Online,5,310.77,1553.85,927.62,231.96,51.53
100485,2025-01-14,Northeast,MA,Furniture,Drift Side Table,Wholesale,5,153.76,768.81,456.21,107.48,38.93
100497,2025-01-14,West,CA,Lighting,Aria Desk Lamp,Online,2,67.89,135.78,70.32,21.65,9.48
100502,2025-01-14,West,OR,Furniture,Drift Side Table,Wholesale,5,152.76,763.82,482.83,98.38,50.57
100542,2025-01-14,Midwest,WI,Storage,Loop Bin Set,Retail,4,57.46,229.83,128.23,23.93,12.93
100455,2025-01-14,Northeast,NJ,Storage,Cascade Shelf,Online,2,180.11,360.22,203.85,40.56,15.26
100505,2025-01-14,West,NV,Furniture,Drift Side Table,Retail,2,144.66,289.33,183.02,38.43,13.87
100548,2025-01-14,Midwest,WI,Lighting,Aria Desk Lamp,Online,2,68.48,136.96,68.29,20.09,8.48
100446,2025-01-14,Northeast,MA,Lighting,Aria Desk Lamp,Wholesale,2,68.02,136.04,72.82,14.21,8.25
100466,2025-01-15,Northeast,PA,Lighting,Ember Floor Lamp,Online,1,120.6,120.6,64.94,15.25,4.64
100448,2025-01-15,Northeast,NY,Furniture,Drift Side Table,Wholesale,5,143.93,719.67,421.8,115.05,46.62
100510,2025-01-15,West,CA,Lighting,Aria Desk Lamp,Online,4,65.25,260.99,140.03,39.19,9.78
100469,2025-01-15,Northeast,MA,Furniture,Nimbus Chair,Wholesale,5,310.87,1554.34,916.09,178.63,50.26
100587,2025-01-15,Southeast,FL,Lighting,Halo Monitor Arm,Wholesale,1,88.56,88.56,46.67,13.64,4.67
100531,2025-01-16,West,NV,Storage,Loop Bin Set,Retail,1,51.51,51.51,29.08,8.12,3.37
100565,2025-01-16,South,TN,Storage,Vault Cabinet,Retail,2,269.1,538.21,296.81,75.33,34.78
100487,2025-01-16,Northeast,PA,Storage,Loop Bin Set,Online,4,55.02,220.09,132.45,33.65,11.42
100494,2025-01-17,Northeast,NY,Storage,Loop Bin Set,Online,1,54.08,54.08,32.1,6.3,2.37
100543,2025-01-17,Midwest,OH,Furniture,Drift Side Table,Wholesale,5,150.79,753.93,466.66,108.94,29.94
100607,2025-01-17,Southwest,OK,Lighting,Ember Floor Lamp,Online,4,112.71,450.84,236.81,59.13,23.52
100605,2025-01-17,Southwest,NM,Storage,Cascade Shelf,Wholesale,1,173.03,173.03,101.93,17.54,7.12
100519,2025-01-17,West,NV,Lighting,Aria Desk Lamp,Online,2,69.23,138.46,71.1,19.15,5.53
100484,2025-01-17,Northeast,NJ,Storage,Cascade Shelf,Retail,1,180.79,180.79,107.54,23.11,12.47
100482,2025-01-18,Northeast,MA,Furniture,Aster Bookcase,Wholesale,4,407.82,1631.28,1019.14,188.32,89.4
100598,2025-01-18,Southeast,VA,Furniture,Aster Bookcase,Wholesale,1,415.04,415.04,255.37,46.7,13.22
100464,2025-01-18,Northeast,PA,Storage,Loop Bin Set,Retail,5,54.64,273.18,165.12,34.39,17.15
100478,2025-01-18,Northeast,MA,Lighting,Halo Monitor Arm,Online,3,91.73,275.2,139.5,34.78,15.8
100463,2025-01-18,Northeast,NJ,Lighting,Ember Floor Lamp,Wholesale,5,117.44,587.21,318.25,88.05,34.77
100461,2025-01-19,Northeast,NY,Lighting,Aria Desk Lamp,Online,4,68.34,273.38,134.05,34.39,17.86
100544,2025-01-19,Midwest,IL,Lighting,Ember Floor Lamp,Retail,4,120.65,482.61,250.21,65.31,17.31
100608,2025-01-19,Southwest,AZ,Furniture,Drift Side Table,Online,4,145.05,580.22,363.92,79.0,25.3
100514,2025-01-19,West,NV,Furniture,Drift Side Table,Wholesale,3,155.68,467.03,285.57,74.63,16.86
100563,2025-01-20,South,AL,Furniture,Nimbus Chair,Online,2,321.94,643.88,387.0,67.66,29.97
100559,2025-01-20,Midwest,OH,Lighting,Ember Floor Lamp,Wholesale,4,109.92,439.66,236.19,46.92,18.26
100551,2025-01-20,Midwest,IL,Furniture,Nimbus Chair,Online,1,325.24,325.24,204.4,36.98,17.46
100471,2025-01-20,Northeast,NY,Storage,Vault Cabinet,Retail,4,263.61,1054.42,630.5,166.29,35.22
100515,2025-01-20,West,OR,Lighting,Ember Floor Lamp,Wholesale,3,118.03,354.08,186.92,44.49,17.85
100580,2025-01-21,South,GA,Storage,Vault Cabinet,Online,5,251.27,1256.33,761.03,192.12,43.09
100496,2025-01-21,Northeast,NY,Furniture,Drift Side Table,Online,1,141.56,141.56,87.7,19.69,4.74
100556,2025-01-21,Midwest,OH,Lighting,Aria Desk Lamp,Online,1,71.89,71.89,36.61,11.37,2.66
100522,2025-01-21,West,CA,Lighting,Halo Monitor Arm,Wholesale,3,95.18,285.54,141.96,29.75,14.2
100507,2025-01-21,West,WA,Furniture,Drift Side Table,Wholesale,3,139.99,419.97,266.48,64.93,15.64
100579,2025-01-22,South,AL,Lighting,Halo Monitor Arm,Wholesale,1,87.71,87.71,44.05,10.4,4.26
100504,2025-01-22,West,CA,Furniture,Nimbus Chair,Wholesale,5,322.4,1612.02,1050.38,207.68,65.11
100582,2025-01-22,South,TX,Storage,Loop Bin Set,Online,2,57.44,114.88,65.08,11.73,4.74
100583,2025-01-22,South,TX,Lighting,Ember Floor Lamp,Online,1,108.02,108.02,58.7,16.92,3.44
100528,2025-01-22,West,CA,Storage,Loop Bin Set,Wholesale,1,56.44,56.44,31.45,6.95,3.65
100472,2025-01-22,Northeast,NJ,Storage,Cascade Shelf,Retail,5,176.29,881.46,539.48,94.91,38.75
100527,2025-01-23,West,OR,Furniture,Drift Side Table,Wholesale,1,141.87,141.87,84.54,18.93,5.71
100599,2025-01-23,Southeast,SC,Lighting,Halo Monitor Arm,Online,5,92.99,464.96,239.93,62.65,23.57
100518,2025-01-23,West,OR,Furniture,Drift Side Table,Retail,3,146.01,438.02,255.48,67.66,14.39
100454,2025-01-23,Northeast,NY,Furniture,Nimbus Chair,Online,5,326.23,1631.15,1049.64,180.38,52.31
100493,2025-01-24,Northeast,PA,Furniture,Nimbus Chair,Wholesale,3,343.9,1031.69,606.56,139.9,71.77
100453,2025-01-24,Northeast,MA,Furniture,Nimbus Chair,Retail,1,344.15,344.15,215.65,35.69,21.64
100576,2025-01-24,South,TN,Lighting,Halo Monitor Arm,Wholesale,3,87.04,261.13,142.3,27.83,14.34
100535,2025-01-24,Midwest,MI,Lighting,Aria Desk Lamp,Online,1,65.18,65.18,35.15,8.09,3.12
100562,2025-01-24,South,TN,Furniture,Aster Bookcase,Online,1,429.81,429.81,266.99,65.61,14.99
100561,2025-01-24,South,TN,Storage,Cascade Shelf,Retail,4,171.44,685.76,395.85,73.95,31.48
100560,2025-01-24,Midwest,IL,Lighting,Ember Floor Lamp,Wholesale,3,118.78,356.35,180.22,43.28,17.52
100516,2025-01-24,West,OR,Lighting,Halo Monitor Arm,Wholesale,1,90.37,90.37,48.66,11.15,4.62
100525,2025-01-24,West,OR,Furniture,Aster Bookcase,Online,1,413.42,413.42,251.91,52.49,14.28
100546,2025-01-25,Midwest,OH,Furniture,Aster Bookcase,Retail,5,390.9,1954.48,1171.8,250.75,124.46
100595,2025-01-25,Southeast,FL,Furniture,Drift Side Table,Online,1,146.17,146.17,89.87,15.34,6.0
100615,2025-01-25,Southwest,NM,Storage,Cascade Shelf,Online,2,185.77,371.53,221.29,51.23,13.94
100575,2025-01-26,South,GA,Storage,Vault Cabinet,Retail,2,269.82,539.64,304.98,58.37,28.05
100483,2025-01-26,Northeast,NY,Lighting,Aria Desk Lamp,Online,2,66.4,132.8,73.19,16.57,3.99
100503,2025-01-26,West,CA,Lighting,Aria Desk Lamp,Retail,2,70.26,140.52,72.13,16.69,8.98
100473,2025-01-26,Northeast,NY,Lighting,Aria Desk Lamp,Online,2,67.47,134.94,70.69,18.78,7.55
100538,2025-01-26,Midwest,WI,Storage,Cascade Shelf,Wholesale,1,185.5,185.5,112.16,22.97,11.68
100597,2025-01-26,Southeast,FL,Lighting,Halo Monitor Arm,Retail,1,92.47,92.47,46.78,14.55,3.94
100479,2025-01-27,Northeast,PA,Furniture,Aster Bookcase,Retail,4,404.58,1618.33,1021.74,220.88,110.64
100524,2025-01-27,West,CA,Furniture,Aster Bookcase,Wholesale,1,400.43,400.43,251.68,57.97,24.04
100606,2025-01-27,Southwest,NM,Lighting,Aria Desk Lamp,Wholesale,5,67.0,335.0,166.16,39.4,13.24
100609,2025-01-27,Southwest,NM,Storage,Cascade Shelf,Retail,5,173.55,867.76,533.48,98.49,35.77
100489,2025-01-27,Northeast,NJ,Lighting,Halo Monitor Arm,Online,4,89.53,358.12,182.78,55.64,13.71
100572,2025-01-27,South,TX,Lighting,Halo Monitor Arm,Wholesale,5,92.0,459.99,239.1,66.14,17.53
100456,2025-01-28,Northeast,MA,Furniture,Aster Bookcase,Online,2,393.92,787.84,510.7,81.49,30.34
100447,2025-01-28,Northeast,NJ,Storage,Vault Cabinet,Wholesale,3,271.42,814.26,466.06,105.08,49.81
100586,2025-01-28,Southeast,NC,Storage,Vault Cabinet,Online,5,262.02,1310.1,726.47,154.35,43.83
100558,2025-01-28,Midwest,IL,Furniture,Aster Bookcase,Retail,3,424.39,1273.17,820.48,201.43,61.58
100540,2025-01-28,Midwest,OH,Storage,Loop Bin Set,Online,1,57.9,57.9,34.95,6.03,1.78
100539,2025-01-28,Midwest,MI,Lighting,Aria Desk Lamp,Online,4,65.12,260.48,128.28,37.64,16.57
100520,2025-01-28,West,NV,Furniture,Aster Bookcase,Retail,3,418.09,1254.28,796.96,200.36,52.43
100523,2025-01-28,West,WA,Furniture,Drift Side Table,Wholesale,4,148.16,592.65,368.29,63.44,38.75
100555,2025-01-28,Midwest,MI,Furniture,Nimbus Chair,Retail,5,344.5,1722.52,1071.55,206.8,61.94
100557,2025-01-28,Midwest,IL,Furniture,Drift Side Table,Wholesale,1,150.16,150.16,97.63,17.53,8.4
100616,2025-01-29,Southwest,NM,Storage,Vault Cabinet,Wholesale,1,267.12,267.12,160.52,36.25,16.38
100554,2025-01-29,Midwest,OH,Furniture,Nimbus Chair,Online,5,341.94,1709.69,1044.92,221.17,89.23
100534,2025-01-29,Midwest,IL,Furniture,Nimbus Chair,Wholesale,4,309.4,1237.59,805.04,139.83,86.35
100593,2025-01-29,Southeast,VA,Lighting,Halo Monitor Arm,Online,3,96.0,287.99,149.78,37.5,19.26
100549,2025-01-29,Midwest,MI,Lighting,Halo Monitor Arm,Retail,1,87.71,87.71,47.9,10.75,5.7
100573,2025-01-29,South,GA,Furniture,Nimbus Chair,Online,5,322.08,1610.4,986.15,221.24,107.77
100521,2025-01-29,West,OR,Storage,Cascade Shelf,Wholesale,3,185.32,555.95,337.88,79.8,19.51
100499,2025-01-30,West,NV,Furniture,Nimbus Chair,Online,1,333.79,333.79,200.52,44.16,12.47
100512,2025-01-30,West,OR,Lighting,Halo Monitor Arm,Online,2,95.05,190.1,101.56,29.45,9.65
100533,2025-01-30,Midwest,WI,Storage,Cascade Shelf,Online,2,171.98,343.97,194.45,48.84,10.42
100501,2025-01-30,West,CA,Lighting,Aria Desk Lamp,Retail,3,66.82,200.45,107.0,22.71,7.56
100571,2025-01-30,South,AL,Lighting,Halo Monitor Arm,Wholesale,1,92.39,92.39,50.82,12.96,5.61
100574,2025-01-30,South,AL,Storage,Vault Cabinet,Online,4,270.66,1082.63,606.66,115.17,74.63
100613,2025-01-31,Southwest,NM,Lighting,Aria Desk Lamp,Online,4,72.74,290.95,145.14,33.91,18.97
100569,2025-01-31,South,AL,Furniture,Aster Bookcase,Retail,5,398.05,1990.25,1165.42,265.15,105.55
100686,2025-02-01,West,CA,Furniture,Drift Side Table,Online,4,154.24,616.97,377.93,90.79,33.11
100754,2025-02-02,South,AL,Furniture,Drift Side Table,Retail,3,145.89,437.67,262.41,44.49,13.8
100679,2025-02-02,West,CA,Storage,Vault Cabinet,Online,2,265.16,530.33,310.34,76.82,19.61
100703,2025-02-02,Midwest,OH,Lighting,Aria Desk Lamp,Wholesale,2,71.65,143.29,75.61,16.29,7.63
100661,2025-02-02,West,NV,Lighting,Halo Monitor Arm,Retail,2,84.69,169.38,85.91,18.81,6.99
100691,2025-02-02,West,NV,Lighting,Halo Monitor Arm,Online,3,90.92,272.76,143.91,38.26,13.14
100694,2025-02-02,West,CA,Lighting,Ember Floor Lamp,Wholesale,1,109.23,109.23,53.52,14.21,7.05
100786,2025-02-02,Southwest,OK,Furniture,Nimbus Chair,Wholesale,4,310.52,1242.09,738.0,175.77,62.39
100722,2025-02-03,Midwest,MI,Lighting,Halo Monitor Arm,Wholesale,1,85.87,85.87,44.76,13.26,4.84
100729,2025-02-03,South,TX,Furniture,Aster Bookcase,Wholesale,4,442.53,1770.1,1064.7,181.61,111.22
100709,2025-02-03,Midwest,IL,Furniture,Aster Bookcase,Retail,4,437.05,1748.18,1088.35,264.56,104.85
100759,2025-02-04,Southeast,SC,Lighting,Ember Floor Lamp,Retail,1,108.1,108.1,59.4,13.24,3.52
100672,2025-02-04,West,WA,Lighting,Halo Monitor Arm,Retail,2,95.87,191.74,98.65,22.77,8.25
100731,2025-02-04,South,TX,Lighting,Halo Monitor Arm,Retail,2,94.11,188.22,94.29,26.02,7.83
100704,2025-02-04,Midwest,OH,Furniture,Aster Bookcase,Wholesale,3,399.24,1197.72,750.68,145.67,49.76
100646,2025-02-04,Northeast,NJ,Furniture,Drift Side Table,Online,1,150.45,150.45,87.94,19.83,9.9
100678,2025-02-05,West,NV,Storage,Loop Bin Set,Wholesale,1,52.21,52.21,31.15,8.23,2.13
100728,2025-02-05,South,GA,Furniture,Aster Bookcase,Retail,2,403.93,807.86,524.27,126.41,31.33
100715,2025-02-05,Midwest,OH,Storage,Loop Bin Set,Wholesale,4,55.99,223.96,133.32,31.0,13.78
100670,2025-02-05,West,CA,Lighting,Halo Monitor Arm,Retail,4,87.51,350.03,189.2,39.6,20.26
100681,2025-02-05,West,NV,Furniture,Aster Bookcase,Wholesale,4,392.44,1569.77,931.38,205.8,53.16
100719,2025-02-05,Midwest,WI,Lighting,Halo Monitor Arm,Wholesale,2,93.18,186.37,93.92,24.53,7.26
100647,2025-02-05,Northeast,PA,Lighting,Ember Floor Lamp,Online,4,116.32,465.3,253.0,73.73,22.21
100696,2025-02-06,West,OR,Furniture,Aster Bookcase,Wholesale,4,427.7,1710.8,1034.55,221.33,93.32
100621,2025-02-06,Northeast,MA,Furniture,Drift Side Table,Online,2,140.78,281.56,177.36,31.36,18.8
100735,2025-02-06,South,AL,Furniture,Nimbus Chair,Online,5,326.01,1630.07,953.32,176.54,100.92
100727,2025-02-07,Midwest,IL,Furniture,Aster Bookcase,Retail,2,424.32,848.65,549.78,110.97,41.53
100740,2025-02-07,South,TN,Furniture,Drift Side Table,Wholesale,2,150.11,300.22,188.24,32.68,18.81
100628,2025-02-07,Northeast,NY,Furniture,Drift Side Table,Online,5,152.13,760.66,461.21,94.23,30.3
100640,2025-02-07,Northeast,NY,Lighting,Halo Monitor Arm,Online,5,90.34,451.68,227.19,68.01,24.78
100692,2025-02-07,West,OR,Furniture,Aster Bookcase,Online,1,408.17,408.17,264.57,48.23,17.68
100685,2025-02-07,West,CA,Storage,Vault Cabinet,Online,2,279.59,559.19,314.79,61.66,28.11
100636,2025-02-07,Northeast,MA,Furniture,Aster Bookcase,Wholesale,1,422.25,422.25,251.26,49.52,21.28
100695,2025-02-07,West,NV,Furniture,Nimbus Chair,Retail,1,344.86,344.86,220.28,48.93,15.65
100688,2025-02-07,West,WA,Furniture,Drift Side Table,Online,3,146.11,438.34,277.43,51.24,29.2
100763,2025-02-07,Southeast,NC,Furniture,Nimbus Chair,Online,4,318.21,1272.86,765.02,127.7,65.41
100783,2025-02-08,Southwest,NM,Storage,Cascade Shelf,Wholesale,3,182.81,548.43,333.01,78.52,36.82
100656,2025-02-08,Northeast,NY,Lighting,Halo Monitor Arm,Online,1,94.8,94.8,48.28,14.43,6.32
100665,2025-02-08,West,NV,Furniture,Nimbus Chair,Retail,4,332.91,1331.66,803.55,160.31,42.21
100631,2025-02-08,Northeast,PA,Furniture,Aster Bookcase,Wholesale,2,397.22,794.45,499.86,96.49,32.61
100764,2025-02-09,Southeast,NC,Furniture,Nimbus Chair,Retail,2,330.67,661.35,401.63,75.93,45.15
100660,2025-02-09,West,WA,Storage,Loop Bin Set,Online,3,58.26,174.78,96.42,23.29,9.53
100784,2025-02-09,Southwest,OK,Storage,Loop Bin Set,Wholesale,5,52.22,261.12,154.07,30.48,17.91
100725,2025-02-09,Midwest,OH,Storage,Cascade Shelf,Online,2,175.72,351.45,208.63,52.97,20.68
100698,2025-02-09,West,NV,Lighting,Halo Monitor Arm,Online,3,90.7,272.1,148.46,36.16,14.22
100738,2025-02-09,South,TN,Lighting,Ember Floor Lamp,Online,1,117.27,117.27,58.56,17.49,7.35
100687,2025-02-10,West,CA,Furniture,Drift Side Table,Online,3,146.57,439.72,288.37,48.62,16.58
100717,2025-02-10,Midwest,MI,Furniture,Nimbus Chair,Online,4,335.32,1341.28,795.96,173.82,53.1
100785,2025-02-10,Southwest,OK,Furniture,Aster Bookcase,Online,3,417.3,1251.89,737.88,177.25,80.05
100778,2025-02-10,Southwest,NM,Furniture,Drift Side Table,Wholesale,1,155.42,155.42,94.96,23.31,5.94
100641,2025-02-10,Northeast,NJ,Lighting,Halo Monitor Arm,Online,2,95.3,190.61,103.83,24.59,12.54
100718,2025-02-10,Midwest,WI,Furniture,Aster Bookcase,Retail,1,438.05,438.05,270.61,54.67,19.42
100655,2025-02-10,Northeast,MA,Storage,Vault Cabinet,Retail,4,276.6,1106.41,636.07,123.52,61.99
100626,2025-02-10,Northeast,PA,Storage,Vault Cabinet,Retail,5,268.28,1341.39,771.93,160.06,72.01
100637,2025-02-10,Northeast,NJ,Storage,Vault Cabinet,Wholesale,1,267.69,267.69,148.12,41.65,14.47
100652,2025-02-10,Northeast,MA,Furniture,Aster Bookcase,Online,5,438.29,2191.46,1393.35,301.58,81.89
100734,2025-02-10,South,TN,Storage,Loop Bin Set,Retail,1,58.08,58.08,35.09,5.9,3.55
100782,2025-02-11,Southwest,OK,Furniture,Drift Side Table,Online,4,151.89,607.54,366.21,74.95,20.33
100733,2025-02-11,South,GA,Furniture,Nimbus Chair,Wholesale,2,336.66,673.33,394.52,77.86,24.46
100677,2025-02-11,West,OR,Furniture,Nimbus Chair,Online,3,331.37,994.12,586.17,148.92,37.94
100683,2025-02-12,West,WA,Lighting,Halo Monitor Arm,Online,5,84.85,424.25,217.07,64.92,28.21
100633,2025-02-12,Northeast,PA,Furniture,Nimbus Chair,Online,2,333.84,667.68,409.82,68.83,44.95
100712,2025-02-12,Midwest,IL,Lighting,Aria Desk Lamp,Online,5,70.66,353.32,190.92,56.46,11.99
100657,2025-02-12,West,WA,Storage,Vault Cabinet,Wholesale,5,274.89,1374.46,821.72,185.06,80.8
100702,2025-02-12,Midwest,MI,Furniture,Aster Bookcase,Online,3,393.29,1179.87,710.68,168.35,37.67
100750,2025-02-13,South,AL,Furniture,Drift Side Table,Wholesale,5,151.77,758.86,492.7,81.94,49.43
100752,2025-02-13,South,AL,Furniture,Nimbus Chair,Wholesale,1,345.35,345.35,208.58,39.1,16.24
100680,2025-02-13,West,CA,Storage,Vault Cabinet,Retail,3,253.02,759.07,417.2,107.12,26.13
100675,2025-02-13,West,CA,Lighting,Aria Desk Lamp,Wholesale,3,64.88,194.63,99.43,23.96,9.65
100711,2025-02-13,Midwest,WI,Storage,Vault Cabinet,Wholesale,3,261.01,783.04,430.05,107.25,47.68
100643,2025-02-14,Northeast,NJ,Lighting,Aria Desk Lamp,Wholesale,3,67.27,201.8,100.22,25.21,11.29
100730,2025-02-14,South,TN,Lighting,Halo Monitor Arm,Online,3,90.96,272.89,133.91,37.87,16.2
100690,2025-02-14,West,WA,Storage,Vault Cabinet,Retail,4,257.07,1028.27,560.69,162.17,53.45
100622,2025-02-14,Northeast,MA,Furniture,Drift Side Table,Retail,1,153.87,153.87,96.49,17.45,5.65
100748,2025-02-15,South,TX,Lighting,Aria Desk Lamp,Online,1,69.63,69.63,36.2,9.7,4.47
100741,2025-02-15,South,GA,Furniture,Drift Side Table,Retail,2,138.83,277.65,175.28,33.55,13.39
100767,2025-02-15,Southeast,FL,Furniture,Aster Bookcase,Retail,3,394.67,1184.02,690.39,184.58,68.17
100746,2025-02-15,South,AL,Lighting,Ember Floor Lamp,Online,2,107.02,214.04,111.08,22.79,12.31
100620,2025-02-15,Northeast,NY,Storage,Loop Bin Set,Retail,3,54.19,162.58,97.83,25.17,10.8
100684,2025-02-15,West,WA,Storage,Loop Bin Set,Retail,1,54.19,54.19,32.05,6.19,2.33
100639,2025-02-15,Northeast,NJ,Furniture,Drift Side Table,Wholesale,3,141.78,425.34,257.37,47.0,16.49
100623,2025-02-15,Northeast,PA,Lighting,Ember Floor Lamp,Online,2,115.36,230.72,123.82,25.38,7.33
100732,2025-02-16,South,TN,Furniture,Drift Side Table,Retail,1,140.87,140.87,83.95,20.11,5.81
100638,2025-02-16,Northeast,MA,Storage,Loop Bin Set,Retail,1,54.85,54.85,31.55,7.31,2.86
100751,2025-02-16,South,AL,Storage,Cascade Shelf,Online,5,174.55,872.75,486.38,106.58,42.1
100775,2025-02-16,Southwest,NM,Lighting,Ember Floor Lamp,Online,2,114.63,229.25,113.68,29.6,9.73
100756,2025-02-17,Southeast,FL,Storage,Cascade Shelf,Online,3,176.29,528.88,322.16,54.49,16.14
100645,2025-02-17,Northeast,NY,Furniture,Aster Bookcase,Online,1,392.08,392.08,243.21,51.64,22.08
100664,2025-02-17,West,NV,Lighting,Aria Desk Lamp,Online,5,68.47,342.35,183.2,39.3,12.47
100736,2025-02-17,South,GA,Lighting,Aria Desk Lamp,Retail,5,70.22,351.09,174.54,55.36,12.0
100714,2025-02-17,Midwest,WI,Furniture,Drift Side Table,Online,5,143.38,716.9,454.12,110.22,25.98
100669,2025-02-17,West,CA,Lighting,Halo Monitor Arm,Online,4,94.13,376.53,207.47,38.34,20.29
100710,2025-02-17,Midwest,IL,Furniture,Nimbus Chair,Wholesale,1,341.47,341.47,219.93,36.14,11.11
100772,2025-02-17,Southeast,FL,Lighting,Ember Floor Lamp,Wholesale,1,112.45,112.45,58.19,17.92,5.65
100706,2025-02-17,Midwest,WI,Furniture,Nimbus Chair,Online,2,332.96,665.91,420.65,99.84,36.36
100699,2025-02-17,West,CA,Furniture,Drift Side Table,Retail,3,145.84,437.52,278.13,51.28,24.53
100707,2025-02-18,Midwest,WI,Storage,Loop Bin Set,Retail,2,55.15,110.31,61.41,14.86,6.64
100650,2025-02-18,Northeast,NY,Storage,Cascade Shelf,Online,3,181.5,544.5,307.96,58.46,18.56
100629,2025-02-18,Northeast,NJ,Storage,Vault Cabinet,Online,2,275.08,550.15,308.58,68.93,28.8
100619,2025-02-18,Northeast,PA,Furniture,Nimbus Chair,Online,2,317.24,634.48,399.36,66.14,27.08
100781,2025-02-18,Southwest,NM,Furniture,Nimbus Chair,Online,1,323.19,323.19,188.98,33.01,19.1
100701,2025-02-18,Midwest,WI,Lighting,Ember Floor Lamp,Retail,1,115.25,115.25,56.76,13.62,5.4
100693,2025-02-18,West,CA,Lighting,Aria Desk Lamp,Online,1,72.82,72.82,36.39,11.36,2.9
100673,2025-02-18,West,WA,Lighting,Aria Desk Lamp,Online,1,70.63,70.63,35.17,9.41,4.18
100671,2025-02-19,West,CA,Storage,Loop Bin Set,Wholesale,1,52.97,52.97,29.58,6.74,3.56
100642,2025-02-19,Northeast,NY,Furniture,Nimbus Chair,Retail,4,307.66,1230.64,722.96,123.34,52.91
100757,2025-02-19,Southeast,NC,Furniture,Nimbus Chair,Retail,5,325.78,1628.88,957.63,246.56,61.37
100762,2025-02-19,Southeast,FL,Storage,Vault Cabinet,Online,3,272.78,818.33,495.31,81.85,26.38
100774,2025-02-19,Southwest,NM,Furniture,Drift Side Table,Online,3,142.42,427.26,271.12,47.74,20.28
100713,2025-02-19,Midwest,WI,Furniture,Aster Bookcase,Online,4,392.93,1571.72,1009.6,240.31,88.05
100737,2025-02-19,South,AL,Lighting,Halo Monitor Arm,Retail,2,87.61,175.21,94.14,26.65,7.31
100630,2025-02-20,Northeast,PA,Furniture,Drift Side Table,Retail,5,142.93,714.64,448.53,73.84,26.26
100662,2025-02-20,West,WA,Lighting,Ember Floor Lamp,Retail,2,111.45,222.9,114.46,22.83,14.87
100666,2025-02-20,West,OR,Storage,Loop Bin Set,Online,3,53.39,160.18,95.68,22.42,6.11
100654,2025-02-20,Northeast,NJ,Lighting,Aria Desk Lamp,Online,3,66.38,199.14,103.3,20.66,8.03
100618,2025-02-20,Northeast,NY,Furniture,Nimbus Chair,Online,2,333.73,667.46,413.15,76.51,26.32
100648,2025-02-20,Northeast,NY,Furniture,Aster Bookcase,Online,4,418.44,1673.74,996.65,213.49,61.6
100758,2025-02-20,Southeast,VA,Furniture,Nimbus Chair,Online,3,307.46,922.39,571.31,105.6,40.53
100760,2025-02-21,Southeast,FL,Lighting,Aria Desk Lamp,Retail,4,65.83,263.34,142.6,39.53,12.43
100744,2025-02-21,South,TN,Lighting,Halo Monitor Arm,Online,4,89.01,356.04,196.15,56.3,13.83
100780,2025-02-21,Southwest,NM,Storage,Vault Cabinet,Retail,1,248.84,248.84,150.19,26.0,15.44
100689,2025-02-21,West,WA,Furniture,Nimbus Chair,Wholesale,1,343.71,343.71,221.83,45.07,15.08
100649,2025-02-21,Northeast,NY,Furniture,Aster Bookcase,Online,1,439.06,439.06,270.62,50.36,30.08
100708,2025-02-21,Midwest,MI,Furniture,Aster Bookcase,Online,5,409.38,2046.91,1256.99,206.56,67.13
100726,2025-02-21,Midwest,IL,Furniture,Drift Side Table,Retail,2,140.74,281.47,175.04,41.52,16.0
100659,2025-02-21,West,WA,Storage,Vault Cabinet,Retail,3,257.38,772.14,445.07,117.18,43.8
100723,2025-02-21,Midwest,MI,Furniture,Aster Bookcase,Wholesale,3,421.76,1265.28,785.3,181.71,73.65
100705,2025-02-22,Midwest,MI,Furniture,Aster Bookcase,Online,5,432.11,2160.56,1326.45,218.05,110.48
100724,2025-02-22,Midwest,IL,Storage,Vault Cabinet,Retail,1,272.52,272.52,161.46,38.97,13.88
100627,2025-02-22,Northeast,PA,Furniture,Nimbus Chair,Online,1,339.43,339.43,213.35,37.98,22.34
100765,2025-02-22,Southeast,FL,Furniture,Aster Bookcase,Online,1,413.22,413.22,243.77,57.19,22.51
100753,2025-02-22,South,TN,Lighting,Ember Floor Lamp,Wholesale,1,117.75,117.75,60.41,14.55,3.99
100625,2025-02-22,Northeast,MA,Lighting,Ember Floor Lamp,Retail,1,110.64,110.64,58.23,13.97,7.39
100769,2025-02-22,Southeast,NC,Lighting,Halo Monitor Arm,Online,5,89.46,447.32,230.53,71.32,26.07
100747,2025-02-22,South,TN,Storage,Vault Cabinet,Online,5,266.33,1331.66,801.64,201.98,83.57
100771,2025-02-22,Southeast,SC,Lighting,Aria Desk Lamp,Retail,4,66.92,267.68,144.87,28.95,10.12
100667,2025-02-22,West,NV,Storage,Vault Cabinet,Retail,4,269.23,1076.93,656.72,146.18,50.26
100766,2025-02-23,Southeast,SC,Lighting,Halo Monitor Arm,Wholesale,4,88.33,353.3,190.43,50.61,15.66
100742,2025-02-23,South,TN,Lighting,Ember Floor Lamp,Retail,1,112.66,112.66,55.6,15.78,4.77
100651,2025-02-23,Northeast,MA,Lighting,Ember Floor Lamp,Retail,1,107.9,107.9,53.67,10.82,4.07
100624,2025-02-23,Northeast,MA,Lighting,Halo Monitor Arm,Retail,4,92.08,368.32,185.43,48.58,14.06
100668,2025-02-24,West,CA,Furniture,Nimbus Chair,Online,5,330.82,1654.08,1074.78,253.19,112.6
100768,2025-02-24,Southeast,SC,Lighting,Ember Floor Lamp,Wholesale,2,114.71,229.41,120.76,29.28,10.05
100739,2025-02-24,South,GA,Storage,Cascade Shelf,Online,1,194.22,194.22,109.26,22.54,10.12
100663,2025-02-24,West,NV,Furniture,Aster Bookcase,Retail,2,394.11,788.22,461.79,85.69,28.26
100634,2025-02-24,Northeast,MA,Furniture,Drift Side Table,Wholesale,4,145.6,582.39,357.28,84.76,25.48
100720,2025-02-25,Midwest,IL,Furniture,Aster Bookcase,Retail,4,418.76,1675.04,1100.28,267.44,81.41
100644,2025-02-25,Northeast,MA,Lighting,Halo Monitor Arm,Online,2,93.18,186.37,99.43,25.63,11.83
100617,2025-02-25,Northeast,NJ,Lighting,Halo Monitor Arm,Online,2,93.13,186.27,93.7,21.27,11.99
100755,2025-02-25,Southeast,NC,Lighting,Aria Desk Lamp,Retail,5,72.44,362.2,180.54,44.94,15.68
100745,2025-02-26,South,TN,Storage,Vault Cabinet,Retail,2,252.42,504.83,294.18,75.54,21.94
100773,2025-02-26,Southwest,AZ,Furniture,Aster Bookcase,Online,4,410.59,1642.38,1060.56,167.42,98.54
100697,2025-02-26,West,OR,Lighting,Halo Monitor Arm,Online,4,91.31,365.26,192.98,56.58,17.0
100676,2025-02-26,West,NV,Storage,Cascade Shelf,Retail,1,192.82,192.82,116.1,30.02,10.42
100749,2025-02-26,South,TX,Storage,Cascade Shelf,Retail,5,188.79,943.93,555.76,101.22,30.53
100635,2025-02-26,Northeast,PA,Furniture,Nimbus Chair,Retail,5,327.11,1635.57,1053.96,248.13,85.92
100674,2025-02-26,West,WA,Furniture,Nimbus Chair,Wholesale,1,313.42,313.42,200.73,37.57,11.77
100682,2025-02-26,West,OR,Lighting,Halo Monitor Arm,Online,1,95.48,95.48,47.43,10.75,4.59
100716,2025-02-27,Midwest,WI,Storage,Vault Cabinet,Online,4,249.29,997.14,610.87,157.59,31.38
100632,2025-02-27,Northeast,PA,Lighting,Halo Monitor Arm,Retail,2,88.53,177.05,97.42,20.08,8.77
100776,2025-02-27,Southwest,OK,Lighting,Halo Monitor Arm,Retail,3,95.05,285.16,143.4,34.54,9.41
100761,2025-02-27,Southeast,SC,Storage,Cascade Shelf,Online,5,174.02,870.12,479.53,106.99,35.19
100700,2025-02-28,Midwest,IL,Furniture,Nimbus Chair,Retail,3,338.76,1016.29,625.78,120.64,56.57
100787,2025-02-28,Southwest,AZ,Lighting,Halo Monitor Arm,Retail,4,90.2,360.82,184.89,54.81,12.41
100777,2025-02-28,Southwest,NM,Lighting,Ember Floor Lamp,Retail,4,118.6,474.41,237.14,48.5,29.26
100770,2025-02-28,Southeast,SC,Furniture,Aster Bookcase,Online,2,412.46,824.92,530.56,115.19,31.29
100721,2025-02-28,Midwest,WI,Storage,Vault Cabinet,Wholesale,2,271.93,543.86,327.24,69.5,34.15
100658,2025-02-28,West,NV,Furniture,Drift Side Table,Online,4,155.8,623.2,380.74,69.79,21.5
100653,2025-02-28,Northeast,MA,Furniture,Aster Bookcase,Online,3,419.61,1258.82,762.29,145.62,60.97
100743,2025-02-28,South,TN,Furniture,Nimbus Chair,Online,1,324.7,324.7,195.05,47.53,13.46
100779,2025-02-28,Southwest,NM,Lighting,Aria Desk Lamp,Wholesale,2,72.67,145.34,72.05,18.74,5.79
100947,2025-03-01,Southeast,VA,Storage,Cascade Shelf,Wholesale,3,184.43,553.29,331.64,57.49,23.74
100935,2025-03-01,Southeast,SC,Lighting,Halo Monitor Arm,Retail,5,94.36,471.82,248.38,62.62,15.27
100960,2025-03-01,Southwest,NM,Furniture,Drift Side Table,Retail,3,144.78,434.34,278.32,54.54,17.13
100836,2025-03-02,West,OR,Furniture,Drift Side Table,Retail,5,143.62,718.1,463.34,103.69,45.69
100843,2025-03-02,West,WA,Storage,Vault Cabinet,Online,3,274.71,824.12,482.75,105.39,56.93
100874,2025-03-02,Midwest,MI,Storage,Vault Cabinet,Online,2,247.92,495.84,304.38,78.73,21.56
100931,2025-03-02,South,GA,Furniture,Aster Bookcase,Retail,3,410.14,1230.43,742.23,154.39,81.62
100875,2025-03-03,Midwest,OH,Lighting,Halo Monitor Arm,Retail,1,90.59,90.59,47.74,13.95,2.72
100815,2025-03-03,Northeast,NJ,Furniture,Nimbus Chair,Online,5,325.55,1627.74,952.95,217.42,95.82
100788,2025-03-03,Northeast,NY,Furniture,Aster Bookcase,Online,5,420.36,2101.82,1293.25,330.95,105.87
100906,2025-03-03,South,GA,Furniture,Aster Bookcase,Wholesale,2,427.34,854.67,539.86,116.86,50.93
100845,2025-03-03,West,WA,Lighting,Aria Desk Lamp,Retail,1,70.39,70.39,37.57,10.24,4.49
100852,2025-03-03,West,OR,Storage,Loop Bin Set,Wholesale,5,56.23,281.14,159.92,38.26,9.33
100933,2025-03-03,Southeast,FL,Furniture,Nimbus Chair,Wholesale,5,345.6,1728.0,1122.65,249.91,74.8
100861,2025-03-03,West,OR,Lighting,Aria Desk Lamp,Retail,4,70.49,281.97,153.41,34.11,15.83
100963,2025-03-03,Southwest,OK,Lighting,Ember Floor Lamp,Online,3,111.27,333.81,171.43,48.17,15.89
100952,2025-03-03,Southeast,NC,Storage,Cascade Shelf,Retail,2,187.49,374.98,206.1,46.16,16.01
100804,2025-03-04,Northeast,PA,Furniture,Nimbus Chair,Retail,4,335.06,1340.26,832.0,191.35,52.27
100914,2025-03-04,South,TN,Lighting,Ember Floor Lamp,Wholesale,3,108.32,324.97,164.63,49.61,10.46
100849,2025-03-04,West,CA,Lighting,Halo Monitor Arm,Online,1,91.89,91.89,50.47,12.82,6.2
100807,2025-03-04,Northeast,MA,Lighting,Halo Monitor Arm,Wholesale,2,88.57,177.15,96.19,25.53,12.22
100937,2025-03-04,Southeast,FL,Furniture,Nimbus Chair,Online,3,310.94,932.83,597.82,136.45,42.27
100793,2025-03-04,Northeast,PA,Furniture,Drift Side Table,Retail,3,141.63,424.88,275.47,43.8,29.29
100891,2025-03-05,Midwest,MI,Lighting,Aria Desk Lamp,Wholesale,5,69.71,348.57,189.0,54.82,13.15
100856,2025-03-05,West,CA,Lighting,Halo Monitor Arm,Online,3,89.62,268.85,139.8,27.31,11.6
100846,2025-03-05,West,OR,Furniture,Aster Bookcase,Retail,2,427.57,855.15,533.73,125.16,32.16
100908,2025-03-05,South,AL,Lighting,Ember Floor Lamp,Online,1,111.76,111.76,55.64,15.51,7.75
100907,2025-03-05,South,AL,Lighting,Aria Desk Lamp,Online,1,66.0,66.0,36.02,9.76,2.29
100924,2025-03-05,South,TX,Furniture,Nimbus Chair,Online,5,323.2,1615.99,965.58,189.01,80.57
100798,2025-03-05,Northeast,NY,Lighting,Halo Monitor Arm,Retail,5,86.97,434.83,213.03,63.27,20.59
100792,2025-03-05,Northeast,PA,Storage,Cascade Shelf,Online,3,182.05,546.14,317.52,58.84,35.37
100795,2025-03-06,Northeast,NJ,Storage,Vault Cabinet,Online,4,272.46,1089.82,615.08,117.38,75.25
100899,2025-03-06,Midwest,IL,Furniture,Aster Bookcase,Online,4,427.64,1710.56,1024.13,191.39,87.16
100870,2025-03-06,West,OR,Furniture,Drift Side Table,Retail,4,143.72,574.89,337.38,57.67,18.58
100811,2025-03-07,Northeast,NJ,Lighting,Ember Floor Lamp,Online,4,108.56,434.25,216.31,55.66,25.74
100844,2025-03-07,West,WA,Lighting,Halo Monitor Arm,Retail,2,89.12,178.24,95.16,21.89,8.09
100909,2025-03-07,South,GA,Lighting,Aria Desk Lamp,Retail,1,72.63,72.63,38.49,11.09,3.57
100956,2025-03-07,Southwest,OK,Lighting,Aria Desk Lamp,Wholesale,3,66.95,200.84,110.36,32.1,11.41
100826,2025-03-07,West,NV,Lighting,Halo Monitor Arm,Retail,1,94.74,94.74,47.86,10.17,5.5
100810,2025-03-07,Northeast,NY,Furniture,Nimbus Chair,Wholesale,3,340.5,1021.51,666.99,105.01,54.7
100839,2025-03-07,West,NV,Furniture,Drift Side Table,Retail,5,138.03,690.14,419.26,93.8,30.7
100796,2025-03-07,Northeast,NY,Furniture,Drift Side Table,Online,1,149.55,149.55,93.85,21.77,9.23
100943,2025-03-07,Southeast,NC,Storage,Cascade Shelf,Online,4,193.23,772.91,421.86,122.79,51.1
100922,2025-03-07,South,TN,Lighting,Halo Monitor Arm,Retail,2,88.27,176.54,86.44,27.82,9.36
100812,2025-03-08,Northeast,MA,Lighting,Ember Floor Lamp,Wholesale,2,110.83,221.65,108.96,25.09,9.69
100813,2025-03-08,Northeast,NY,Storage,Cascade Shelf,Retail,2,171.62,343.24,193.68,54.76,19.97
100809,2025-03-08,Northeast,MA,Furniture,Nimbus Chair,Online,5,304.51,1522.55,929.72,205.82,101.39
100900,2025-03-08,Midwest,OH,Furniture,Drift Side Table,Online,4,139.73,558.92,333.72,89.05,23.54
100858,2025-03-09,West,OR,Lighting,Ember Floor Lamp,Retail,2,115.26,230.52,117.31,23.93,8.85
100860,2025-03-09,West,OR,Lighting,Ember Floor Lamp,Wholesale,2,113.35,226.71,122.25,36.1,10.16
100808,2025-03-09,Northeast,NJ,Storage,Loop Bin Set,Online,2,55.93,111.85,63.01,15.65,7.15
100851,2025-03-09,West,WA,Lighting,Halo Monitor Arm,Wholesale,4,87.53,350.12,174.69,36.19,19.41
100855,2025-03-09,West,OR,Furniture,Nimbus Chair,Online,2,325.98,651.97,382.07,90.57,34.25
100893,2025-03-09,Midwest,MI,Furniture,Drift Side Table,Retail,3,138.16,414.48,264.24,57.6,18.38
100966,2025-03-09,Southwest,NM,Lighting,Aria Desk Lamp,Online,5,65.66,328.32,172.07,39.76,22.22
100928,2025-03-09,South,GA,Lighting,Halo Monitor Arm,Online,3,87.33,261.98,137.92,41.22,13.5
100925,2025-03-10,South,TN,Lighting,Halo Monitor Arm,Online,1,96.03,96.03,52.51,14.4,5.37
100797,2025-03-10,Northeast,NY,Furniture,Nimbus Chair,Online,3,337.85,1013.55,590.88,133.26,38.3
100879,2025-03-10,Midwest,OH,Furniture,Nimbus Chair,Retail,5,309.84,1549.2,922.53,156.07,63.41
100896,2025-03-10,Midwest,WI,Furniture,Aster Bookcase,Wholesale,3,415.76,1247.28,739.04,190.88,72.58
100799,2025-03-10,Northeast,NY,Storage,Vault Cabinet,Online,3,252.32,756.97,458.96,107.08,33.04
100903,2025-03-10,South,AL,Storage,Loop Bin Set,Retail,4,55.05,220.22,129.43,29.13,7.04
100823,2025-03-10,Northeast,NY,Furniture,Drift Side Table,Online,5,141.92,709.59,451.31,81.88,35.75
100821,2025-03-10,Northeast,NJ,Lighting,Ember Floor Lamp,Online,2,116.49,232.98,128.41,28.18,9.27
100847,2025-03-10,West,WA,Lighting,Ember Floor Lamp,Retail,1,112.33,112.33,57.57,17.2,6.84
100945,2025-03-11,Southeast,NC,Furniture,Nimbus Chair,Retail,1,345.5,345.5,210.9,53.33,21.71
100890,2025-03-11,Midwest,WI,Furniture,Aster Bookcase,Online,5,428.09,2140.44,1363.43,291.21,112.03
100878,2025-03-11,Midwest,IL,Furniture,Drift Side Table,Wholesale,3,143.25,429.74,262.25,54.05,15.04
100949,2025-03-11,Southeast,SC,Lighting,Aria Desk Lamp,Online,4,72.07,288.26,142.82,31.21,13.46
100853,2025-03-11,West,NV,Furniture,Nimbus Chair,Wholesale,3,312.4,937.19,572.06,133.6,43.4
100932,2025-03-12,South,GA,Lighting,Aria Desk Lamp,Wholesale,5,69.46,347.32,186.9,40.24,10.69
100840,2025-03-12,West,OR,Furniture,Aster Bookcase,Online,1,394.56,394.56,245.39,50.24,22.76
100803,2025-03-12,Northeast,NJ,Furniture,Nimbus Chair,Retail,4,323.5,1293.98,782.56,151.5,64.22
100905,2025-03-12,South,AL,Lighting,Aria Desk Lamp,Retail,1,67.43,67.43,34.47,10.22,4.5
100948,2025-03-12,Southeast,NC,Storage,Vault Cabinet,Retail,4,272.09,1088.35,623.91,161.66,45.44
100950,2025-03-12,Southeast,VA,Furniture,Nimbus Chair,Online,5,341.52,1707.59,1059.83,242.68,111.81
100791,2025-03-13,Northeast,MA,Lighting,Ember Floor Lamp,Wholesale,4,119.78,479.14,242.38,62.28,20.66
100881,2025-03-13,Midwest,OH,Furniture,Drift Side Table,Wholesale,2,147.74,295.47,177.21,47.16,10.23
100958,2025-03-13,Southwest,AZ,Furniture,Nimbus Chair,Online,3,320.99,962.96,603.06,114.66,60.87
100805,2025-03-13,Northeast,NJ,Lighting,Aria Desk Lamp,Retail,4,66.96,267.83,135.09,38.61,18.25
100837,2025-03-13,West,WA,Lighting,Halo Monitor Arm,Online,3,89.1,267.31,132.82,33.53,12.18
100965,2025-03-14,Southwest,OK,Lighting,Ember Floor Lamp,Wholesale,4,110.59,442.36,223.6,68.2,28.29
100892,2025-03-14,Midwest,WI,Furniture,Aster Bookcase,Retail,3,413.45,1240.34,808.85,155.1,72.83
100888,2025-03-14,Midwest,MI,Lighting,Ember Floor Lamp,Retail,5,110.83,554.17,275.39,69.46,23.48
100866,2025-03-14,West,OR,Lighting,Ember Floor Lamp,Retail,5,108.14,540.68,280.39,63.42,28.12
100913,2025-03-14,South,GA,Furniture,Drift Side Table,Wholesale,3,141.74,425.21,268.63,52.45,28.09
100917,2025-03-14,South,TX,Lighting,Ember Floor Lamp,Wholesale,4,119.46,477.85,236.3,52.64,29.31
100835,2025-03-14,West,CA,Storage,Cascade Shelf,Retail,1,181.73,181.73,105.8,24.78,6.6
100857,2025-03-15,West,WA,Lighting,Ember Floor Lamp,Retail,1,107.32,107.32,57.83,16.77,7.33
100841,2025-03-15,West,WA,Furniture,Drift Side Table,Wholesale,2,152.4,304.81,179.49,45.09,19.94
100817,2025-03-15,Northeast,MA,Furniture,Drift Side Table,Retail,5,142.08,710.4,420.26,111.29,33.76
100936,2025-03-15,Southeast,SC,Lighting,Halo Monitor Arm,Wholesale,4,90.48,361.92,185.1,36.62,11.71
100921,2025-03-15,South,GA,Furniture,Nimbus Chair,Wholesale,4,339.59,1358.34,823.92,217.32,82.55
100953,2025-03-15,Southwest,AZ,Storage,Loop Bin Set,Online,2,55.01,110.02,65.82,16.24,6.72
100920,2025-03-15,South,TX,Furniture,Nimbus Chair,Online,4,326.86,1307.42,783.78,151.2,39.97
100877,2025-03-15,Midwest,IL,Storage,Cascade Shelf,Online,4,175.62,702.48,430.02,110.81,31.81
100876,2025-03-16,Midwest,MI,Furniture,Nimbus Chair,Online,2,309.15,618.31,365.08,89.23,40.49
100872,2025-03-16,West,OR,Storage,Vault Cabinet,Wholesale,4,272.12,1088.47,633.48,166.98,52.44
100834,2025-03-16,West,OR,Lighting,Aria Desk Lamp,Online,2,67.63,135.26,70.81,15.43,7.43
100832,2025-03-16,West,OR,Furniture,Nimbus Chair,Wholesale,3,331.48,994.43,640.55,112.73,43.87
100829,2025-03-17,West,NV,Lighting,Ember Floor Lamp,Wholesale,2,115.13,230.27,118.65,27.62,15.05
100929,2025-03-17,South,GA,Lighting,Halo Monitor Arm,Retail,5,85.86,429.32,225.19,43.92,28.44
100873,2025-03-17,West,CA,Storage,Cascade Shelf,Retail,1,171.03,171.03,104.87,17.16,10.04
100880,2025-03-17,Midwest,WI,Furniture,Drift Side Table,Retail,2,153.02,306.04,188.08,43.6,17.33
100919,2025-03-17,South,GA,Furniture,Aster Bookcase,Online,5,412.2,2060.98,1259.24,322.96,67.0
100941,2025-03-17,Southeast,NC,Furniture,Drift Side Table,Online,4,155.08,620.33,400.95,95.28,41.29
100897,2025-03-17,Midwest,WI,Lighting,Aria Desk Lamp,Online,2,67.64,135.28,71.24,16.79,7.0
100955,2025-03-17,Southwest,OK,Storage,Vault Cabinet,Retail,2,268.38,536.76,299.14,83.8,24.72
100946,2025-03-17,Southeast,SC,Storage,Cascade Shelf,Online,4,191.78,767.11,439.82,104.33,53.64
100915,2025-03-18,South,GA,Furniture,Aster Bookcase,Retail,3,407.61,1222.84,724.51,124.99,44.4
100887,2025-03-18,Midwest,WI,Lighting,Ember Floor Lamp,Wholesale,2,106.5,213.0,107.98,34.05,9.09
100789,2025-03-18,Northeast,MA,Lighting,Ember Floor Lamp,Online,4,111.92,447.68,223.04,63.94,29.06
100934,2025-03-18,Southeast,SC,Lighting,Halo Monitor Arm,Retail,4,84.83,339.31,169.84,42.97,17.41
100964,2025-03-19,Southwest,OK,Furniture,Nimbus Chair,Retail,3,325.12,975.36,634.54,143.58,52.0
100842,2025-03-19,West,NV,Furniture,Aster Bookcase,Retail,2,391.84,783.69,496.26,93.29,43.66
100901,2025-03-19,Midwest,WI,Furniture,Aster Bookcase,Retail,1,409.43,409.43,249.72,56.32,20.18
100801,2025-03-19,Northeast,NJ,Furniture,Aster Bookcase,Online,3,413.04,1239.12,777.39,152.8,62.3
100833,2025-03-19,West,WA,Storage,Loop Bin Set,Retail,5,55.22,276.08,151.65,42.39,17.32
100854,2025-03-19,West,CA,Furniture,Nimbus Chair,Online,2,313.71,627.42,370.9,70.93,41.55
100862,2025-03-19,West,WA,Furniture,Aster Bookcase,Wholesale,3,429.54,1288.61,799.77,154.67,47.37
100886,2025-03-19,Midwest,WI,Lighting,Ember Floor Lamp,Wholesale,4,114.14,456.55,234.06,64.56,17.89
100827,2025-03-19,West,CA,Storage,Cascade Shelf,Wholesale,2,171.55,343.11,195.16,47.24,11.67
100894,2025-03-19,Midwest,OH,Furniture,Drift Side Table,Wholesale,1,156.09,156.09,93.98,19.7,8.99
100831,2025-03-20,West,OR,Furniture,Nimbus Chair,Online,2,325.22,650.43,385.71,82.05,42.71
100895,2025-03-20,Midwest,OH,Furniture,Nimbus Chair,Online,1,320.76,320.76,190.83,44.76,16.38
100902,2025-03-21,Midwest,WI,Storage,Loop Bin Set,Retail,3,53.34,160.01,92.42,25.48,10.43
100794,2025-03-21,Northeast,NJ,Lighting,Ember Floor Lamp,Online,2,109.38,218.75,110.9,27.95,12.74
100940,2025-03-21,Southeast,FL,Furniture,Drift Side Table,Online,3,138.78,416.34,270.03,58.4,17.46
100939,2025-03-21,Southeast,NC,Storage,Cascade Shelf,Wholesale,1,177.27,177.27,104.65,28.11,9.22
100838,2025-03-21,West,NV,Furniture,Nimbus Chair,Retail,2,335.28,670.56,417.88,101.42,41.47
100864,2025-03-21,West,CA,Lighting,Aria Desk Lamp,Retail,4,72.61,290.42,146.87,41.38,14.45
100944,2025-03-22,Southeast,VA,Furniture,Aster Bookcase,Online,1,409.06,409.06,243.28,60.31,21.34
100938,2025-03-22,Southeast,FL,Furniture,Aster Bookcase,Online,1,394.14,394.14,239.49,62.15,19.83
100806,2025-03-22,Northeast,PA,Storage,Loop Bin Set,Wholesale,3,55.56,166.69,92.21,17.12,10.27
100802,2025-03-22,Northeast,NJ,Furniture,Aster Bookcase,Retail,5,420.15,2100.74,1355.28,312.52,81.98
100863,2025-03-22,West,CA,Furniture,Drift Side Table,Wholesale,5,143.57,717.87,456.99,96.51,41.55
100868,2025-03-23,West,NV,Lighting,Ember Floor Lamp,Retail,1,115.1,115.1,58.86,13.23,7.83
100927,2025-03-23,South,TX,Storage,Loop Bin Set,Online,5,56.31,281.56,166.32,39.01,12.61
100923,2025-03-23,South,TX,Lighting,Halo Monitor Arm,Retail,2,93.4,186.8,98.24,26.06,11.85
100850,2025-03-23,West,CA,Lighting,Halo Monitor Arm,Retail,1,91.2,91.2,49.48,12.51,5.45
100883,2025-03-23,Midwest,MI,Furniture,Nimbus Chair,Retail,1,317.65,317.65,204.91,46.42,18.12
100910,2025-03-24,South,TX,Lighting,Ember Floor Lamp,Wholesale,3,107.46,322.37,165.51,39.72,13.28
100820,2025-03-24,Northeast,MA,Lighting,Halo Monitor Arm,Retail,4,86.61,346.44,169.42,54.74,22.36
100904,2025-03-24,South,AL,Lighting,Halo Monitor Arm,Online,5,92.78,463.92,250.69,61.61,14.33
100848,2025-03-24,West,CA,Lighting,Aria Desk Lamp,Wholesale,5,68.35,341.76,173.15,41.11,11.7
100961,2025-03-24,Southwest,OK,Furniture,Aster Bookcase,Wholesale,1,418.28,418.28,257.4,46.75,27.0
100957,2025-03-24,Southwest,NM,Lighting,Halo Monitor Arm,Wholesale,5,84.83,424.13,225.13,51.93,18.98
100871,2025-03-24,West,NV,Furniture,Nimbus Chair,Retail,2,341.73,683.46,440.95,98.48,31.2
100828,2025-03-24,West,OR,Furniture,Nimbus Chair,Online,1,342.13,342.13,224.57,47.96,17.45
100869,2025-03-24,West,NV,Lighting,Ember Floor Lamp,Online,1,118.35,118.35,63.06,18.71,8.12
100818,2025-03-24,Northeast,NJ,Lighting,Ember Floor Lamp,Retail,3,113.7,341.11,181.62,45.01,19.04
100830,2025-03-25,West,NV,Furniture,Aster Bookcase,Retail,5,403.1,2015.48,1246.15,224.8,128.57
100889,2025-03-25,Midwest,IL,Lighting,Halo Monitor Arm,Retail,1,87.24,87.24,44.94,12.46,5.29
100867,2025-03-25,West,OR,Furniture,Nimbus Chair,Online,5,318.84,1594.21,976.07,168.59,83.85
100884,2025-03-25,Midwest,IL,Furniture,Drift Side Table,Online,3,144.07,432.22,262.81,49.86,22.85
100951,2025-03-25,Southeast,VA,Lighting,Halo Monitor Arm,Retail,1,84.58,84.58,44.36,10.35,2.64
100916,2025-03-26,South,TN,Storage,Loop Bin Set,Online,3,54.73,164.2,91.14,19.14,9.23
100911,2025-03-26,South,AL,Furniture,Aster Bookcase,Online,4,406.1,1624.39,1064.02,207.13,69.98
100912,2025-03-26,South,TN,Furniture,Aster Bookcase,Wholesale,1,410.44,410.44,249.87,64.88,19.35
100822,2025-03-27,Northeast,NY,Furniture,Drift Side Table,Online,1,145.18,145.18,87.55,15.91,8.61
100859,2025-03-27,West,OR,Furniture,Nimbus Chair,Online,1,342.53,342.53,223.77,41.65,17.5
100865,2025-03-27,West,OR,Lighting,Aria Desk Lamp,Wholesale,3,67.98,203.95,108.78,29.15,13.38
100918,2025-03-28,South,TN,Storage,Loop Bin Set,Wholesale,5,53.39,266.97,160.84,35.48,9.57
100790,2025-03-28,Northeast,PA,Storage,Cascade Shelf,Online,5,181.57,907.86,555.29,130.39,45.21
100882,2025-03-28,Midwest,IL,Storage,Loop Bin Set,Wholesale,5,57.19,285.95,168.49,41.58,17.11
100962,2025-03-28,Southwest,AZ,Furniture,Drift Side Table,Online,2,153.9,307.79,185.47,41.86,11.11
100800,2025-03-29,Northeast,NY,Lighting,Ember Floor Lamp,Online,4,117.8,471.19,233.68,58.29,22.93
100954,2025-03-29,Southwest,NM,Furniture,Drift Side Table,Wholesale,3,145.72,437.15,285.19,47.53,21.0
100816,2025-03-29,Northeast,NY,Furniture,Nimbus Chair,Wholesale,5,314.0,1569.98,933.66,192.89,100.73
100930,2025-03-29,South,AL,Storage,Vault Cabinet,Online,1,254.19,254.19,149.17,28.12,15.9
100824,2025-03-30,West,CA,Storage,Loop Bin Set,Wholesale,1,54.19,54.19,30.55,8.05,2.22
100814,2025-03-30,Northeast,PA,Furniture,Drift Side Table,Online,3,140.99,422.96,262.41,61.15,27.79
100819,2025-03-30,Northeast,NJ,Lighting,Halo Monitor Arm,Online,3,91.78,275.34,151.23,43.39,17.3
100959,2025-03-31,Southwest,NM,Furniture,Nimbus Chair,Retail,3,310.66,931.97,587.69,117.1,46.95
100898,2025-03-31,Midwest,WI,Furniture,Aster Bookcase,Retail,1,422.73,422.73,267.09,57.53,26.47
100885,2025-03-31,Midwest,MI,Furniture,Aster Bookcase,Retail,2,391.89,783.77,476.46,85.31,53.54
100942,2025-03-31,Southeast,VA,Furniture,Nimbus Chair,Online,1,322.3,322.3,188.71,44.49,21.35
100926,2025-03-31,South,TX,Lighting,Halo Monitor Arm,Online,1,84.66,84.66,43.27,9.6,5.64
100825,2025-03-31,West,OR,Furniture,Nimbus Chair,Wholesale,3,304.52,913.56,572.05,102.41,52.98
101124,2025-04-01,Southeast,VA,Lighting,Ember Floor Lamp,Wholesale,4,114.03,456.12,223.61,47.78,19.82
100970,2025-04-01,Northeast,PA,Storage,Loop Bin Set,Retail,3,52.98,158.93,88.6,19.83,8.8
101008,2025-04-01,Northeast,NJ,Furniture,Nimbus Chair,Online,2,345.19,690.39,406.34,90.95,33.2
101003,2025-04-01,Northeast,PA,Storage,Loop Bin Set,Wholesale,5,56.24,281.18,164.59,33.26,16.42
101077,2025-04-01,Midwest,MI,Furniture,Drift Side Table,Retail,4,142.42,569.68,345.67,89.4,39.41
101091,2025-04-01,Midwest,IL,Furniture,Nimbus Chair,Retail,2,312.03,624.06,376.23,87.33,28.67
101013,2025-04-02,Northeast,MA,Storage,Cascade Shelf,Online,5,190.29,951.44,555.4,97.67,57.84
101020,2025-04-02,West,CA,Lighting,Halo Monitor Arm,Wholesale,5,92.28,461.42,252.16,71.17,23.42
101009,2025-04-02,Northeast,PA,Storage,Loop Bin Set,Retail,1,52.56,52.56,31.21,5.34,2.12
101137,2025-04-02,Southeast,SC,Lighting,Halo Monitor Arm,Online,2,92.07,184.13,94.83,24.9,5.71
101120,2025-04-02,South,GA,Storage,Loop Bin Set,Online,1,52.29,52.29,31.91,7.85,2.54
101121,2025-04-02,South,GA,Storage,Loop Bin Set,Online,4,57.43,229.73,125.72,23.1,13.37
101132,2025-04-02,Southeast,SC,Storage,Cascade Shelf,Retail,3,180.93,542.8,300.9,61.53,21.12
101140,2025-04-02,Southeast,VA,Furniture,Aster Bookcase,Retail,3,441.33,1323.98,817.08,140.94,51.91
100988,2025-04-02,Northeast,MA,Lighting,Ember Floor Lamp,Retail,1,108.88,108.88,54.68,12.38,4.2
101099,2025-04-02,South,TN,Lighting,Ember Floor Lamp,Wholesale,4,119.21,476.84,261.55,52.79,32.43
101085,2025-04-03,Midwest,MI,Furniture,Drift Side Table,Wholesale,4,140.22,560.9,327.06,56.99,21.2
101082,2025-04-03,Midwest,WI,Furniture,Drift Side Table,Online,4,142.59,570.34,353.87,68.21,17.37
101032,2025-04-03,West,WA,Furniture,Drift Side Table,Wholesale,1,145.31,145.31,87.39,21.01,9.88
101125,2025-04-03,Southeast,NC,Storage,Vault Cabinet,Retail,2,277.0,554.0,336.77,74.04,24.61
100971,2025-04-03,Northeast,MA,Lighting,Aria Desk Lamp,Online,2,72.34,144.69,72.49,21.45,6.39
101056,2025-04-04,West,CA,Storage,Vault Cabinet,Wholesale,3,256.47,769.42,428.82,115.12,40.03
100999,2025-04-04,Northeast,MA,Lighting,Halo Monitor Arm,Wholesale,1,87.6,87.6,44.16,11.32,3.98
100967,2025-04-04,Northeast,MA,Furniture,Drift Side Table,Retail,4,137.82,551.29,361.4,78.0,17.69
101049,2025-04-05,West,WA,Furniture,Nimbus Chair,Wholesale,5,331.28,1656.41,1033.32,244.16,65.2
101084,2025-04-05,Midwest,OH,Lighting,Halo Monitor Arm,Retail,2,88.53,177.05,87.96,18.12,5.56
101148,2025-04-05,Southwest,OK,Storage,Loop Bin Set,Online,5,56.81,284.03,161.33,34.09,16.33
101058,2025-04-05,Midwest,WI,Storage,Loop Bin Set,Online,4,55.0,219.99,128.46,22.08,6.76
100985,2025-04-05,Northeast,NY,Storage,Cascade Shelf,Wholesale,3,179.47,538.42,308.95,82.06,35.55
101163,2025-04-06,Southwest,AZ,Lighting,Ember Floor Lamp,Online,3,114.82,344.47,168.47,51.73,13.09
101156,2025-04-06,Southwest,NM,Storage,Cascade Shelf,Online,5,182.15,910.74,503.02,138.75,47.74
101005,2025-04-06,Northeast,PA,Furniture,Aster Bookcase,Online,1,441.76,441.76,264.92,56.08,30.65
101067,2025-04-06,Midwest,WI,Furniture,Aster Bookcase,Retail,5,413.76,2068.82,1302.36,324.02,128.47
100997,2025-04-07,Northeast,NJ,Furniture,Aster Bookcase,Retail,4,426.94,1707.75,1102.01,231.01,117.22
101090,2025-04-07,Midwest,WI,Lighting,Halo Monitor Arm,Wholesale,4,89.34,357.36,177.74,40.84,14.58
100989,2025-04-07,Northeast,PA,Lighting,Ember Floor Lamp,Retail,1,111.68,111.68,58.75,12.85,7.52
101024,2025-04-07,West,WA,Furniture,Aster Bookcase,Wholesale,4,406.98,1627.92,965.41,230.98,59.44
101001,2025-04-07,Northeast,NJ,Storage,Loop Bin Set,Online,3,54.75,164.26,91.5,20.47,10.45
101145,2025-04-07,Southeast,FL,Furniture,Aster Bookcase,Retail,3,403.28,1209.83,755.98,138.79,50.5
101054,2025-04-07,West,OR,Storage,Vault Cabinet,Wholesale,4,269.25,1077.02,624.95,132.89,53.99
101098,2025-04-07,South,AL,Storage,Vault Cabinet,Wholesale,2,276.18,552.37,335.61,67.97,25.41
101007,2025-04-07,Northeast,NY,Lighting,Ember Floor Lamp,Wholesale,1,118.32,118.32,61.25,12.56,5.15
101043,2025-04-07,West,OR,Furniture,Aster Bookcase,Retail,3,423.38,1270.14,819.28,158.19,59.59
101061,2025-04-08,Midwest,OH,Furniture,Aster Bookcase,Retail,3,395.13,1185.4,776.19,148.09,42.02
101063,2025-04-08,Midwest,WI,Storage,Cascade Shelf,Online,4,176.4,705.59,390.2,81.44,26.32
101002,2025-04-08,Northeast,NJ,Lighting,Halo Monitor Arm,Retail,5,86.97,434.86,227.47,61.55,19.89
101094,2025-04-08,South,TN,Storage,Cascade Shelf,Online,2,188.0,376.01,222.25,45.01,23.6
101139,2025-04-09,Southeast,NC,Lighting,Halo Monitor Arm,Online,1,92.86,92.86,47.52,9.91,4.07
101057,2025-04-09,West,NV,Storage,Loop Bin Set,Online,5,57.91,289.56,172.15,32.55,19.48
101052,2025-04-09,West,CA,Storage,Loop Bin Set,Retail,1,54.35,54.35,32.63,8.51,1.83
101038,2025-04-09,West,NV,Furniture,Aster Bookcase,Retail,3,400.84,1202.51,710.62,149.13,71.36
101133,2025-04-09,Southeast,VA,Lighting,Ember Floor Lamp,Retail,3,112.04,336.13,170.89,44.1,16.54
101102,2025-04-09,South,GA,Storage,Cascade Shelf,Wholesale,3,189.66,568.97,316.14,61.52,30.67
101116,2025-04-09,South,TN,Furniture,Drift Side Table,Online,4,142.35,569.38,355.45,69.53,20.89
101086,2025-04-09,Midwest,OH,Furniture,Nimbus Chair,Wholesale,3,305.65,916.95,584.06,133.0,46.1
101111,2025-04-09,South,TX,Storage,Loop Bin Set,Retail,4,54.18,216.72,123.35,27.4,10.57
101060,2025-04-09,Midwest,WI,Storage,Cascade Shelf,Retail,2,183.37,366.75,210.01,49.05,24.63
101158,2025-04-09,Southwest,OK,Furniture,Aster Bookcase,Online,5,424.27,2121.34,1294.46,243.3,112.01
101107,2025-04-09,South,AL,Furniture,Nimbus Chair,Online,3,336.32,1008.96,641.05,146.42,40.15
101053,2025-04-10,West,NV,Furniture,Nimbus Chair,Online,5,312.23,1561.15,1013.52,217.54,81.27
101035,2025-04-10,West,CA,Furniture,Nimbus Chair,Online,5,341.22,1706.1,1033.45,191.57,88.53
101093,2025-04-10,South,AL,Lighting,Aria Desk Lamp,Wholesale,1,68.56,68.56,34.53,9.31,2.49
100976,2025-04-10,Northeast,MA,Furniture,Nimbus Chair,Retail,2,333.9,667.8,432.73,77.55,21.9
101129,2025-04-10,Southeast,SC,Storage,Cascade Shelf,Online,1,185.11,185.11,109.63,22.37,7.15
100991,2025-04-10,Northeast,NJ,Lighting,Halo Monitor Arm,Online,2,87.52,175.03,87.1,20.23,10.09
100986,2025-04-10,Northeast,MA,Storage,Loop Bin Set,Wholesale,5,51.66,258.29,152.53,31.94,16.16
101146,2025-04-10,Southeast,NC,Lighting,Halo Monitor Arm,Online,1,95.68,95.68,46.94,14.41,5.27
101021,2025-04-10,West,CA,Lighting,Ember Floor Lamp,Online,2,112.92,225.84,124.21,26.1,12.13
101030,2025-04-10,West,NV,Lighting,Ember Floor Lamp,Online,2,113.5,227.0,121.24,26.34,10.18
101070,2025-04-11,Midwest,OH,Lighting,Aria Desk Lamp,Wholesale,3,64.98,194.95,96.23,28.53,11.0
101059,2025-04-11,Midwest,OH,Storage,Loop Bin Set,Retail,1,55.5,55.5,32.46,6.35,3.77
101045,2025-04-11,West,WA,Lighting,Halo Monitor Arm,Online,3,92.29,276.87,147.45,28.7,14.29
101101,2025-04-11,South,TX,Furniture,Drift Side Table,Online,4,141.13,564.5,354.15,82.83,30.41
101150,2025-04-11,Southwest,NM,Lighting,Ember Floor Lamp,Online,5,108.09,540.44,287.21,79.59,36.99
101011,2025-04-11,Northeast,PA,Storage,Cascade Shelf,Online,3,178.8,536.4,306.49,72.27,31.34
100982,2025-04-11,Northeast,NY,Lighting,Aria Desk Lamp,Online,1,67.78,67.78,36.12,9.46,3.49
101143,2025-04-11,Southeast,FL,Storage,Cascade Shelf,Wholesale,3,182.59,547.77,314.92,58.06,25.22
100984,2025-04-12,Northeast,PA,Furniture,Drift Side Table,Wholesale,2,149.51,299.01,195.5,33.27,16.37
101081,2025-04-12,Midwest,MI,Lighting,Ember Floor Lamp,Online,4,116.5,466.0,250.37,70.8,18.57
101127,2025-04-12,Southeast,SC,Furniture,Drift Side Table,Online,5,145.16,725.79,472.65,106.84,46.05
101142,2025-04-12,Southeast,SC,Furniture,Aster Bookcase,Online,1,405.66,405.66,237.17,44.46,26.82
101073,2025-04-12,Midwest,MI,Furniture,Drift Side Table,Retail,1,149.7,149.7,89.23,21.5,10.1
101105,2025-04-12,South,TX,Lighting,Aria Desk Lamp,Wholesale,5,64.74,323.72,164.38,49.46,18.65
100994,2025-04-12,Northeast,NJ,Lighting,Ember Floor Lamp,Wholesale,2,119.45,238.9,128.23,26.79,16.2
101104,2025-04-12,South,TX,Storage,Vault Cabinet,Retail,3,249.28,747.85,428.87,92.89,41.83
101153,2025-04-13,Southwest,OK,Lighting,Aria Desk Lamp,Online,5,68.06,340.32,168.75,48.44,21.78
100974,2025-04-13,Northeast,MA,Lighting,Ember Floor Lamp,Online,4,114.82,459.27,252.8,51.63,28.3
101160,2025-04-13,Southwest,OK,Furniture,Aster Bookcase,Wholesale,3,398.65,1195.96,726.98,175.33,40.45
101135,2025-04-13,Southeast,VA,Furniture,Aster Bookcase,Online,3,414.79,1244.38,739.6,166.82,68.12
101046,2025-04-13,West,OR,Lighting,Ember Floor Lamp,Wholesale,4,120.71,482.83,241.11,65.32,30.6
101083,2025-04-14,Midwest,OH,Furniture,Nimbus Chair,Online,4,324.37,1297.49,772.13,138.54,53.26
100975,2025-04-14,Northeast,PA,Furniture,Drift Side Table,Wholesale,5,141.25,706.25,416.34,100.0,38.24
101128,2025-04-14,Southeast,VA,Storage,Vault Cabinet,Online,4,280.63,1122.51,678.95,173.99,55.15
101050,2025-04-14,West,NV,Storage,Vault Cabinet,Online,3,247.27,741.8,437.74,108.14,45.52
101080,2025-04-14,Midwest,IL,Storage,Cascade Shelf,Wholesale,1,179.18,179.18,99.28,25.76,10.95
101066,2025-04-14,Midwest,IL,Lighting,Halo Monitor Arm,Online,2,94.67,189.34,102.79,21.74,8.83
101027,2025-04-15,West,WA,Storage,Vault Cabinet,Online,1,252.23,252.23,138.43,31.2,8.96
101117,2025-04-15,South,AL,Lighting,Halo Monitor Arm,Retail,2,95.11,190.23,97.62,28.47,6.14
101154,2025-04-15,Southwest,OK,Furniture,Nimbus Chair,Wholesale,4,323.54,1294.16,838.24,134.42,78.0
101079,2025-04-15,Midwest,MI,Furniture,Aster Bookcase,Online,5,438.73,2193.66,1353.03,310.03,118.19
101134,2025-04-16,Southeast,NC,Lighting,Halo Monitor Arm,Online,4,92.99,371.94,200.63,45.71,25.8
101119,2025-04-16,South,GA,Lighting,Ember Floor Lamp,Retail,5,115.09,575.45,316.35,58.65,26.16
101031,2025-04-16,West,WA,Lighting,Ember Floor Lamp,Online,4,119.88,479.51,252.13,59.27,24.06
101064,2025-04-16,Midwest,MI,Furniture,Nimbus Chair,Online,2,344.53,689.05,439.82,91.69,41.17
101076,2025-04-16,Midwest,WI,Furniture,Nimbus Chair,Online,3,304.6,913.81,536.47,108.89,39.16
100981,2025-04-16,Northeast,NJ,Furniture,Nimbus Chair,Wholesale,4,336.33,1345.33,811.42,136.91,58.09
101159,2025-04-17,Southwest,NM,Furniture,Aster Bookcase,Wholesale,3,434.47,1303.42,821.93,148.08,68.31
101039,2025-04-17,West,NV,Furniture,Nimbus Chair,Online,3,331.95,995.85,618.22,137.05,35.49
101130,2025-04-17,Southeast,FL,Furniture,Aster Bookcase,Retail,4,425.58,1702.31,1095.77,240.52,53.15
101042,2025-04-17,West,WA,Lighting,Ember Floor Lamp,Wholesale,5,108.14,540.71,268.25,67.76,28.09
101019,2025-04-17,West,WA,Furniture,Aster Bookcase,Online,4,416.66,1666.64,1086.46,204.05,77.55
101028,2025-04-17,West,NV,Lighting,Halo Monitor Arm,Online,5,92.51,462.54,233.29,67.33,24.37
100973,2025-04-17,Northeast,MA,Lighting,Ember Floor Lamp,Retail,4,110.05,440.2,230.39,61.43,30.34
101113,2025-04-18,South,GA,Storage,Vault Cabinet,Online,5,254.36,1271.81,776.03,137.74,44.12
100992,2025-04-18,Northeast,NJ,Lighting,Halo Monitor Arm,Retail,1,93.97,93.97,46.44,9.64,5.21
101095,2025-04-18,South,TN,Storage,Cascade Shelf,Retail,5,178.74,893.7,524.11,114.97,48.27
101044,2025-04-18,West,CA,Lighting,Aria Desk Lamp,Online,3,65.56,196.67,100.87,31.15,10.48
100998,2025-04-18,Northeast,NY,Lighting,Aria Desk Lamp,Online,4,67.79,271.18,145.48,38.67,11.73
101069,2025-04-18,Midwest,OH,Furniture,Nimbus Chair,Wholesale,3,304.08,912.23,541.16,115.19,45.11
101152,2025-04-18,Southwest,OK,Lighting,Aria Desk Lamp,Online,5,66.74,333.68,179.3,49.89,12.8
101065,2025-04-18,Midwest,MI,Lighting,Halo Monitor Arm,Wholesale,4,92.07,368.27,198.21,40.04,21.03
101004,2025-04-19,Northeast,NJ,Storage,Cascade Shelf,Retail,4,176.45,705.81,430.95,77.21,24.77
101025,2025-04-19,West,NV,Storage,Vault Cabinet,Online,4,254.8,1019.21,598.79,156.58,35.07
101092,2025-04-19,Midwest,IL,Lighting,Aria Desk Lamp,Retail,4,73.3,293.21,145.2,46.36,16.76
101006,2025-04-20,Northeast,NJ,Lighting,Ember Floor Lamp,Wholesale,1,109.93,109.93,55.18,15.05,3.64
101010,2025-04-20,Northeast,MA,Storage,Cascade Shelf,Online,4,185.09,740.37,452.43,106.37,25.97
101048,2025-04-20,West,NV,Lighting,Halo Monitor Arm,Wholesale,2,85.58,171.16,92.81,20.55,5.78
100996,2025-04-20,Northeast,NJ,Furniture,Drift Side Table,Online,1,146.78,146.78,91.65,22.58,6.04
101078,2025-04-20,Midwest,OH,Furniture,Nimbus Chair,Online,2,312.65,625.3,390.66,78.5,25.58
101068,2025-04-20,Midwest,OH,Furniture,Drift Side Table,Online,5,147.64,738.19,464.36,80.76,39.39
101037,2025-04-20,West,NV,Storage,Loop Bin Set,Retail,2,56.21,112.42,65.01,12.54,6.25
100972,2025-04-21,Northeast,MA,Lighting,Aria Desk Lamp,Wholesale,2,70.67,141.33,77.42,14.39,4.99
101155,2025-04-21,Southwest,OK,Storage,Cascade Shelf,Online,4,185.06,740.24,405.97,87.95,49.62
100990,2025-04-21,Northeast,PA,Furniture,Aster Bookcase,Retail,2,437.7,875.4,567.94,90.61,55.59
101115,2025-04-21,South,GA,Furniture,Nimbus Chair,Wholesale,3,317.71,953.14,581.88,133.81,53.4
101000,2025-04-21,Northeast,MA,Lighting,Aria Desk Lamp,Retail,5,69.83,349.15,182.97,41.6,10.49
101014,2025-04-21,Northeast,MA,Furniture,Nimbus Chair,Online,2,314.79,629.57,395.24,85.0,25.33
101015,2025-04-21,West,OR,Storage,Loop Bin Set,Retail,1,54.9,54.9,33.32,7.55,3.79
101016,2025-04-21,West,WA,Storage,Vault Cabinet,Online,2,255.15,510.3,297.86,58.15,19.85
101018,2025-04-21,West,OR,Lighting,Aria Desk Lamp,Wholesale,3,65.27,195.8,102.69,25.92,8.94
100993,2025-04-21,Northeast,NJ,Furniture,Drift Side Table,Wholesale,3,138.02,414.05,267.15,65.21,27.38
101089,2025-04-22,Midwest,OH,Lighting,Ember Floor Lamp,Retail,1,116.95,116.95,62.23,17.71,7.15
101147,2025-04-22,Southwest,AZ,Furniture,Nimbus Chair,Online,4,343.33,1373.33,811.53,137.86,82.07
101023,2025-04-22,West,NV,Lighting,Ember Floor Lamp,Online,4,109.85,439.41,230.52,54.87,27.45
101040,2025-04-22,West,NV,Furniture,Nimbus Chair,Wholesale,1,341.6,341.6,204.16,44.93,21.13
100987,2025-04-22,Northeast,MA,Lighting,Aria Desk Lamp,Online,5,66.31,331.56,162.16,46.94,13.87
101051,2025-04-22,West,NV,Lighting,Halo Monitor Arm,Online,4,95.4,381.59,193.85,45.52,17.75
101126,2025-04-22,Southeast,SC,Furniture,Aster Bookcase,Online,1,396.93,396.93,240.41,41.25,16.11
101062,2025-04-22,Midwest,OH,Storage,Cascade Shelf,Retail,5,187.26,936.3,552.31,95.77,35.46
101118,2025-04-22,South,TN,Furniture,Aster Bookcase,Wholesale,1,391.19,391.19,246.18,51.62,20.65
101071,2025-04-23,Midwest,IL,Lighting,Halo Monitor Arm,Retail,3,89.3,267.9,135.95,42.67,15.13
101034,2025-04-23,West,NV,Lighting,Aria Desk Lamp,Retail,2,66.54,133.07,66.04,18.83,7.54
101096,2025-04-23,South,TX,Furniture,Nimbus Chair,Online,3,311.39,934.17,559.2,137.24,48.57
101088,2025-04-23,Midwest,OH,Lighting,Ember Floor Lamp,Retail,4,110.39,441.56,237.46,61.1,13.4
101012,2025-04-24,Northeast,PA,Furniture,Aster Bookcase,Online,5,408.48,2042.42,1282.83,258.18,114.35
100978,2025-04-24,Northeast,NJ,Storage,Cascade Shelf,Online,3,182.31,546.94,305.69,62.64,34.82
101149,2025-04-24,Southwest,OK,Furniture,Aster Bookcase,Wholesale,5,442.66,2213.28,1354.17,230.08,136.57
100983,2025-04-24,Northeast,PA,Storage,Vault Cabinet,Online,1,252.06,252.06,147.67,26.33,17.23
101144,2025-04-24,Southeast,SC,Storage,Cascade Shelf,Retail,4,194.05,776.2,463.93,108.32,37.69
101110,2025-04-24,South,GA,Furniture,Nimbus Chair,Online,3,329.82,989.46,596.09,130.73,38.37
101041,2025-04-25,West,CA,Lighting,Ember Floor Lamp,Online,1,119.44,119.44,65.1,15.42,5.36
101074,2025-04-25,Midwest,IL,Lighting,Aria Desk Lamp,Online,1,70.61,70.61,35.85,10.9,3.28
101157,2025-04-25,Southwest,OK,Furniture,Nimbus Chair,Wholesale,1,320.86,320.86,188.97,35.16,14.66
101106,2025-04-25,South,TN,Furniture,Drift Side Table,Wholesale,3,151.36,454.07,265.47,59.02,16.4
101055,2025-04-25,West,WA,Lighting,Ember Floor Lamp,Wholesale,2,112.92,225.85,110.76,26.42,8.87
100995,2025-04-25,Northeast,NJ,Storage,Loop Bin Set,Retail,4,57.32,229.27,126.5,34.81,7.39
101022,2025-04-26,West,OR,Furniture,Aster Bookcase,Online,2,410.7,821.4,537.44,103.26,56.62
101100,2025-04-26,South,GA,Furniture,Drift Side Table,Retail,3,139.45,418.35,246.35,58.1,24.79
101033,2025-04-26,West,OR,Lighting,Ember Floor Lamp,Online,1,116.42,116.42,58.92,11.66,5.1
101122,2025-04-26,Southeast,SC,Lighting,Ember Floor Lamp,Online,4,106.87,427.48,232.69,50.42,29.48
101047,2025-04-26,West,NV,Storage,Loop Bin Set,Retail,5,52.63,263.13,155.93,37.14,13.16
100968,2025-04-27,Northeast,MA,Furniture,Aster Bookcase,Retail,1,440.27,440.27,263.16,67.11,16.76
101072,2025-04-27,Midwest,IL,Furniture,Aster Bookcase,Online,2,429.22,858.44,510.17,123.41,47.83
101131,2025-04-27,Southeast,FL,Furniture,Aster Bookcase,Online,3,408.72,1226.16,716.85,129.46,49.85
101026,2025-04-27,West,CA,Storage,Cascade Shelf,Online,3,186.64,559.92,342.6,89.41,24.96
101112,2025-04-27,South,TN,Lighting,Ember Floor Lamp,Online,5,111.93,559.66,283.38,60.71,38.32
101123,2025-04-27,Southeast,VA,Storage,Cascade Shelf,Retail,4,180.17,720.68,408.13,115.0,47.81
100979,2025-04-27,Northeast,MA,Lighting,Ember Floor Lamp,Online,4,106.97,427.87,229.07,54.7,13.13
101017,2025-04-27,West,CA,Furniture,Drift Side Table,Wholesale,4,150.72,602.88,368.98,95.18,34.73
101075,2025-04-28,Midwest,MI,Storage,Cascade Shelf,Online,3,183.1,549.29,303.59,70.71,22.2
101029,2025-04-28,West,OR,Furniture,Nimbus Chair,Wholesale,1,338.42,338.42,221.52,52.81,12.79
101109,2025-04-28,South,GA,Storage,Loop Bin Set,Online,2,57.95,115.9,69.75,14.67,4.56
100969,2025-04-28,Northeast,NY,Lighting,Aria Desk Lamp,Retail,4,67.2,268.82,137.76,42.45,15.52
100977,2025-04-28,Northeast,MA,Lighting,Ember Floor Lamp,Retail,1,110.43,110.43,55.46,15.7,5.73
101103,2025-04-29,South,GA,Lighting,Halo Monitor Arm,Wholesale,1,94.76,94.76,47.54,10.69,4.31
101108,2025-04-29,South,GA,Furniture,Drift Side Table,Online,1,142.25,142.25,84.76,15.84,9.4
101114,2025-04-29,South,TX,Furniture,Nimbus Chair,Retail,4,336.69,1346.78,857.38,170.93,48.91
101087,2025-04-29,Midwest,OH,Storage,Loop Bin Set,Online,5,53.82,269.11,150.9,35.48,12.15
101138,2025-04-29,Southeast,FL,Lighting,Aria Desk Lamp,Online,3,70.13,210.38,108.55,32.95,8.23
101151,2025-04-29,Southwest,NM,Furniture,Aster Bookcase,Online,3,391.04,1173.13,735.53,150.45,52.3
101161,2025-04-30,Southwest,NM,Lighting,Aria Desk Lamp,Retail,2,65.8,131.6,68.68,17.27,4.26
101164,2025-04-30,Southwest,OK,Lighting,Aria Desk Lamp,Wholesale,3,68.13,204.4,100.2,29.97,10.28
101162,2025-04-30,Southwest,NM,Furniture,Aster Bookcase,Online,4,422.75,1691.01,1062.62,235.73,106.76
101097,2025-04-30,South,AL,Furniture,Nimbus Chair,Wholesale,4,341.83,1367.34,897.82,184.84,93.67
101136,2025-04-30,Southeast,NC,Storage,Vault Cabinet,Wholesale,4,279.45,1117.79,676.32,176.06,45.03
101036,2025-04-30,West,CA,Storage,Cascade Shelf,Online,5,178.16,890.78,519.39,92.46,60.17
100980,2025-04-30,Northeast,NY,Furniture,Aster Bookcase,Online,3,426.5,1279.51,770.57,134.36,66.12
101141,2025-04-30,Southeast,SC,Furniture,Nimbus Chair,Retail,2,340.02,680.04,421.18,84.21,37.05
101304,2025-05-01,South,AL,Lighting,Ember Floor Lamp,Retail,2,109.83,219.67,118.82,27.21,7.18
101337,2025-05-01,Southwest,OK,Furniture,Drift Side Table,Online,3,144.56,433.68,264.96,67.86,26.71
101291,2025-05-01,South,GA,Furniture,Aster Bookcase,Online,2,431.72,863.44,566.64,98.53,26.58
101212,2025-05-01,West,CA,Furniture,Nimbus Chair,Online,2,345.32,690.65,432.82,70.07,25.7
101326,2025-05-01,Southeast,FL,Furniture,Aster Bookcase,Online,3,433.01,1299.03,827.13,164.54,81.4
101278,2025-05-01,Midwest,IL,Storage,Vault Cabinet,Online,5,279.66,1398.32,791.64,175.43,68.41
101270,2025-05-02,Midwest,WI,Storage,Vault Cabinet,Retail,1,270.07,270.07,159.49,39.47,12.65
101211,2025-05-02,West,CA,Lighting,Aria Desk Lamp,Wholesale,2,69.96,139.91,70.58,19.09,9.46
101288,2025-05-02,South,GA,Storage,Vault Cabinet,Wholesale,5,247.61,1238.07,747.21,164.27,65.11
101166,2025-05-02,Northeast,MA,Lighting,Aria Desk Lamp,Wholesale,4,69.13,276.53,147.28,41.2,16.76
101300,2025-05-02,South,GA,Furniture,Nimbus Chair,Online,5,342.19,1710.94,1045.64,272.66,93.68
101248,2025-05-02,Midwest,WI,Lighting,Ember Floor Lamp,Online,1,110.55,110.55,55.52,11.91,7.41
101225,2025-05-03,West,NV,Storage,Vault Cabinet,Retail,1,252.76,252.76,154.78,34.3,9.73
101184,2025-05-03,Northeast,NY,Lighting,Halo Monitor Arm,Retail,3,86.7,260.11,136.74,32.82,10.41
101314,2025-05-03,Southeast,FL,Lighting,Ember Floor Lamp,Wholesale,5,109.52,547.61,293.96,84.98,25.06
101240,2025-05-03,West,WA,Lighting,Halo Monitor Arm,Online,3,93.16,279.49,142.47,35.66,13.42
101329,2025-05-03,Southeast,VA,Furniture,Aster Bookcase,Online,1,431.91,431.91,282.21,58.07,21.34
101241,2025-05-03,West,WA,Furniture,Nimbus Chair,Online,5,304.64,1523.22,958.04,168.74,78.18
101165,2025-05-03,Northeast,PA,Lighting,Aria Desk Lamp,Wholesale,4,67.35,269.38,141.86,28.07,11.09
101345,2025-05-03,Southwest,NM,Storage,Vault Cabinet,Online,5,250.44,1252.2,688.05,166.55,66.84
101261,2025-05-04,Midwest,WI,Furniture,Drift Side Table,Online,1,143.44,143.44,84.92,17.64,9.35
101347,2025-05-04,Southwest,AZ,Furniture,Drift Side Table,Retail,1,151.78,151.78,92.47,23.9,5.19
101213,2025-05-04,West,OR,Lighting,Aria Desk Lamp,Online,4,69.11,276.45,146.23,40.97,17.06
101338,2025-05-04,Southwest,NM,Furniture,Drift Side Table,Retail,5,152.32,761.59,491.2,95.57,27.71
101311,2025-05-04,South,TX,Storage,Cascade Shelf,Retail,3,193.51,580.54,337.09,82.28,18.93
101167,2025-05-05,Northeast,NJ,Storage,Cascade Shelf,Retail,5,172.97,864.85,506.05,97.76,60.5
101327,2025-05-05,Southeast,VA,Furniture,Drift Side Table,Retail,2,142.8,285.61,176.14,36.75,10.08
101344,2025-05-05,Southwest,AZ,Storage,Cascade Shelf,Wholesale,5,183.24,916.2,535.17,101.69,38.72
101277,2025-05-06,Midwest,OH,Storage,Loop Bin Set,Retail,5,53.52,267.59,162.43,33.35,12.05
101245,2025-05-06,West,WA,Furniture,Aster Bookcase,Online,3,405.99,1217.96,753.41,174.47,71.19
101323,2025-05-06,Southeast,SC,Lighting,Halo Monitor Arm,Retail,5,91.24,456.19,229.74,47.36,29.29
101322,2025-05-06,Southeast,SC,Furniture,Drift Side Table,Online,3,144.88,434.64,284.34,63.74,21.49
101281,2025-05-06,Midwest,WI,Storage,Vault Cabinet,Wholesale,1,253.26,253.26,146.87,27.24,10.69
101305,2025-05-06,South,AL,Lighting,Halo Monitor Arm,Wholesale,3,86.83,260.49,128.17,38.49,14.54
101208,2025-05-07,West,NV,Furniture,Nimbus Chair,Online,2,306.7,613.39,370.25,72.64,21.52
101341,2025-05-07,Southwest,AZ,Furniture,Drift Side Table,Wholesale,3,152.84,458.53,277.54,57.49,24.5
101193,2025-05-07,Northeast,NY,Lighting,Halo Monitor Arm,Retail,1,85.4,85.4,42.94,12.77,5.33
101312,2025-05-07,Southeast,VA,Lighting,Aria Desk Lamp,Retail,1,67.68,67.68,35.27,10.65,4.54
101309,2025-05-07,South,TX,Furniture,Drift Side Table,Wholesale,4,148.11,592.42,363.22,91.91,21.84
101279,2025-05-08,Midwest,WI,Furniture,Drift Side Table,Retail,4,141.96,567.83,356.44,68.85,21.3
101237,2025-05-08,West,NV,Furniture,Aster Bookcase,Online,4,416.12,1664.46,1006.13,194.86,68.09
101205,2025-05-08,Northeast,PA,Lighting,Aria Desk Lamp,Retail,3,65.57,196.7,101.11,24.46,10.41
101231,2025-05-08,West,OR,Lighting,Halo Monitor Arm,Wholesale,2,87.16,174.32,93.62,17.84,11.61
101324,2025-05-08,Southeast,SC,Lighting,Halo Monitor Arm,Wholesale,1,88.0,88.0,46.51,9.18,6.05
101301,2025-05-08,South,TX,Lighting,Ember Floor Lamp,Online,1,118.74,118.74,60.08,15.26,7.81
101214,2025-05-08,West,NV,Lighting,Ember Floor Lamp,Online,5,118.6,593.01,322.86,70.72,18.27
101318,2025-05-08,Southeast,SC,Furniture,Drift Side Table,Online,3,146.6,439.79,276.23,69.63,15.64
101310,2025-05-09,South,AL,Furniture,Drift Side Table,Wholesale,4,148.96,595.83,380.47,60.27,29.32
101224,2025-05-09,West,NV,Storage,Vault Cabinet,Retail,3,262.38,787.14,441.45,112.24,45.99
101268,2025-05-09,Midwest,IL,Lighting,Halo Monitor Arm,Online,5,91.6,458.02,225.16,48.24,24.36
101272,2025-05-09,Midwest,MI,Furniture,Aster Bookcase,Retail,1,419.62,419.62,266.21,41.96,13.59
101190,2025-05-09,Northeast,PA,Furniture,Drift Side Table,Online,1,138.14,138.14,85.87,19.4,7.87
101262,2025-05-09,Midwest,IL,Furniture,Drift Side Table,Retail,3,153.67,461.02,293.91,64.95,20.51
101316,2025-05-09,Southeast,VA,Lighting,Ember Floor Lamp,Online,1,118.51,118.51,62.13,15.51,5.56
101289,2025-05-09,South,TN,Furniture,Nimbus Chair,Retail,5,314.98,1574.91,1004.86,202.06,90.1
101192,2025-05-09,Northeast,PA,Lighting,Halo Monitor Arm,Online,1,92.12,92.12,45.33,12.28,3.3
101306,2025-05-09,South,AL,Furniture,Aster Bookcase,Online,4,396.36,1585.43,999.05,182.63,76.1
101249,2025-05-10,Midwest,WI,Furniture,Aster Bookcase,Retail,5,424.17,2120.85,1350.59,226.15,148.41
101250,2025-05-10,Midwest,MI,Storage,Vault Cabinet,Retail,5,268.03,1340.17,732.05,174.18,73.64
101187,2025-05-10,Northeast,MA,Furniture,Drift Side Table,Wholesale,3,149.8,449.39,292.57,54.51,28.89
101257,2025-05-10,Midwest,MI,Furniture,Nimbus Chair,Wholesale,1,330.37,330.37,193.43,52.27,11.75
101331,2025-05-10,Southeast,VA,Lighting,Aria Desk Lamp,Retail,5,72.32,361.6,196.49,47.24,11.85
101171,2025-05-10,Northeast,PA,Lighting,Halo Monitor Arm,Retail,3,89.92,269.75,140.1,29.03,15.67
101307,2025-05-10,South,GA,Storage,Vault Cabinet,Wholesale,3,277.44,832.31,494.09,116.22,50.64
101228,2025-05-10,West,CA,Lighting,Aria Desk Lamp,Retail,3,65.95,197.86,108.15,20.47,9.29
101251,2025-05-11,Midwest,OH,Lighting,Aria Desk Lamp,Retail,2,68.77,137.53,75.48,19.57,4.13
101222,2025-05-11,West,NV,Furniture,Drift Side Table,Online,2,149.62,299.24,178.28,30.4,9.04
101178,2025-05-11,Northeast,NY,Furniture,Aster Bookcase,Wholesale,3,441.38,1324.14,798.68,144.91,91.4
101334,2025-05-11,Southwest,NM,Storage,Loop Bin Set,Online,3,54.79,164.38,93.0,21.44,9.97
101232,2025-05-11,West,OR,Lighting,Ember Floor Lamp,Wholesale,3,106.55,319.66,172.71,44.54,19.78
101247,2025-05-11,West,NV,Lighting,Aria Desk Lamp,Online,3,64.99,194.96,96.55,26.93,12.03
101235,2025-05-11,West,CA,Furniture,Drift Side Table,Online,2,148.39,296.77,192.64,33.32,15.24
101283,2025-05-12,South,AL,Furniture,Nimbus Chair,Retail,3,329.42,988.25,620.44,128.94,34.51
101246,2025-05-12,West,WA,Furniture,Drift Side Table,Online,1,143.48,143.48,94.07,15.91,6.13
101340,2025-05-12,Southwest,AZ,Storage,Cascade Shelf,Retail,5,175.34,876.68,528.2,121.11,36.61
101243,2025-05-12,West,NV,Furniture,Aster Bookcase,Online,1,404.48,404.48,253.74,55.19,27.65
101203,2025-05-12,Northeast,NJ,Furniture,Aster Bookcase,Online,5,410.6,2053.0,1236.81,308.12,67.84
101218,2025-05-12,West,OR,Lighting,Aria Desk Lamp,Retail,5,66.2,331.0,166.41,43.37,18.38
101234,2025-05-12,West,CA,Lighting,Ember Floor Lamp,Wholesale,4,111.04,444.17,234.68,68.14,17.81
101168,2025-05-12,Northeast,MA,Furniture,Nimbus Chair,Retail,2,311.16,622.32,385.43,96.88,30.58
101174,2025-05-12,Northeast,NJ,Storage,Vault Cabinet,Retail,1,261.89,261.89,151.83,29.43,13.99
101185,2025-05-13,Northeast,MA,Storage,Vault Cabinet,Wholesale,1,278.53,278.53,157.77,30.15,18.56
101244,2025-05-13,West,WA,Storage,Vault Cabinet,Online,5,258.48,1292.38,735.79,157.89,46.01
101332,2025-05-13,Southwest,OK,Storage,Vault Cabinet,Retail,1,262.88,262.88,158.82,38.34,12.17
101317,2025-05-13,Southeast,NC,Furniture,Drift Side Table,Wholesale,5,150.52,752.6,453.25,79.18,45.96
101342,2025-05-13,Southwest,OK,Furniture,Nimbus Chair,Retail,2,340.84,681.68,421.87,87.19,37.41
101176,2025-05-13,Northeast,MA,Storage,Vault Cabinet,Retail,4,257.1,1028.4,599.53,135.33,41.03
101290,2025-05-14,South,AL,Lighting,Aria Desk Lamp,Retail,4,70.56,282.24,147.48,31.5,16.14
101260,2025-05-14,Midwest,OH,Lighting,Halo Monitor Arm,Retail,5,90.83,454.14,224.08,51.53,15.27
101259,2025-05-14,Midwest,OH,Storage,Vault Cabinet,Online,5,259.15,1295.75,735.85,196.49,39.42
101293,2025-05-14,South,AL,Lighting,Halo Monitor Arm,Wholesale,4,84.8,339.21,172.33,46.85,18.34
101320,2025-05-14,Southeast,VA,Lighting,Aria Desk Lamp,Retail,1,72.54,72.54,39.42,10.7,3.43
101199,2025-05-14,Northeast,PA,Lighting,Ember Floor Lamp,Wholesale,2,111.65,223.31,120.15,35.31,8.77
101252,2025-05-14,Midwest,IL,Furniture,Nimbus Chair,Wholesale,4,321.17,1284.66,750.02,158.38,76.36
101182,2025-05-14,Northeast,PA,Storage,Vault Cabinet,Wholesale,2,279.0,558.01,307.42,61.18,18.46
101197,2025-05-14,Northeast,NY,Furniture,Drift Side Table,Retail,5,150.85,754.25,442.48,95.24,22.93
101271,2025-05-14,Midwest,IL,Lighting,Halo Monitor Arm,Retail,4,91.13,364.51,184.04,44.29,11.07
101177,2025-05-15,Northeast,PA,Furniture,Nimbus Chair,Wholesale,5,314.42,1572.12,978.53,170.18,60.03
101330,2025-05-15,Southeast,VA,Storage,Vault Cabinet,Retail,1,261.47,261.47,157.37,39.45,15.14
101286,2025-05-15,South,GA,Furniture,Drift Side Table,Online,1,142.2,142.2,92.28,17.53,9.07
101336,2025-05-15,Southwest,NM,Lighting,Aria Desk Lamp,Wholesale,4,71.47,285.87,140.36,40.75,19.83
101217,2025-05-15,West,NV,Furniture,Drift Side Table,Retail,4,151.35,605.41,357.68,64.83,34.08
101173,2025-05-15,Northeast,NY,Lighting,Halo Monitor Arm,Online,3,95.84,287.52,150.74,32.26,15.58
101282,2025-05-15,South,TN,Storage,Loop Bin Set,Retail,2,51.73,103.46,59.46,13.97,7.19
101253,2025-05-15,Midwest,IL,Storage,Loop Bin Set,Wholesale,5,54.7,273.49,160.0,42.52,12.54
101266,2025-05-15,Midwest,WI,Lighting,Aria Desk Lamp,Wholesale,1,73.03,73.03,39.77,7.95,3.66
101227,2025-05-15,West,CA,Furniture,Drift Side Table,Online,4,144.54,578.17,341.05,80.68,31.51
101221,2025-05-16,West,OR,Lighting,Aria Desk Lamp,Wholesale,4,66.58,266.33,131.12,33.68,16.17
101202,2025-05-16,Northeast,PA,Lighting,Aria Desk Lamp,Online,5,71.68,358.4,194.35,53.47,16.85
101189,2025-05-16,Northeast,NY,Furniture,Nimbus Chair,Retail,4,333.06,1332.24,867.54,142.42,73.5
101175,2025-05-17,Northeast,NJ,Lighting,Ember Floor Lamp,Online,4,114.49,457.96,238.65,50.67,24.05
101230,2025-05-17,West,CA,Furniture,Drift Side Table,Wholesale,2,153.37,306.73,186.83,35.04,10.71
101287,2025-05-17,South,TN,Lighting,Halo Monitor Arm,Wholesale,1,86.73,86.73,47.42,10.29,5.09
101295,2025-05-18,South,AL,Furniture,Drift Side Table,Wholesale,2,154.72,309.44,183.86,40.34,16.52
101196,2025-05-18,Northeast,NJ,Furniture,Nimbus Chair,Online,4,320.31,1281.23,795.01,168.72,88.73
101209,2025-05-18,West,NV,Storage,Vault Cabinet,Retail,5,273.69,1368.47,784.59,207.42,84.76
101254,2025-05-18,Midwest,WI,Storage,Cascade Shelf,Retail,2,173.47,346.94,196.67,51.35,12.76
101325,2025-05-18,Southeast,VA,Storage,Loop Bin Set,Retail,3,53.47,160.42,96.24,25.45,8.9
101294,2025-05-19,South,TN,Furniture,Aster Bookcase,Wholesale,1,425.91,425.91,266.21,59.12,20.28
101238,2025-05-19,West,NV,Storage,Vault Cabinet,Online,4,277.53,1110.11,649.51,131.57,34.88
101179,2025-05-19,Northeast,NY,Furniture,Aster Bookcase,Retail,2,422.59,845.19,534.73,89.44,26.01
101210,2025-05-19,West,NV,Furniture,Drift Side Table,Online,3,142.74,428.21,249.81,61.58,29.77
101349,2025-05-19,Southwest,AZ,Storage,Vault Cabinet,Retail,1,257.58,257.58,141.84,31.09,15.06
101333,2025-05-19,Southwest,OK,Furniture,Drift Side Table,Retail,4,141.17,564.67,352.21,78.34,32.24
101172,2025-05-19,Northeast,NJ,Lighting,Halo Monitor Arm,Online,2,88.67,177.35,96.21,23.71,8.17
101233,2025-05-19,West,OR,Lighting,Aria Desk Lamp,Online,5,66.59,332.97,173.17,45.27,19.43
101299,2025-05-20,South,GA,Lighting,Ember Floor Lamp,Retail,4,106.46,425.83,221.28,50.19,29.74
101219,2025-05-20,West,CA,Furniture,Drift Side Table,Wholesale,2,141.83,283.66,167.87,28.96,9.02
101348,2025-05-20,Southwest,OK,Furniture,Drift Side Table,Retail,3,143.07,429.2,266.95,58.66,20.32
101284,2025-05-20,South,TN,Lighting,Aria Desk Lamp,Retail,1,64.83,64.83,35.73,9.25,4.15
101255,2025-05-20,Midwest,MI,Lighting,Aria Desk Lamp,Retail,3,66.15,198.44,103.38,22.53,7.0
101242,2025-05-21,West,OR,Lighting,Ember Floor Lamp,Online,1,120.73,120.73,59.85,17.21,7.68
101200,2025-05-21,Northeast,NJ,Furniture,Nimbus Chair,Retail,4,305.01,1220.05,766.46,143.63,71.94
101346,2025-05-21,Southwest,NM,Furniture,Drift Side Table,Wholesale,2,142.07,284.14,177.97,33.56,16.51
101223,2025-05-22,West,OR,Furniture,Nimbus Chair,Wholesale,5,338.1,1690.51,1041.67,208.19,53.85
101269,2025-05-22,Midwest,IL,Furniture,Drift Side Table,Wholesale,2,141.88,283.77,171.82,36.4,8.52
101275,2025-05-22,Midwest,OH,Furniture,Drift Side Table,Online,5,141.09,705.44,426.85,70.69,27.81
101183,2025-05-23,Northeast,PA,Furniture,Aster Bookcase,Retail,5,400.81,2004.04,1262.06,225.26,106.56
101198,2025-05-23,Northeast,PA,Furniture,Nimbus Chair,Online,3,334.14,1002.41,655.03,144.94,61.54
101343,2025-05-23,Southwest,OK,Furniture,Aster Bookcase,Wholesale,2,442.23,884.47,524.49,90.05,32.74
101335,2025-05-23,Southwest,AZ,Furniture,Drift Side Table,Online,3,141.02,423.06,251.89,67.35,29.59
101236,2025-05-23,West,OR,Lighting,Ember Floor Lamp,Wholesale,1,107.79,107.79,52.91,15.92,5.43
101267,2025-05-23,Midwest,MI,Furniture,Aster Bookcase,Online,5,399.6,1997.99,1177.64,287.59,81.37
101292,2025-05-23,South,TN,Furniture,Nimbus Chair,Wholesale,2,334.2,668.4,402.23,87.76,20.45
101303,2025-05-24,South,GA,Storage,Loop Bin Set,Retail,4,51.41,205.65,124.46,25.3,7.81
101201,2025-05-24,Northeast,MA,Furniture,Aster Bookcase,Wholesale,5,394.88,1974.39,1213.64,256.75,75.04
101264,2025-05-25,Midwest,WI,Furniture,Drift Side Table,Retail,3,150.49,451.48,264.6,54.36,19.89
101204,2025-05-25,Northeast,NJ,Lighting,Aria Desk Lamp,Wholesale,5,73.4,367.01,185.78,57.99,24.63
101229,2025-05-26,West,CA,Furniture,Nimbus Chair,Wholesale,4,310.91,1243.65,800.74,173.36,49.73
101195,2025-05-26,Northeast,MA,Lighting,Ember Floor Lamp,Online,3,113.46,340.37,181.82,45.08,17.42
101313,2025-05-26,Southeast,VA,Lighting,Ember Floor Lamp,Online,1,117.65,117.65,61.82,14.55,6.15
101273,2025-05-26,Midwest,MI,Lighting,Halo Monitor Arm,Retail,5,92.85,464.27,248.36,66.61,27.63
101280,2025-05-26,Midwest,WI,Furniture,Nimbus Chair,Online,4,323.52,1294.06,818.81,194.95,61.5
101339,2025-05-27,Southwest,NM,Furniture,Nimbus Chair,Online,2,332.33,664.66,410.41,99.95,32.83
101276,2025-05-27,Midwest,OH,Furniture,Nimbus Chair,Online,2,336.68,673.36,394.31,104.94,41.48
101215,2025-05-27,West,CA,Lighting,Halo Monitor Arm,Retail,3,93.22,279.67,140.97,42.78,8.81
101302,2025-05-27,South,TN,Storage,Cascade Shelf,Wholesale,1,179.71,179.71,100.16,22.24,9.89
101308,2025-05-27,South,AL,Furniture,Aster Bookcase,Retail,1,398.62,398.62,254.74,53.82,13.31
101274,2025-05-28,Midwest,WI,Furniture,Drift Side Table,Retail,1,144.56,144.56,87.85,16.84,8.86
101285,2025-05-28,South,AL,Furniture,Nimbus Chair,Online,3,344.53,1033.59,642.82,117.25,55.0
101180,2025-05-28,Northeast,NJ,Furniture,Aster Bookcase,Retail,2,441.47,882.94,535.7,126.4,60.61
101170,2025-05-28,Northeast,NJ,Furniture,Nimbus Chair,Retail,4,331.85,1327.41,851.07,185.94,75.12
101256,2025-05-28,Midwest,WI,Storage,Cascade Shelf,Retail,4,189.94,759.75,422.81,98.63,43.07
101188,2025-05-28,Northeast,NJ,Furniture,Nimbus Chair,Wholesale,4,307.69,1230.75,757.77,161.76,66.35
101263,2025-05-28,Midwest,IL,Furniture,Aster Bookcase,Online,1,433.49,433.49,269.36,67.3,13.15
101206,2025-05-29,Northeast,NY,Furniture,Aster Bookcase,Online,5,404.95,2024.76,1309.11,307.34,68.46
101207,2025-05-29,West,OR,Lighting,Aria Desk Lamp,Online,1,71.1,71.1,36.45,9.09,3.34
101186,2025-05-29,Northeast,PA,Lighting,Ember Floor Lamp,Online,1,113.84,113.84,59.26,11.95,7.13
101258,2025-05-29,Midwest,WI,Furniture,Drift Side Table,Wholesale,5,152.28,761.42,480.68,89.14,32.8
101265,2025-05-29,Midwest,MI,Furniture,Nimbus Chair,Online,3,336.89,1010.66,600.03,135.07,45.48
101220,2025-05-30,West,CA,Furniture,Nimbus Chair,Online,4,304.73,1218.94,747.01,125.45,66.19
101315,2025-05-30,Southeast,SC,Furniture,Aster Bookcase,Online,5,434.42,2172.12,1396.73,242.24,119.81
101328,2025-05-30,Southeast,SC,Lighting,Halo Monitor Arm,Online,5,93.55,467.75,237.25,47.62,17.4
101297,2025-05-31,South,GA,Furniture,Aster Bookcase,Wholesale,3,406.01,1218.02,717.43,123.11,71.88
101239,2025-05-31,West,CA,Storage,Vault Cabinet,Retail,2,268.35,536.71,329.76,79.89,26.55
101298,2025-05-31,South,TN,Furniture,Drift Side Table,Online,1,145.74,145.74,90.2,15.55,8.95
101226,2025-05-31,West,NV,Furniture,Aster Bookcase,Retail,4,400.7,1602.79,980.59,196.68,50.4
101169,2025-05-31,Northeast,NY,Lighting,Ember Floor Lamp,Online,5,118.31,591.53,312.38,89.14,30.83
101181,2025-05-31,Northeast,MA,Furniture,Aster Bookcase,Retail,5,423.53,2117.64,1335.48,276.69,144.54
101216,2025-05-31,West,WA,Lighting,Ember Floor Lamp,Retail,2,112.99,225.98,119.65,32.0,7.55
101296,2025-05-31,South,TN,Furniture,Nimbus Chair,Retail,2,336.53,673.07,405.63,87.77,20.81
101191,2025-05-31,Northeast,PA,Furniture,Drift Side Table,Retail,1,149.54,149.54,89.89,22.23,4.94
101319,2025-05-31,Southeast,NC,Lighting,Halo Monitor Arm,Retail,1,93.9,93.9,50.6,11.95,3.67
101321,2025-05-31,Southeast,VA,Furniture,Drift Side Table,Wholesale,2,155.36,310.71,185.81,34.7,20.26
101194,2025-05-31,Northeast,NY,Storage,Cascade Shelf,Wholesale,2,183.36,366.71,218.42,38.82,24.4
101483,2025-06-01,Midwest,MI,Lighting,Aria Desk Lamp,Online,4,71.79,287.14,156.36,43.38,19.18
101389,2025-06-01,Northeast,NY,Furniture,Drift Side Table,Online,2,151.9,303.81,197.54,46.36,11.36
101533,2025-06-01,Southeast,NC,Furniture,Drift Side Table,Online,5,147.15,735.73,465.72,89.78,46.9
101356,2025-06-01,Northeast,NY,Storage,Cascade Shelf,Online,2,172.41,344.83,208.88,44.08,19.77
101467,2025-06-01,Midwest,MI,Furniture,Aster Bookcase,Online,2,440.06,880.12,550.77,124.94,48.89
101514,2025-06-01,South,TX,Storage,Cascade Shelf,Wholesale,4,173.81,695.23,409.45,76.69,40.86
101369,2025-06-02,Northeast,NJ,Lighting,Halo Monitor Arm,Wholesale,3,86.64,259.93,132.73,37.91,13.44
101421,2025-06-02,West,NV,Lighting,Aria Desk Lamp,Online,1,65.97,65.97,34.53,10.35,3.96
101472,2025-06-02,Midwest,OH,Furniture,Aster Bookcase,Wholesale,1,413.66,413.66,265.22,57.62,23.92
101387,2025-06-02,Northeast,NY,Storage,Loop Bin Set,Retail,5,57.66,288.31,163.75,33.89,16.92
101376,2025-06-02,Northeast,MA,Lighting,Aria Desk Lamp,Online,2,66.84,133.68,72.62,16.73,5.71
101489,2025-06-02,South,GA,Storage,Cascade Shelf,Online,1,188.92,188.92,105.34,27.44,7.53
101495,2025-06-03,South,AL,Furniture,Drift Side Table,Wholesale,2,142.2,284.39,175.42,44.74,9.13
101375,2025-06-03,Northeast,MA,Storage,Vault Cabinet,Retail,5,258.1,1290.49,758.45,191.36,84.47
101353,2025-06-03,Northeast,NY,Furniture,Drift Side Table,Online,3,142.79,428.38,271.81,67.85,20.64
101469,2025-06-04,Midwest,OH,Furniture,Nimbus Chair,Retail,4,334.66,1338.63,796.74,157.15,81.06
101427,2025-06-04,West,WA,Furniture,Drift Side Table,Online,1,154.68,154.68,95.03,21.53,6.43
101502,2025-06-04,South,GA,Furniture,Nimbus Chair,Wholesale,4,333.13,1332.53,819.83,146.71,91.39
101505,2025-06-04,South,TX,Storage,Cascade Shelf,Online,4,185.71,742.83,436.77,96.58,29.36
101359,2025-06-04,Northeast,NJ,Lighting,Aria Desk Lamp,Wholesale,4,70.37,281.46,145.07,38.57,17.48
101471,2025-06-04,Midwest,WI,Storage,Vault Cabinet,Wholesale,5,262.77,1313.84,760.76,188.49,73.25
101528,2025-06-05,Southeast,FL,Furniture,Aster Bookcase,Online,5,398.89,1994.44,1271.5,252.75,135.11
101448,2025-06-05,West,WA,Storage,Cascade Shelf,Wholesale,2,175.9,351.79,208.23,49.49,17.79
101352,2025-06-05,Northeast,MA,Furniture,Nimbus Chair,Retail,4,332.55,1330.21,813.94,193.87,55.87
101394,2025-06-05,Northeast,PA,Furniture,Aster Bookcase,Retail,4,421.06,1684.25,983.67,186.06,61.68
101384,2025-06-05,Northeast,MA,Lighting,Ember Floor Lamp,Retail,1,112.59,112.59,56.2,13.71,5.37
101513,2025-06-05,South,AL,Furniture,Nimbus Chair,Wholesale,3,305.52,916.57,569.94,130.47,31.31
101409,2025-06-05,West,WA,Lighting,Halo Monitor Arm,Online,1,85.76,85.76,41.99,12.14,3.42
101468,2025-06-05,Midwest,IL,Furniture,Nimbus Chair,Wholesale,4,317.41,1269.65,807.61,174.61,71.22
101532,2025-06-05,Southeast,NC,Lighting,Ember Floor Lamp,Retail,5,112.93,564.67,287.27,84.73,31.75
101362,2025-06-05,Northeast,NJ,Furniture,Aster Bookcase,Online,4,422.41,1689.64,1067.65,263.17,82.75
101454,2025-06-05,Midwest,WI,Storage,Vault Cabinet,Online,1,254.29,254.29,147.61,30.99,11.74
101449,2025-06-05,West,NV,Furniture,Aster Bookcase,Retail,1,415.46,415.46,264.07,64.28,28.6
101450,2025-06-05,West,OR,Lighting,Halo Monitor Arm,Retail,1,89.24,89.24,44.63,12.05,3.93
101507,2025-06-06,South,TN,Furniture,Aster Bookcase,Retail,3,411.71,1235.13,779.13,175.23,42.16
101428,2025-06-06,West,NV,Storage,Cascade Shelf,Online,4,181.12,724.46,433.15,89.79,31.63
101491,2025-06-06,South,TX,Storage,Cascade Shelf,Online,2,173.43,346.86,200.42,39.89,22.7
101479,2025-06-06,Midwest,IL,Furniture,Drift Side Table,Wholesale,3,144.85,434.56,254.83,59.63,23.32
101501,2025-06-07,South,GA,Furniture,Nimbus Chair,Retail,3,342.39,1027.18,668.09,126.67,51.73
101403,2025-06-07,West,CA,Furniture,Drift Side Table,Retail,1,148.33,148.33,88.49,17.67,6.35
101370,2025-06-07,Northeast,NJ,Storage,Cascade Shelf,Wholesale,5,171.96,859.8,513.18,92.17,53.56
101446,2025-06-07,West,CA,Furniture,Drift Side Table,Retail,1,139.24,139.24,89.2,21.09,4.98
101436,2025-06-07,West,CA,Storage,Vault Cabinet,Online,4,266.53,1066.1,635.2,113.36,42.3
101398,2025-06-07,West,OR,Furniture,Drift Side Table,Retail,2,143.28,286.56,182.93,29.72,19.99
101366,2025-06-08,Northeast,NJ,Storage,Loop Bin Set,Retail,4,54.14,216.56,131.83,26.85,11.76
101354,2025-06-08,Northeast,PA,Furniture,Drift Side Table,Wholesale,5,142.68,713.39,428.11,92.57,30.97
101442,2025-06-08,West,WA,Furniture,Aster Bookcase,Retail,2,424.91,849.82,543.55,101.98,38.51
101407,2025-06-08,West,OR,Lighting,Ember Floor Lamp,Retail,5,117.1,585.49,322.27,92.24,37.44
101423,2025-06-08,West,CA,Furniture,Drift Side Table,Online,4,153.49,613.94,398.3,66.26,19.28
101383,2025-06-08,Northeast,MA,Lighting,Ember Floor Lamp,Wholesale,5,108.92,544.58,280.76,66.28,24.74
101374,2025-06-08,Northeast,NJ,Furniture,Drift Side Table,Wholesale,5,147.75,738.77,459.05,94.08,38.5
101351,2025-06-08,Northeast,MA,Furniture,Aster Bookcase,Retail,4,416.49,1665.97,1046.12,239.02,109.69
101386,2025-06-09,Northeast,MA,Furniture,Nimbus Chair,Online,1,336.87,336.87,200.88,53.39,20.63
101496,2025-06-10,South,AL,Storage,Vault Cabinet,Online,1,260.22,260.22,158.43,35.15,10.07
101365,2025-06-10,Northeast,PA,Storage,Vault Cabinet,Wholesale,2,253.34,506.68,295.15,54.68,25.6
101417,2025-06-10,West,OR,Storage,Cascade Shelf,Online,2,184.97,369.94,206.65,47.18,18.99
101551,2025-06-10,Southwest,OK,Lighting,Ember Floor Lamp,Online,5,109.72,548.58,272.7,81.46,24.19
101401,2025-06-10,West,CA,Furniture,Aster Bookcase,Wholesale,3,414.15,1242.46,742.59,159.6,39.78
101544,2025-06-10,Southwest,NM,Furniture,Aster Bookcase,Wholesale,3,425.3,1275.91,781.23,199.16,75.35
101453,2025-06-10,West,WA,Lighting,Ember Floor Lamp,Wholesale,4,116.62,466.49,247.51,59.01,25.9
101470,2025-06-10,Midwest,MI,Furniture,Aster Bookcase,Retail,4,428.95,1715.79,1077.93,224.95,65.05
101462,2025-06-10,Midwest,OH,Storage,Loop Bin Set,Retail,2,56.31,112.62,69.18,13.22,5.24
101539,2025-06-10,Southeast,SC,Furniture,Aster Bookcase,Online,5,442.49,2212.46,1317.7,303.78,153.95
101464,2025-06-10,Midwest,OH,Lighting,Halo Monitor Arm,Wholesale,4,92.31,369.26,187.4,49.8,17.42
101541,2025-06-10,Southwest,OK,Furniture,Nimbus Chair,Wholesale,1,307.22,307.22,184.86,45.16,14.4
101552,2025-06-11,Southwest,AZ,Furniture,Aster Bookcase,Wholesale,1,434.43,434.43,256.95,49.89,16.73
101455,2025-06-11,Midwest,WI,Lighting,Aria Desk Lamp,Wholesale,5,73.11,365.54,183.22,42.45,19.68
101393,2025-06-11,Northeast,PA,Storage,Vault Cabinet,Wholesale,1,260.44,260.44,145.99,31.57,12.07
101391,2025-06-11,Northeast,PA,Storage,Cascade Shelf,Online,4,189.44,757.75,455.56,119.27,40.33
101499,2025-06-11,South,TX,Lighting,Aria Desk Lamp,Retail,3,70.99,212.96,114.78,33.09,6.84
101542,2025-06-11,Southwest,AZ,Storage,Loop Bin Set,Online,2,55.26,110.53,64.77,16.03,6.65
101438,2025-06-12,West,WA,Furniture,Aster Bookcase,Online,4,420.91,1683.63,1062.98,181.86,108.43
101534,2025-06-12,Southeast,NC,Lighting,Aria Desk Lamp,Retail,3,72.19,216.57,107.26,26.37,9.94
101498,2025-06-13,South,AL,Furniture,Aster Bookcase,Retail,3,399.88,1199.63,712.84,142.88,77.63
101440,2025-06-13,West,CA,Storage,Loop Bin Set,Online,3,54.4,163.2,93.88,20.78,9.68
101516,2025-06-13,South,GA,Furniture,Nimbus Chair,Online,3,343.55,1030.64,668.81,123.63,46.61
101492,2025-06-13,South,TX,Lighting,Aria Desk Lamp,Online,2,68.59,137.18,69.63,14.61,5.15
101550,2025-06-13,Southwest,AZ,Lighting,Halo Monitor Arm,Online,4,93.92,375.69,203.24,53.15,21.89
101425,2025-06-13,West,WA,Furniture,Nimbus Chair,Online,2,315.14,630.28,368.53,92.84,25.36
101379,2025-06-13,Northeast,MA,Furniture,Nimbus Chair,Wholesale,5,317.61,1588.05,935.31,208.36,62.12
101459,2025-06-14,Midwest,MI,Furniture,Aster Bookcase,Online,5,435.86,2179.29,1363.71,346.52,73.63
101549,2025-06-14,Southwest,NM,Lighting,Ember Floor Lamp,Retail,3,118.67,356.01,179.04,45.86,13.0
101368,2025-06-14,Northeast,NJ,Furniture,Drift Side Table,Online,4,141.93,567.71,341.84,87.29,30.86
101486,2025-06-15,Midwest,MI,Storage,Vault Cabinet,Online,4,267.15,1068.58,648.56,148.09,70.34
101360,2025-06-15,Northeast,MA,Furniture,Nimbus Chair,Retail,3,331.16,993.48,600.85,110.21,51.97
101543,2025-06-15,Southwest,AZ,Furniture,Drift Side Table,Online,3,152.15,456.44,278.79,51.76,20.53
101377,2025-06-15,Northeast,NY,Lighting,Aria Desk Lamp,Wholesale,2,66.87,133.73,68.83,18.0,5.24
101521,2025-06-15,Southeast,NC,Storage,Vault Cabinet,Online,3,249.37,748.12,459.19,105.84,44.03
101504,2025-06-15,South,AL,Lighting,Aria Desk Lamp,Online,5,65.72,328.58,178.59,39.24,18.78
101520,2025-06-15,South,GA,Lighting,Aria Desk Lamp,Online,4,68.24,272.95,135.94,40.34,8.79
101555,2025-06-15,Southwest,AZ,Furniture,Drift Side Table,Online,3,154.35,463.05,278.74,59.85,29.1
101412,2025-06-15,West,OR,Furniture,Drift Side Table,Online,3,147.32,441.96,263.53,52.85,16.72
101424,2025-06-15,West,WA,Lighting,Aria Desk Lamp,Retail,5,69.15,345.74,174.14,50.24,22.12
101434,2025-06-15,West,NV,Lighting,Aria Desk Lamp,Online,1,66.95,66.95,34.52,7.62,3.53
101415,2025-06-15,West,OR,Storage,Loop Bin Set,Online,3,57.5,172.49,105.13,19.03,10.7
101435,2025-06-16,West,NV,Furniture,Drift Side Table,Online,1,153.98,153.98,98.81,16.1,9.08
101465,2025-06-16,Midwest,IL,Lighting,Halo Monitor Arm,Wholesale,1,86.27,86.27,45.35,12.53,2.63
101540,2025-06-16,Southeast,FL,Storage,Vault Cabinet,Retail,5,254.21,1271.06,772.55,141.68,45.96
101493,2025-06-16,South,AL,Storage,Loop Bin Set,Online,4,57.77,231.06,131.8,25.11,14.37
101503,2025-06-16,South,GA,Furniture,Aster Bookcase,Online,4,427.09,1708.36,1001.11,227.89,119.24
101522,2025-06-16,Southeast,FL,Lighting,Aria Desk Lamp,Online,4,70.99,283.95,139.02,37.08,18.47
101488,2025-06-16,Midwest,OH,Lighting,Halo Monitor Arm,Retail,1,89.54,89.54,48.54,11.33,2.98
101475,2025-06-16,Midwest,OH,Storage,Loop Bin Set,Retail,4,55.05,220.22,131.85,28.8,8.16
101524,2025-06-17,Southeast,FL,Furniture,Aster Bookcase,Retail,5,430.29,2151.46,1336.0,321.33,138.58
101519,2025-06-17,South,AL,Furniture,Aster Bookcase,Wholesale,2,418.11,836.23,534.1,115.14,55.45
101481,2025-06-17,Midwest,WI,Furniture,Nimbus Chair,Retail,3,310.38,931.14,544.96,102.26,40.69
101517,2025-06-17,South,TN,Furniture,Nimbus Chair,Retail,5,342.7,1713.52,1048.36,172.64,63.33
101461,2025-06-17,Midwest,IL,Furniture,Drift Side Table,Wholesale,5,144.86,724.3,467.2,111.9,45.56
101537,2025-06-17,Southeast,NC,Storage,Vault Cabinet,Wholesale,1,276.74,276.74,153.82,30.26,18.51
101518,2025-06-18,South,TX,Furniture,Nimbus Chair,Online,1,331.21,331.21,202.46,38.07,11.87
101553,2025-06-18,Southwest,NM,Lighting,Halo Monitor Arm,Online,2,87.05,174.1,92.59,24.24,9.18
101413,2025-06-18,West,WA,Lighting,Ember Floor Lamp,Online,3,117.12,351.35,192.94,36.27,16.42
101371,2025-06-18,Northeast,NJ,Lighting,Ember Floor Lamp,Retail,2,119.27,238.54,126.57,27.98,16.46
101408,2025-06-18,West,CA,Storage,Cascade Shelf,Wholesale,3,177.08,531.23,298.04,65.99,28.39
101484,2025-06-19,Midwest,MI,Furniture,Drift Side Table,Wholesale,5,153.14,765.69,502.26,96.86,45.68
101509,2025-06-19,South,GA,Furniture,Nimbus Chair,Online,4,306.98,1227.91,781.01,137.47,83.37
101473,2025-06-19,Midwest,IL,Furniture,Aster Bookcase,Online,3,399.18,1197.55,709.23,134.88,63.72
101358,2025-06-19,Northeast,NY,Lighting,Ember Floor Lamp,Retail,2,107.36,214.73,115.81,33.44,12.54
101515,2025-06-19,South,GA,Furniture,Drift Side Table,Wholesale,1,146.54,146.54,92.08,19.21,9.33
101363,2025-06-19,Northeast,NJ,Lighting,Halo Monitor Arm,Wholesale,5,95.65,478.27,247.58,53.86,21.68
101557,2025-06-19,Southwest,OK,Furniture,Drift Side Table,Online,5,148.62,743.12,461.1,112.41,42.58
101456,2025-06-19,Midwest,OH,Lighting,Ember Floor Lamp,Online,2,117.27,234.53,119.13,35.36,13.9
101463,2025-06-19,Midwest,WI,Storage,Loop Bin Set,Online,2,52.37,104.74,63.37,11.19,5.75
101500,2025-06-19,South,TN,Furniture,Nimbus Chair,Online,4,329.15,1316.58,836.2,171.51,46.88
101506,2025-06-19,South,GA,Furniture,Nimbus Chair,Online,2,324.61,649.23,383.96,98.64,35.3
101497,2025-06-20,South,TN,Furniture,Drift Side Table,Online,3,143.83,431.5,271.17,66.56,21.18
101410,2025-06-20,West,CA,Furniture,Drift Side Table,Wholesale,2,147.4,294.8,179.28,41.72,9.37
101487,2025-06-20,Midwest,OH,Storage,Vault Cabinet,Retail,2,271.45,542.89,305.05,62.3,20.3
101380,2025-06-20,Northeast,PA,Storage,Cascade Shelf,Online,4,187.06,748.25,424.16,119.66,44.35
101525,2025-06-20,Southeast,NC,Lighting,Aria Desk Lamp,Retail,3,70.77,212.3,104.9,22.84,12.83
101411,2025-06-20,West,WA,Storage,Loop Bin Set,Wholesale,5,55.57,277.83,159.5,29.55,8.73
101457,2025-06-20,Midwest,WI,Lighting,Halo Monitor Arm,Online,5,93.96,469.78,235.67,61.16,16.32
101361,2025-06-20,Northeast,NJ,Storage,Cascade Shelf,Online,5,179.42,897.12,534.38,116.91,40.87
101445,2025-06-20,West,CA,Storage,Loop Bin Set,Wholesale,1,53.14,53.14,29.35,7.35,2.43
101508,2025-06-21,South,TN,Furniture,Nimbus Chair,Online,1,322.91,322.91,192.21,44.53,13.65
101530,2025-06-21,Southeast,NC,Furniture,Nimbus Chair,Wholesale,3,336.06,1008.19,639.59,144.16,39.16
101523,2025-06-21,Southeast,FL,Lighting,Aria Desk Lamp,Online,3,72.79,218.36,119.23,33.66,12.52
101418,2025-06-21,West,CA,Furniture,Aster Bookcase,Retail,2,396.97,793.95,479.97,95.44,38.25
101405,2025-06-21,West,NV,Furniture,Nimbus Chair,Online,4,324.87,1299.48,784.86,204.91,87.41
101388,2025-06-22,Northeast,NY,Furniture,Aster Bookcase,Online,1,425.9,425.9,251.68,60.24,15.15
101355,2025-06-22,Northeast,NJ,Storage,Loop Bin Set,Wholesale,1,57.32,57.32,34.82,6.52,2.91
101402,2025-06-22,West,OR,Furniture,Aster Bookcase,Online,2,415.49,830.98,538.6,110.21,34.46
101441,2025-06-22,West,WA,Lighting,Ember Floor Lamp,Wholesale,3,118.52,355.56,193.81,52.75,11.63
101430,2025-06-22,West,WA,Lighting,Halo Monitor Arm,Retail,4,85.98,343.94,179.26,54.1,22.3
101439,2025-06-22,West,CA,Lighting,Ember Floor Lamp,Online,1,116.64,116.64,64.01,16.7,6.27
101476,2025-06-22,Midwest,WI,Furniture,Aster Bookcase,Online,1,402.9,402.9,241.98,48.02,15.68
101511,2025-06-22,South,GA,Furniture,Nimbus Chair,Retail,5,340.2,1701.01,1086.36,254.42,103.07
101482,2025-06-22,Midwest,OH,Furniture,Aster Bookcase,Online,2,440.23,880.47,543.08,102.86,36.22
101429,2025-06-23,West,CA,Furniture,Nimbus Chair,Online,1,306.24,306.24,198.01,45.29,19.55
101535,2025-06-23,Southeast,SC,Furniture,Nimbus Chair,Online,3,309.98,929.95,560.59,128.69,53.58
101460,2025-06-23,Midwest,IL,Lighting,Halo Monitor Arm,Online,3,88.11,264.33,136.69,37.42,15.33
101404,2025-06-24,West,CA,Storage,Cascade Shelf,Online,2,172.46,344.93,191.09,42.93,14.58
101458,2025-06-24,Midwest,MI,Lighting,Aria Desk Lamp,Retail,3,65.31,195.92,103.27,20.23,6.62
101538,2025-06-24,Southeast,SC,Furniture,Aster Bookcase,Retail,5,416.33,2081.63,1246.48,261.67,140.59
101350,2025-06-24,Northeast,NJ,Lighting,Aria Desk Lamp,Online,4,70.22,280.86,141.04,43.35,16.36
101426,2025-06-24,West,WA,Lighting,Halo Monitor Arm,Wholesale,3,94.24,282.72,139.75,40.99,8.72
101431,2025-06-24,West,CA,Furniture,Nimbus Chair,Online,4,308.33,1233.32,734.4,174.76,54.92
101432,2025-06-24,West,OR,Furniture,Drift Side Table,Online,5,147.8,739.02,459.29,94.75,40.29
101416,2025-06-25,West,CA,Lighting,Halo Monitor Arm,Online,5,86.52,432.62,237.38,44.89,14.11
101554,2025-06-25,Southwest,AZ,Storage,Vault Cabinet,Retail,3,276.07,828.22,498.24,111.86,46.5
101390,2025-06-25,Northeast,NJ,Furniture,Aster Bookcase,Online,1,427.85,427.85,275.7,57.89,12.99
101545,2025-06-25,Southwest,OK,Lighting,Ember Floor Lamp,Retail,2,115.85,231.7,124.55,35.89,15.75
101396,2025-06-25,Northeast,NJ,Lighting,Ember Floor Lamp,Retail,5,108.27,541.36,275.17,56.73,19.62
101397,2025-06-25,Northeast,NJ,Furniture,Drift Side Table,Retail,5,144.85,724.25,442.11,100.63,23.95
101392,2025-06-26,Northeast,PA,Lighting,Ember Floor Lamp,Wholesale,3,116.61,349.83,175.96,35.35,19.16
101385,2025-06-26,Northeast,NY,Lighting,Halo Monitor Arm,Retail,5,90.92,454.59,249.28,54.06,20.08
101529,2025-06-26,Southeast,VA,Lighting,Halo Monitor Arm,Online,3,92.15,276.44,151.62,32.22,15.24
101478,2025-06-26,Midwest,IL,Lighting,Ember Floor Lamp,Online,2,117.82,235.64,115.75,32.17,13.56
101414,2025-06-26,West,OR,Furniture,Drift Side Table,Online,1,146.47,146.47,95.42,16.41,5.02
101372,2025-06-26,Northeast,PA,Lighting,Ember Floor Lamp,Online,3,112.28,336.83,173.7,52.57,23.11
101406,2025-06-26,West,CA,Lighting,Aria Desk Lamp,Online,2,71.98,143.96,75.32,18.62,9.21
101526,2025-06-26,Southeast,FL,Furniture,Nimbus Chair,Retail,1,341.63,341.63,207.03,49.81,15.96
101546,2025-06-27,Southwest,NM,Lighting,Ember Floor Lamp,Online,5,119.67,598.35,299.14,70.43,25.07
101381,2025-06-27,Northeast,NY,Lighting,Halo Monitor Arm,Retail,5,91.37,456.84,242.63,55.95,14.49
101364,2025-06-27,Northeast,NJ,Storage,Loop Bin Set,Wholesale,2,56.61,113.22,69.2,15.09,5.62
101378,2025-06-27,Northeast,MA,Furniture,Drift Side Table,Wholesale,2,144.26,288.51,177.11,35.54,19.78
101547,2025-06-27,Southwest,NM,Lighting,Aria Desk Lamp,Online,1,66.68,66.68,36.29,10.66,3.2
101536,2025-06-27,Southeast,SC,Furniture,Nimbus Chair,Online,1,324.36,324.36,206.56,44.51,15.55
101395,2025-06-27,Northeast,NY,Furniture,Aster Bookcase,Retail,4,395.9,1583.61,936.87,173.8,79.71
101452,2025-06-27,West,NV,Furniture,Drift Side Table,Wholesale,4,140.5,561.99,344.97,66.36,25.58
101466,2025-06-27,Midwest,MI,Furniture,Aster Bookcase,Online,2,416.51,833.03,499.52,84.58,25.04
101447,2025-06-27,West,NV,Furniture,Nimbus Chair,Online,1,315.93,315.93,192.24,40.99,17.99
101474,2025-06-27,Midwest,WI,Lighting,Halo Monitor Arm,Retail,2,94.51,189.03,99.89,19.08,12.58
101480,2025-06-27,Midwest,OH,Storage,Vault Cabinet,Online,3,279.09,837.27,513.45,89.13,51.77
101433,2025-06-27,West,NV,Storage,Cascade Shelf,Online,2,182.4,364.79,206.65,42.42,25.5
101490,2025-06-27,South,TN,Furniture,Drift Side Table,Online,1,151.33,151.33,91.94,22.17,5.91
101527,2025-06-27,Southeast,FL,Lighting,Halo Monitor Arm,Retail,3,86.89,260.67,135.67,28.73,8.31
101510,2025-06-27,South,TX,Storage,Cascade Shelf,Retail,5,178.01,890.07,539.24,116.56,32.98
101494,2025-06-28,South,TN,Furniture,Aster Bookcase,Retail,3,433.17,1299.51,791.55,135.8,90.5
101399,2025-06-28,West,WA,Furniture,Aster Bookcase,Retail,5,428.96,2144.78,1370.79,309.69,76.11
101419,2025-06-28,West,NV,Lighting,Ember Floor Lamp,Retail,3,119.08,357.25,190.59,38.91,24.69
101367,2025-06-28,Northeast,PA,Furniture,Aster Bookcase,Retail,3,401.22,1203.66,731.75,140.02,43.38
101400,2025-06-28,West,NV,Storage,Loop Bin Set,Retail,1,54.81,54.81,31.65,6.26,2.72
101437,2025-06-28,West,NV,Lighting,Halo Monitor Arm,Wholesale,1,93.69,93.69,46.09,11.77,5.98
101382,2025-06-28,Northeast,MA,Storage,Cascade Shelf,Online,1,186.73,186.73,112.97,19.73,10.58
101531,2025-06-28,Southeast,FL,Lighting,Aria Desk Lamp,Wholesale,4,71.35,285.42,143.12,31.03,10.33
101420,2025-06-29,West,OR,Storage,Loop Bin Set,Online,3,52.46,157.38,90.36,22.12,7.07
101373,2025-06-29,Northeast,NJ,Storage,Vault Cabinet,Online,2,271.2,542.4,314.35,84.73,24.47
101512,2025-06-29,South,GA,Furniture,Drift Side Table,Online,4,153.91,615.64,361.39,76.67,37.49
101451,2025-06-29,West,OR,Furniture,Drift Side Table,Retail,5,145.7,728.52,455.1,82.17,39.32
101357,2025-06-29,Northeast,NY,Storage,Vault Cabinet,Online,2,272.73,545.46,303.53,64.77,25.16
101444,2025-06-29,West,WA,Storage,Loop Bin Set,Online,4,54.23,216.9,125.44,30.98,7.28
101556,2025-06-30,Southwest,AZ,Lighting,Aria Desk Lamp,Online,5,68.63,343.14,172.4,49.47,11.4
101548,2025-06-30,Southwest,OK,Furniture,Nimbus Chair,Wholesale,5,308.71,1543.54,957.45,163.31,47.43
101443,2025-06-30,West,CA,Storage,Cascade Shelf,Online,5,189.17,945.83,529.44,118.57,37.33
101477,2025-06-30,Midwest,WI,Lighting,Halo Monitor Arm,Wholesale,4,90.71,362.83,196.31,53.81,16.2
101485,2025-06-30,Midwest,OH,Lighting,Ember Floor Lamp,Online,4,117.34,469.37,240.92,68.0,27.53
101422,2025-06-30,West,OR,Storage,Vault Cabinet,Wholesale,3,274.56,823.69,455.13,114.54,28.68
101725,2025-07-01,Southeast,SC,Lighting,Halo Monitor Arm,Online,2,88.73,177.47,96.86,21.12,8.93
101714,2025-07-01,South,TN,Furniture,Drift Side Table,Retail,2,150.11,300.22,183.4,36.08,13.23
101733,2025-07-01,Southeast,VA,Lighting,Ember Floor Lamp,Online,1,114.59,114.59,61.41,14.94,5.41
101628,2025-07-01,West,WA,Lighting,Ember Floor Lamp,Wholesale,2,106.64,213.28,114.65,30.58,14.88
101647,2025-07-02,West,CA,Lighting,Aria Desk Lamp,Retail,2,70.23,140.46,75.1,17.9,7.31
101669,2025-07-02,Midwest,OH,Lighting,Aria Desk Lamp,Online,2,70.58,141.16,70.53,19.25,4.89
101578,2025-07-02,Northeast,NY,Storage,Vault Cabinet,Online,1,267.52,267.52,147.6,37.28,10.52
101721,2025-07-02,Southeast,VA,Storage,Cascade Shelf,Online,5,192.3,961.48,530.57,135.24,42.0
101629,2025-07-02,West,WA,Lighting,Halo Monitor Arm,Retail,3,87.81,263.43,140.74,31.98,9.28
101639,2025-07-03,West,WA,Furniture,Aster Bookcase,Online,2,433.61,867.22,546.0,96.31,36.53
101595,2025-07-03,Northeast,PA,Storage,Vault Cabinet,Retail,5,256.9,1284.51,703.5,148.92,49.16
101588,2025-07-03,Northeast,NJ,Furniture,Drift Side Table,Wholesale,3,140.54,421.63,253.06,49.7,19.08
101728,2025-07-03,Southeast,NC,Furniture,Drift Side Table,Wholesale,1,142.87,142.87,90.65,15.96,7.02
101566,2025-07-03,Northeast,MA,Furniture,Aster Bookcase,Online,3,441.7,1325.09,788.02,146.7,71.74
101615,2025-07-03,West,NV,Furniture,Aster Bookcase,Online,2,392.8,785.6,507.2,80.17,25.75
101613,2025-07-04,West,WA,Furniture,Aster Bookcase,Online,3,438.34,1315.01,806.16,207.86,83.91
101635,2025-07-04,West,WA,Lighting,Ember Floor Lamp,Wholesale,1,115.92,115.92,60.38,12.4,7.79
101748,2025-07-04,Southwest,NM,Storage,Loop Bin Set,Online,2,57.23,114.47,69.01,16.41,7.39
101621,2025-07-05,West,NV,Lighting,Halo Monitor Arm,Online,3,89.05,267.14,137.97,36.45,9.22
101627,2025-07-05,West,CA,Furniture,Nimbus Chair,Wholesale,1,336.5,336.5,211.77,47.0,12.06
101766,2025-07-05,Southwest,OK,Lighting,Ember Floor Lamp,Online,5,114.72,573.59,285.94,68.61,27.24
101763,2025-07-05,Southwest,NM,Lighting,Ember Floor Lamp,Wholesale,5,117.17,585.83,309.18,88.38,34.02
101590,2025-07-05,Northeast,MA,Furniture,Nimbus Chair,Retail,4,309.61,1238.44,785.84,125.94,60.39
101659,2025-07-05,Midwest,MI,Furniture,Nimbus Chair,Retail,4,344.92,1379.69,897.3,159.07,45.06
101723,2025-07-05,Southeast,SC,Storage,Loop Bin Set,Retail,5,53.91,269.56,149.09,36.63,15.85
101652,2025-07-05,West,WA,Furniture,Nimbus Chair,Online,3,330.33,990.99,635.18,117.0,54.42
101676,2025-07-05,Midwest,OH,Storage,Loop Bin Set,Online,3,54.68,164.05,95.87,19.02,9.37
101609,2025-07-06,Northeast,NY,Lighting,Ember Floor Lamp,Online,3,119.86,359.57,197.05,38.07,19.92
101617,2025-07-06,West,OR,Furniture,Nimbus Chair,Online,4,341.91,1367.65,819.27,175.67,64.22
101737,2025-07-06,Southeast,VA,Furniture,Aster Bookcase,Wholesale,5,413.27,2066.33,1342.72,309.95,142.49
101601,2025-07-06,Northeast,PA,Lighting,Aria Desk Lamp,Wholesale,1,65.28,65.28,34.21,9.97,2.59
101600,2025-07-06,Northeast,NJ,Storage,Vault Cabinet,Retail,1,267.88,267.88,148.77,30.75,18.03
101564,2025-07-06,Northeast,NJ,Furniture,Drift Side Table,Retail,2,144.15,288.3,175.54,32.21,13.5
101651,2025-07-06,West,WA,Lighting,Halo Monitor Arm,Wholesale,4,85.09,340.36,169.88,38.64,14.82
101690,2025-07-06,Midwest,MI,Storage,Cascade Shelf,Wholesale,2,172.47,344.93,201.04,51.65,16.02
101688,2025-07-06,Midwest,WI,Storage,Loop Bin Set,Retail,5,52.13,260.66,157.58,37.25,8.05
101562,2025-07-07,Northeast,NY,Lighting,Aria Desk Lamp,Wholesale,3,71.3,213.9,105.64,26.4,10.99
101674,2025-07-07,Midwest,OH,Furniture,Nimbus Chair,Online,2,338.73,677.47,442.63,72.89,44.3
101608,2025-07-07,Northeast,NJ,Furniture,Aster Bookcase,Online,2,438.92,877.83,544.5,131.94,36.29
101708,2025-07-07,South,TN,Lighting,Aria Desk Lamp,Online,1,70.27,70.27,34.74,9.24,2.78
101622,2025-07-07,West,CA,Furniture,Aster Bookcase,Retail,1,409.08,409.08,249.05,41.06,18.02
101625,2025-07-07,West,CA,Storage,Vault Cabinet,Wholesale,1,252.05,252.05,144.14,29.46,10.02
101764,2025-07-08,Southwest,NM,Furniture,Drift Side Table,Wholesale,2,148.17,296.33,189.84,44.53,12.03
101703,2025-07-08,South,TN,Lighting,Ember Floor Lamp,Online,5,113.54,567.68,279.76,62.8,20.41
101747,2025-07-08,Southwest,AZ,Lighting,Aria Desk Lamp,Retail,4,68.06,272.23,141.18,36.75,15.64
101719,2025-07-08,South,TX,Furniture,Nimbus Chair,Online,3,328.7,986.09,597.31,134.65,67.55
101755,2025-07-09,Southwest,OK,Storage,Loop Bin Set,Online,4,51.52,206.07,116.09,32.04,10.54
101730,2025-07-09,Southeast,VA,Storage,Vault Cabinet,Online,5,263.19,1315.95,753.04,158.8,60.05
101682,2025-07-09,Midwest,WI,Lighting,Aria Desk Lamp,Online,1,71.51,71.51,36.6,8.73,4.29
101687,2025-07-09,Midwest,OH,Storage,Cascade Shelf,Online,5,177.95,889.75,494.68,131.01,28.85
101654,2025-07-09,West,NV,Furniture,Nimbus Chair,Online,1,345.49,345.49,218.14,53.29,23.73
101640,2025-07-09,West,NV,Lighting,Ember Floor Lamp,Online,2,120.85,241.7,125.23,26.04,8.4
101626,2025-07-09,West,WA,Furniture,Nimbus Chair,Retail,3,320.69,962.07,628.08,130.34,65.85
101675,2025-07-09,Midwest,MI,Furniture,Nimbus Chair,Online,3,330.28,990.84,592.5,132.91,35.06
101663,2025-07-09,Midwest,IL,Lighting,Aria Desk Lamp,Online,5,69.52,347.59,178.99,36.67,12.78
101593,2025-07-09,Northeast,PA,Furniture,Nimbus Chair,Online,3,304.11,912.33,591.06,93.92,47.75
101698,2025-07-10,South,AL,Storage,Vault Cabinet,Online,2,247.23,494.45,274.43,53.32,29.45
101561,2025-07-10,Northeast,PA,Storage,Cascade Shelf,Wholesale,2,183.68,367.37,208.54,48.91,12.24
101661,2025-07-10,Midwest,IL,Storage,Cascade Shelf,Online,4,171.97,687.87,377.98,71.22,24.96
101660,2025-07-10,Midwest,OH,Lighting,Ember Floor Lamp,Retail,2,112.97,225.94,117.3,27.75,7.8
101636,2025-07-10,West,OR,Furniture,Drift Side Table,Wholesale,2,143.38,286.75,167.27,31.83,17.21
101762,2025-07-10,Southwest,OK,Lighting,Aria Desk Lamp,Online,5,67.01,335.07,164.85,41.63,20.51
101741,2025-07-10,Southeast,SC,Storage,Loop Bin Set,Wholesale,3,53.18,159.53,97.83,19.56,5.16
101767,2025-07-11,Southwest,OK,Lighting,Ember Floor Lamp,Wholesale,5,107.25,536.26,292.06,82.6,32.77
101743,2025-07-11,Southeast,NC,Furniture,Drift Side Table,Online,2,146.32,292.64,183.12,41.75,16.71
101759,2025-07-11,Southwest,OK,Lighting,Halo Monitor Arm,Retail,5,88.39,441.97,224.04,67.14,30.19
101667,2025-07-11,Midwest,WI,Lighting,Halo Monitor Arm,Retail,2,94.35,188.7,101.58,28.71,11.5
101632,2025-07-11,West,NV,Furniture,Drift Side Table,Online,4,153.92,615.7,364.64,76.91,20.87
101666,2025-07-11,Midwest,OH,Lighting,Aria Desk Lamp,Online,4,72.24,288.96,145.24,29.32,16.29
101754,2025-07-11,Southwest,NM,Lighting,Halo Monitor Arm,Online,2,84.64,169.28,84.74,21.95,8.97
101655,2025-07-11,West,OR,Lighting,Ember Floor Lamp,Retail,5,117.57,587.86,294.47,59.18,23.67
101742,2025-07-11,Southeast,FL,Storage,Loop Bin Set,Retail,5,52.85,264.27,154.34,32.18,11.96
101678,2025-07-11,Midwest,MI,Furniture,Nimbus Chair,Retail,3,328.66,985.98,630.09,154.77,43.38
101603,2025-07-12,Northeast,MA,Furniture,Aster Bookcase,Online,1,430.8,430.8,276.71,47.73,24.13
101710,2025-07-12,South,AL,Lighting,Aria Desk Lamp,Wholesale,3,68.44,205.32,110.71,26.82,9.21
101727,2025-07-13,Southeast,NC,Storage,Loop Bin Set,Online,1,57.69,57.69,35.04,8.87,2.94
101567,2025-07-13,Northeast,MA,Storage,Vault Cabinet,Online,4,258.13,1032.52,599.17,150.99,57.42
101610,2025-07-13,Northeast,PA,Furniture,Aster Bookcase,Retail,1,421.33,421.33,260.4,60.9,29.36
101732,2025-07-13,Southeast,FL,Lighting,Ember Floor Lamp,Retail,3,111.71,335.14,182.08,35.57,23.46
101576,2025-07-13,Northeast,NY,Lighting,Aria Desk Lamp,Wholesale,1,71.06,71.06,38.96,8.49,3.72
101606,2025-07-13,Northeast,MA,Lighting,Halo Monitor Arm,Wholesale,2,91.32,182.63,92.03,26.21,11.22
101672,2025-07-13,Midwest,WI,Furniture,Nimbus Chair,Online,5,324.1,1620.52,1060.29,204.42,71.19
101761,2025-07-13,Southwest,NM,Lighting,Aria Desk Lamp,Wholesale,1,70.29,70.29,38.03,8.57,4.68
101624,2025-07-13,West,NV,Storage,Vault Cabinet,Retail,3,250.65,751.94,450.71,103.36,40.93
101735,2025-07-14,Southeast,NC,Lighting,Aria Desk Lamp,Wholesale,3,68.82,206.46,111.89,24.7,11.91
101582,2025-07-14,Northeast,NY,Lighting,Halo Monitor Arm,Online,2,94.14,188.27,96.08,21.69,10.64
101693,2025-07-14,South,GA,Storage,Loop Bin Set,Wholesale,3,53.58,160.73,94.59,22.03,5.16
101760,2025-07-15,Southwest,NM,Storage,Vault Cabinet,Retail,3,271.41,814.22,499.14,93.69,50.24
101604,2025-07-15,Northeast,NJ,Furniture,Drift Side Table,Online,1,150.71,150.71,98.14,22.75,6.46
101558,2025-07-15,Northeast,PA,Furniture,Drift Side Table,Retail,2,150.99,301.97,187.51,36.13,10.31
101605,2025-07-15,Northeast,NJ,Furniture,Aster Bookcase,Retail,5,413.64,2068.21,1248.08,221.6,113.74
101638,2025-07-15,West,WA,Furniture,Nimbus Chair,Wholesale,4,341.82,1367.27,841.75,209.48,42.9
101668,2025-07-16,Midwest,OH,Furniture,Nimbus Chair,Online,1,342.07,342.07,214.88,38.56,13.34
101716,2025-07-16,South,TN,Furniture,Nimbus Chair,Wholesale,3,320.64,961.91,561.36,144.64,55.91
101650,2025-07-16,West,WA,Storage,Vault Cabinet,Online,1,272.74,272.74,153.39,38.79,8.36
101739,2025-07-16,Southeast,SC,Lighting,Halo Monitor Arm,Online,5,95.64,478.19,240.5,70.79,30.03
101711,2025-07-16,South,TN,Storage,Cascade Shelf,Retail,4,183.72,734.89,437.13,97.88,47.78
101757,2025-07-16,Southwest,NM,Furniture,Nimbus Chair,Online,4,344.31,1377.23,825.21,171.04,44.79
101571,2025-07-16,Northeast,NJ,Storage,Cascade Shelf,Online,3,182.16,546.48,325.41,80.16,33.2
101729,2025-07-16,Southeast,VA,Furniture,Drift Side Table,Wholesale,3,148.49,445.48,282.69,48.66,29.74
101756,2025-07-16,Southwest,OK,Furniture,Drift Side Table,Wholesale,2,154.83,309.67,187.86,45.25,12.04
101731,2025-07-17,Southeast,SC,Lighting,Halo Monitor Arm,Retail,2,92.53,185.06,91.08,28.9,8.6
101736,2025-07-17,Southeast,FL,Storage,Loop Bin Set,Retail,4,53.71,214.82,117.99,31.68,13.39
101616,2025-07-17,West,CA,Lighting,Ember Floor Lamp,Wholesale,3,108.57,325.72,160.8,47.22,17.69
101702,2025-07-17,South,AL,Lighting,Halo Monitor Arm,Retail,5,91.78,458.91,250.82,51.63,17.36
101706,2025-07-18,South,TX,Furniture,Nimbus Chair,Online,1,340.22,340.22,211.48,36.54,20.73
101745,2025-07-18,Southeast,NC,Lighting,Halo Monitor Arm,Wholesale,4,95.6,382.41,195.94,44.93,17.09
101753,2025-07-18,Southwest,NM,Furniture,Drift Side Table,Retail,2,145.83,291.66,172.32,35.12,13.14
101560,2025-07-18,Northeast,PA,Furniture,Aster Bookcase,Online,4,398.2,1592.8,972.77,204.32,67.46
101768,2025-07-18,Southwest,NM,Furniture,Nimbus Chair,Retail,2,342.95,685.9,446.47,104.57,40.54
101734,2025-07-18,Southeast,NC,Storage,Loop Bin Set,Online,4,54.91,219.63,130.53,29.71,14.04
101751,2025-07-18,Southwest,NM,Furniture,Aster Bookcase,Online,2,429.68,859.35,539.09,135.44,51.78
101573,2025-07-18,Northeast,PA,Lighting,Ember Floor Lamp,Online,5,112.8,563.98,276.01,83.03,28.78
101594,2025-07-19,Northeast,NY,Lighting,Aria Desk Lamp,Online,5,70.39,351.96,186.0,39.75,23.63
101585,2025-07-19,Northeast,NY,Lighting,Halo Monitor Arm,Wholesale,3,92.06,276.18,139.2,41.87,16.91
101574,2025-07-19,Northeast,MA,Lighting,Halo Monitor Arm,Online,3,90.52,271.57,139.78,41.74,9.62
101694,2025-07-19,South,TX,Lighting,Aria Desk Lamp,Retail,2,66.36,132.73,72.9,16.42,5.57
101683,2025-07-19,Midwest,IL,Lighting,Halo Monitor Arm,Online,2,94.39,188.78,97.18,25.38,10.27
101657,2025-07-19,West,CA,Lighting,Halo Monitor Arm,Online,2,95.47,190.93,97.11,25.66,10.93
101633,2025-07-19,West,OR,Furniture,Aster Bookcase,Wholesale,1,395.08,395.08,258.1,52.26,21.79
101577,2025-07-19,Northeast,PA,Lighting,Aria Desk Lamp,Online,1,68.53,68.53,35.28,10.52,2.81
101679,2025-07-19,Midwest,WI,Furniture,Aster Bookcase,Online,2,397.4,794.79,483.73,86.58,40.46
101653,2025-07-19,West,OR,Storage,Loop Bin Set,Wholesale,2,55.65,111.3,68.25,13.2,5.85
101718,2025-07-20,South,TX,Furniture,Drift Side Table,Online,4,138.66,554.65,348.25,66.01,33.76
101642,2025-07-20,West,CA,Lighting,Aria Desk Lamp,Online,2,66.23,132.47,70.98,15.49,9.16
101681,2025-07-20,Midwest,OH,Lighting,Halo Monitor Arm,Wholesale,1,92.73,92.73,48.6,10.56,3.25
101607,2025-07-20,Northeast,PA,Storage,Loop Bin Set,Wholesale,1,57.54,57.54,32.62,5.83,2.89
101598,2025-07-20,Northeast,NY,Lighting,Aria Desk Lamp,Online,1,65.99,65.99,36.1,7.74,3.3
101591,2025-07-20,Northeast,NJ,Furniture,Aster Bookcase,Retail,2,390.33,780.66,460.79,112.5,41.66
101646,2025-07-21,West,OR,Storage,Vault Cabinet,Retail,3,267.68,803.03,475.13,111.86,30.97
101648,2025-07-21,West,CA,Lighting,Halo Monitor Arm,Online,4,93.22,372.86,197.82,42.57,12.9
101641,2025-07-21,West,WA,Lighting,Ember Floor Lamp,Wholesale,2,109.82,219.63,120.08,24.12,8.2
101575,2025-07-21,Northeast,NJ,Furniture,Nimbus Chair,Online,1,321.77,321.77,190.0,45.02,13.1
101744,2025-07-21,Southeast,VA,Furniture,Nimbus Chair,Wholesale,1,338.64,338.64,221.54,46.74,22.27
101559,2025-07-22,Northeast,NY,Furniture,Aster Bookcase,Wholesale,3,418.89,1256.68,794.67,137.17,73.58
101637,2025-07-22,West,OR,Furniture,Drift Side Table,Online,1,155.92,155.92,93.75,22.49,9.52
101602,2025-07-23,Northeast,PA,Furniture,Nimbus Chair,Online,4,340.71,1362.84,809.71,150.34,90.03
101649,2025-07-23,West,WA,Furniture,Nimbus Chair,Online,2,345.26,690.52,449.74,108.96,27.04
101586,2025-07-23,Northeast,PA,Storage,Vault Cabinet,Online,2,278.94,557.87,338.43,61.5,21.32
101565,2025-07-23,Northeast,NJ,Furniture,Drift Side Table,Retail,5,146.49,732.47,461.16,84.21,39.77
101715,2025-07-23,South,AL,Storage,Loop Bin Set,Retail,2,55.56,111.11,63.43,14.01,7.08
101599,2025-07-23,Northeast,NY,Storage,Loop Bin Set,Wholesale,3,54.19,162.57,90.66,21.48,7.66
101707,2025-07-24,South,TX,Furniture,Drift Side Table,Online,3,155.54,466.62,292.79,74.1,21.2
101612,2025-07-24,Northeast,PA,Storage,Cascade Shelf,Online,3,182.12,546.36,307.85,82.29,24.89
101645,2025-07-24,West,WA,Lighting,Ember Floor Lamp,Online,5,116.98,584.91,300.13,87.57,21.94
101568,2025-07-24,Northeast,PA,Storage,Cascade Shelf,Retail,4,179.56,718.25,439.42,90.03,40.17
101752,2025-07-24,Southwest,NM,Lighting,Halo Monitor Arm,Retail,4,92.87,371.49,194.72,47.44,17.01
101658,2025-07-24,West,WA,Furniture,Drift Side Table,Online,4,141.05,564.2,342.77,82.16,17.85
101665,2025-07-24,Midwest,MI,Lighting,Halo Monitor Arm,Online,1,90.47,90.47,49.5,13.97,3.46
101700,2025-07-25,South,GA,Storage,Vault Cabinet,Online,2,252.72,505.44,282.09,79.47,24.93
101569,2025-07-25,Northeast,NY,Furniture,Nimbus Chair,Wholesale,4,341.94,1367.76,817.9,198.73,75.56
101572,2025-07-25,Northeast,MA,Lighting,Aria Desk Lamp,Retail,5,69.76,348.8,176.63,50.3,15.13
101692,2025-07-25,South,TX,Lighting,Aria Desk Lamp,Retail,4,70.42,281.67,149.24,39.03,9.86
101720,2025-07-25,Southeast,VA,Lighting,Ember Floor Lamp,Retail,4,116.15,464.59,241.64,69.83,18.82
101656,2025-07-25,West,OR,Lighting,Halo Monitor Arm,Retail,2,90.5,180.99,98.56,28.59,11.88
101749,2025-07-25,Southwest,NM,Storage,Vault Cabinet,Wholesale,2,280.56,561.12,307.77,66.33,35.6
101713,2025-07-25,South,TX,Furniture,Nimbus Chair,Online,5,343.08,1715.4,1053.38,218.49,87.11
101671,2025-07-25,Midwest,WI,Furniture,Aster Bookcase,Online,2,418.1,836.21,548.96,110.04,40.2
101584,2025-07-25,Northeast,NJ,Furniture,Aster Bookcase,Online,2,394.57,789.14,465.57,84.83,51.17
101726,2025-07-26,Southeast,NC,Storage,Cascade Shelf,Online,3,190.45,571.35,317.75,61.42,31.12
101611,2025-07-26,Northeast,MA,Furniture,Drift Side Table,Wholesale,2,143.84,287.68,182.14,36.46,15.62
101644,2025-07-26,West,WA,Storage,Cascade Shelf,Online,1,183.49,183.49,105.41,22.66,12.05
101684,2025-07-26,Midwest,IL,Storage,Cascade Shelf,Online,3,176.23,528.7,315.33,56.23,28.67
101664,2025-07-26,Midwest,IL,Furniture,Nimbus Chair,Online,2,344.35,688.7,422.05,81.32,39.22
101589,2025-07-26,Northeast,PA,Furniture,Drift Side Table,Online,5,148.39,741.96,457.69,79.9,25.45
101634,2025-07-26,West,NV,Furniture,Drift Side Table,Wholesale,3,145.01,435.04,259.97,59.69,24.16
101623,2025-07-26,West,NV,Furniture,Aster Bookcase,Retail,1,389.74,389.74,245.16,41.22,27.12
101583,2025-07-26,Northeast,MA,Furniture,Aster Bookcase,Online,4,416.85,1667.42,1036.5,240.09,76.58
101765,2025-07-27,Southwest,NM,Lighting,Halo Monitor Arm,Retail,3,87.18,261.54,141.18,33.39,8.69
101673,2025-07-27,Midwest,OH,Lighting,Halo Monitor Arm,Online,5,90.32,451.59,229.94,48.36,27.61
101618,2025-07-27,West,NV,Furniture,Nimbus Chair,Online,1,337.39,337.39,205.53,50.74,17.47
101740,2025-07-27,Southeast,VA,Furniture,Nimbus Chair,Online,1,321.94,321.94,193.88,50.42,22.17
101677,2025-07-27,Midwest,IL,Furniture,Aster Bookcase,Online,2,428.81,857.62,541.35,123.27,27.49
101592,2025-07-27,Northeast,NJ,Lighting,Ember Floor Lamp,Retail,3,111.29,333.87,179.41,38.78,18.75
101686,2025-07-27,Midwest,WI,Storage,Cascade Shelf,Online,2,192.09,384.19,213.87,44.56,13.01
101746,2025-07-28,Southeast,NC,Storage,Loop Bin Set,Retail,4,53.05,212.22,123.94,25.94,10.79
101709,2025-07-28,South,GA,Lighting,Halo Monitor Arm,Wholesale,4,94.36,377.45,200.29,38.16,24.99
101712,2025-07-28,South,TN,Storage,Loop Bin Set,Retail,3,52.48,157.45,91.58,24.16,5.31
101614,2025-07-28,West,WA,Furniture,Aster Bookcase,Wholesale,4,431.71,1726.83,1100.42,233.15,65.72
101758,2025-07-28,Southwest,NM,Storage,Vault Cabinet,Online,1,270.1,270.1,152.55,33.49,14.01
101620,2025-07-28,West,NV,Storage,Vault Cabinet,Retail,2,262.31,524.62,295.54,59.76,19.45
101717,2025-07-29,South,GA,Lighting,Halo Monitor Arm,Retail,2,86.28,172.56,93.63,19.97,9.58
101596,2025-07-29,Northeast,PA,Furniture,Aster Bookcase,Online,5,434.57,2172.85,1297.42,253.45,70.84
101670,2025-07-29,Midwest,OH,Furniture,Aster Bookcase,Retail,5,402.03,2010.17,1206.68,237.1,131.14
101630,2025-07-29,West,WA,Storage,Cascade Shelf,Retail,5,179.21,896.07,536.0,110.58,46.08
101662,2025-07-29,Midwest,MI,Storage,Vault Cabinet,Retail,5,273.47,1367.35,815.76,209.7,81.08
101563,2025-07-29,Northeast,MA,Furniture,Aster Bookcase,Wholesale,4,416.45,1665.8,981.05,196.76,90.35
101581,2025-07-29,Northeast,PA,Storage,Cascade Shelf,Wholesale,4,188.58,754.34,439.41,107.97,43.68
101570,2025-07-29,Northeast,NY,Storage,Cascade Shelf,Retail,2,190.84,381.69,211.46,54.26,13.87
101580,2025-07-29,Northeast,PA,Furniture,Nimbus Chair,Online,1,330.66,330.66,215.68,38.85,16.7
101699,2025-07-29,South,TN,Furniture,Drift Side Table,Wholesale,1,142.09,142.09,90.85,15.04,6.87
101722,2025-07-29,Southeast,FL,Lighting,Halo Monitor Arm,Online,3,84.65,253.96,130.91,38.2,15.12
101724,2025-07-30,Southeast,FL,Lighting,Halo Monitor Arm,Wholesale,4,85.93,343.7,186.81,39.42,17.07
101579,2025-07-30,Northeast,NY,Lighting,Ember Floor Lamp,Online,5,111.0,555.0,275.42,70.93,33.18
101680,2025-07-30,Midwest,OH,Storage,Loop Bin Set,Wholesale,1,56.76,56.76,33.39,7.15,2.3
101691,2025-07-30,South,TN,Storage,Vault Cabinet,Online,2,259.54,519.08,306.1,68.18,35.63
101619,2025-07-30,West,WA,Furniture,Nimbus Chair,Retail,4,336.72,1346.9,842.84,181.98,63.33
101738,2025-07-30,Southeast,FL,Lighting,Ember Floor Lamp,Wholesale,2,112.07,224.14,122.56,25.17,14.58
101597,2025-07-30,Northeast,NY,Lighting,Halo Monitor Arm,Wholesale,4,94.25,377.01,201.76,40.75,16.95
101696,2025-07-30,South,AL,Furniture,Aster Bookcase,Retail,4,422.07,1688.28,1108.59,173.58,92.15
101689,2025-07-30,Midwest,MI,Furniture,Nimbus Chair,Retail,4,319.66,1278.64,785.35,138.86,58.14
101705,2025-07-31,South,TX,Furniture,Drift Side Table,Online,4,139.84,559.35,339.78,61.31,24.54
101704,2025-07-31,South,TN,Furniture,Drift Side Table,Online,4,143.89,575.54,349.27,71.13,24.53
101701,2025-07-31,South,AL,Lighting,Halo Monitor Arm,Retail,1,91.61,91.61,47.14,13.46,3.86
101631,2025-07-31,West,CA,Furniture,Drift Side Table,Online,1,152.49,152.49,90.77,19.01,8.95
101695,2025-07-31,South,AL,Storage,Cascade Shelf,Retail,3,185.38,556.13,308.22,58.34,38.79
101643,2025-07-31,West,NV,Furniture,Nimbus Chair,Retail,2,319.6,639.19,412.22,64.3,29.64
101587,2025-07-31,Northeast,MA,Lighting,Ember Floor Lamp,Wholesale,5,107.55,537.75,276.48,64.74,35.74
101750,2025-07-31,Southwest,NM,Storage,Vault Cabinet,Online,5,260.41,1302.05,743.99,139.81,44.57
101685,2025-07-31,Midwest,WI,Lighting,Aria Desk Lamp,Online,4,65.26,261.04,136.92,33.27,15.64
101697,2025-07-31,South,TX,Lighting,Halo Monitor Arm,Retail,2,94.88,189.76,102.87,29.71,6.45
101913,2025-08-01,South,TN,Storage,Loop Bin Set,Wholesale,3,56.0,167.99,102.08,24.94,8.85
101799,2025-08-01,Northeast,PA,Furniture,Drift Side Table,Retail,4,150.67,602.66,386.83,93.22,20.02
101858,2025-08-01,Midwest,IL,Lighting,Ember Floor Lamp,Online,3,117.62,352.86,174.79,49.51,17.22
101880,2025-08-02,Midwest,IL,Storage,Loop Bin Set,Wholesale,4,55.56,222.26,130.96,27.43,13.28
101910,2025-08-02,South,TX,Lighting,Halo Monitor Arm,Retail,2,94.96,189.92,104.44,25.22,6.95
101873,2025-08-02,Midwest,MI,Storage,Loop Bin Set,Online,3,57.07,171.22,100.29,26.27,5.78
101921,2025-08-02,South,TX,Lighting,Ember Floor Lamp,Retail,2,119.22,238.44,128.3,35.16,13.48
101867,2025-08-02,Midwest,WI,Furniture,Drift Side Table,Wholesale,1,144.29,144.29,90.32,15.41,6.08
101774,2025-08-02,Northeast,MA,Lighting,Ember Floor Lamp,Online,3,112.38,337.13,180.33,38.47,19.67
101860,2025-08-02,Midwest,IL,Furniture,Nimbus Chair,Wholesale,3,306.43,919.28,574.46,142.48,51.45
101957,2025-08-02,Southwest,NM,Lighting,Ember Floor Lamp,Wholesale,2,107.86,215.71,114.49,32.71,6.62
101947,2025-08-03,Southeast,FL,Storage,Loop Bin Set,Retail,4,57.77,231.08,132.91,28.47,7.26
101862,2025-08-03,Midwest,OH,Lighting,Aria Desk Lamp,Retail,3,67.46,202.37,101.07,24.13,13.17
101919,2025-08-03,South,AL,Furniture,Nimbus Chair,Retail,1,343.36,343.36,219.22,39.34,12.23
101917,2025-08-03,South,AL,Storage,Loop Bin Set,Wholesale,3,52.81,158.43,89.3,24.98,6.45
101866,2025-08-04,Midwest,OH,Lighting,Ember Floor Lamp,Wholesale,5,118.42,592.08,306.93,89.33,39.32
101800,2025-08-04,Northeast,MA,Lighting,Halo Monitor Arm,Online,4,87.06,348.24,182.66,42.47,19.73
101777,2025-08-04,Northeast,NJ,Lighting,Ember Floor Lamp,Wholesale,5,118.07,590.33,303.42,84.43,33.96
101932,2025-08-04,Southeast,SC,Furniture,Aster Bookcase,Retail,1,403.82,403.82,242.25,58.57,13.54
101797,2025-08-04,Northeast,NJ,Lighting,Ember Floor Lamp,Wholesale,2,116.44,232.88,114.48,34.1,8.36
101770,2025-08-04,Northeast,PA,Furniture,Drift Side Table,Wholesale,2,143.8,287.6,183.34,28.99,13.55
101879,2025-08-05,Midwest,MI,Storage,Cascade Shelf,Online,1,183.36,183.36,102.68,27.09,9.71
101838,2025-08-05,West,OR,Furniture,Nimbus Chair,Retail,3,319.71,959.13,575.07,107.68,59.6
101805,2025-08-06,Northeast,NY,Storage,Loop Bin Set,Wholesale,2,55.8,111.6,64.52,17.25,3.81
101869,2025-08-06,Midwest,OH,Storage,Vault Cabinet,Online,3,261.93,785.78,472.96,115.64,37.26
101832,2025-08-06,West,OR,Furniture,Aster Bookcase,Online,4,438.37,1753.5,1027.89,231.23,104.62
101925,2025-08-06,Southeast,SC,Furniture,Drift Side Table,Retail,2,146.6,293.2,187.81,30.27,18.4
101778,2025-08-06,Northeast,NY,Furniture,Aster Bookcase,Retail,4,412.32,1649.27,1052.58,233.99,84.59
101872,2025-08-06,Midwest,IL,Lighting,Ember Floor Lamp,Wholesale,1,109.52,109.52,59.47,11.32,5.0
101888,2025-08-06,Midwest,OH,Furniture,Aster Bookcase,Retail,1,402.81,402.81,249.96,45.0,15.21
101780,2025-08-06,Northeast,MA,Storage,Vault Cabinet,Online,3,276.87,830.61,458.32,111.02,56.72
101859,2025-08-06,Midwest,IL,Storage,Vault Cabinet,Online,3,261.02,783.06,472.18,82.78,51.75
101790,2025-08-06,Northeast,PA,Furniture,Nimbus Chair,Online,1,322.05,322.05,209.38,41.69,16.8
101940,2025-08-06,Southeast,FL,Furniture,Nimbus Chair,Online,3,323.2,969.6,615.16,103.26,60.15
101779,2025-08-07,Northeast,MA,Furniture,Drift Side Table,Online,3,139.64,418.91,271.67,52.34,22.6
101782,2025-08-07,Northeast,MA,Furniture,Aster Bookcase,Wholesale,1,399.0,399.0,260.88,41.91,21.8
101926,2025-08-07,Southeast,FL,Furniture,Drift Side Table,Online,5,138.57,692.83,415.28,85.98,38.95
101945,2025-08-07,Southeast,NC,Furniture,Nimbus Chair,Wholesale,2,316.68,633.36,383.34,91.5,19.96
101874,2025-08-07,Midwest,WI,Furniture,Nimbus Chair,Wholesale,4,344.77,1379.06,856.78,184.6,88.73
101951,2025-08-07,Southwest,OK,Lighting,Halo Monitor Arm,Online,5,87.37,436.83,215.24,60.28,22.46
101890,2025-08-07,Midwest,IL,Storage,Loop Bin Set,Retail,2,51.6,103.2,59.56,15.29,6.36
101852,2025-08-07,West,WA,Lighting,Halo Monitor Arm,Retail,5,94.6,473.02,251.83,73.5,23.45
101773,2025-08-07,Northeast,NY,Lighting,Halo Monitor Arm,Online,4,84.66,338.65,182.85,38.68,14.61
101937,2025-08-08,Southeast,FL,Lighting,Ember Floor Lamp,Wholesale,4,114.78,459.1,226.01,72.42,14.89
101924,2025-08-08,Southeast,FL,Furniture,Nimbus Chair,Wholesale,2,331.46,662.93,396.71,104.0,40.5
101817,2025-08-08,Northeast,NJ,Lighting,Ember Floor Lamp,Wholesale,5,120.7,603.5,300.13,84.05,22.89
101833,2025-08-08,West,OR,Furniture,Aster Bookcase,Online,2,436.3,872.59,548.29,95.83,52.07
101794,2025-08-08,Northeast,PA,Storage,Loop Bin Set,Online,2,55.74,111.48,63.48,11.16,3.76
101893,2025-08-09,South,TX,Furniture,Aster Bookcase,Wholesale,2,422.79,845.58,534.83,117.33,54.44
101826,2025-08-09,West,CA,Storage,Cascade Shelf,Retail,3,171.36,514.08,309.86,54.91,19.88
101825,2025-08-09,West,WA,Furniture,Nimbus Chair,Online,1,345.33,345.33,207.72,47.92,16.89
101883,2025-08-09,Midwest,WI,Furniture,Nimbus Chair,Online,2,327.66,655.33,405.88,87.81,41.7
101962,2025-08-09,Southwest,OK,Lighting,Ember Floor Lamp,Online,2,110.42,220.85,111.7,26.04,15.4
101902,2025-08-09,South,TX,Furniture,Nimbus Chair,Wholesale,4,329.81,1319.26,846.82,200.38,91.11
101918,2025-08-09,South,TN,Furniture,Nimbus Chair,Retail,2,310.86,621.71,403.71,71.16,22.88
101840,2025-08-09,West,NV,Storage,Loop Bin Set,Online,1,56.68,56.68,30.92,7.56,3.11
101845,2025-08-09,West,OR,Furniture,Drift Side Table,Wholesale,3,152.05,456.15,277.91,46.83,24.33
101911,2025-08-09,South,GA,Lighting,Halo Monitor Arm,Online,5,89.46,447.29,226.45,49.07,23.78
101900,2025-08-09,South,GA,Lighting,Aria Desk Lamp,Online,1,66.35,66.35,36.33,8.57,2.68
101795,2025-08-09,Northeast,PA,Storage,Loop Bin Set,Wholesale,1,55.51,55.51,31.86,6.25,3.71
101856,2025-08-10,Midwest,IL,Furniture,Aster Bookcase,Retail,2,423.8,847.59,520.47,117.43,34.2
101930,2025-08-10,Southeast,VA,Furniture,Drift Side Table,Retail,2,140.7,281.39,172.72,44.96,10.43
101808,2025-08-10,Northeast,MA,Furniture,Drift Side Table,Online,1,149.43,149.43,89.24,22.13,10.25
101824,2025-08-11,West,OR,Furniture,Drift Side Table,Retail,5,154.59,772.95,456.75,97.53,42.1
101950,2025-08-11,Southwest,OK,Lighting,Halo Monitor Arm,Retail,4,95.74,382.98,202.54,42.47,23.73
101855,2025-08-11,Midwest,MI,Storage,Cascade Shelf,Online,1,173.6,173.6,104.7,21.55,5.84
101837,2025-08-11,West,NV,Furniture,Nimbus Chair,Wholesale,2,319.16,638.32,410.12,74.39,41.8
101903,2025-08-11,South,TX,Storage,Loop Bin Set,Wholesale,1,57.95,57.95,32.26,9.05,2.1
101834,2025-08-12,West,OR,Lighting,Halo Monitor Arm,Retail,1,95.53,95.53,47.99,10.34,5.7
101791,2025-08-12,Northeast,PA,Lighting,Ember Floor Lamp,Online,4,107.87,431.46,225.3,53.69,18.71
101878,2025-08-12,Midwest,WI,Furniture,Aster Bookcase,Online,2,418.63,837.27,507.76,125.36,30.03
101905,2025-08-12,South,TX,Furniture,Aster Bookcase,Wholesale,1,393.69,393.69,235.33,58.49,15.7
101886,2025-08-13,Midwest,WI,Lighting,Halo Monitor Arm,Wholesale,2,85.78,171.56,87.19,26.9,5.39
101961,2025-08-13,Southwest,AZ,Lighting,Aria Desk Lamp,Online,4,69.15,276.58,148.76,35.91,14.26
101909,2025-08-13,South,TX,Lighting,Ember Floor Lamp,Retail,2,118.67,237.34,124.39,27.04,7.27
101885,2025-08-13,Midwest,OH,Lighting,Ember Floor Lamp,Wholesale,1,110.04,110.04,57.64,17.24,3.5
101865,2025-08-14,Midwest,MI,Lighting,Ember Floor Lamp,Wholesale,2,114.64,229.28,112.44,32.87,15.4
101861,2025-08-14,Midwest,OH,Furniture,Nimbus Chair,Online,4,322.37,1289.46,829.44,162.21,77.8
101847,2025-08-14,West,NV,Lighting,Ember Floor Lamp,Online,3,119.11,357.34,183.52,48.45,15.41
101952,2025-08-14,Southwest,OK,Furniture,Nimbus Chair,Online,1,337.7,337.7,215.22,46.93,15.66
101802,2025-08-14,Northeast,NY,Storage,Cascade Shelf,Online,2,171.47,342.93,196.58,50.7,16.47
101823,2025-08-15,West,OR,Furniture,Drift Side Table,Retail,5,149.86,749.3,476.9,81.45,50.13
101935,2025-08-15,Southeast,SC,Furniture,Nimbus Chair,Online,3,342.82,1028.46,616.8,136.23,63.87
101898,2025-08-15,South,AL,Lighting,Ember Floor Lamp,Wholesale,5,107.71,538.57,295.62,79.98,22.5
101842,2025-08-15,West,WA,Storage,Cascade Shelf,Wholesale,4,191.78,767.12,452.93,98.95,26.63
101841,2025-08-15,West,NV,Lighting,Ember Floor Lamp,Online,5,108.03,540.17,293.99,70.17,28.26
101922,2025-08-15,South,GA,Storage,Loop Bin Set,Online,5,52.84,264.18,153.31,41.54,14.43
101816,2025-08-15,Northeast,MA,Furniture,Nimbus Chair,Wholesale,3,331.32,993.95,633.33,116.46,55.44
101829,2025-08-15,West,NV,Furniture,Aster Bookcase,Wholesale,3,430.31,1290.93,760.52,185.33,49.27
101877,2025-08-15,Midwest,MI,Storage,Loop Bin Set,Retail,1,55.69,55.69,32.55,7.96,3.07
101907,2025-08-15,South,TN,Furniture,Drift Side Table,Retail,4,145.59,582.35,342.02,74.13,19.69
101854,2025-08-15,Midwest,OH,Storage,Vault Cabinet,Wholesale,5,262.46,1312.32,731.14,197.84,61.18
101946,2025-08-16,Southeast,NC,Lighting,Halo Monitor Arm,Retail,3,91.78,275.34,145.52,36.2,9.74
101864,2025-08-16,Midwest,MI,Furniture,Aster Bookcase,Retail,4,440.75,1762.99,1084.17,265.29,59.15
101928,2025-08-17,Southeast,VA,Furniture,Nimbus Chair,Online,3,309.24,927.72,548.84,126.62,40.89
101931,2025-08-17,Southeast,NC,Storage,Vault Cabinet,Online,5,270.26,1351.28,744.77,183.92,94.49
101904,2025-08-17,South,TN,Storage,Vault Cabinet,Online,3,271.46,814.39,473.02,125.43,30.57
101863,2025-08-17,Midwest,WI,Furniture,Nimbus Chair,Online,2,309.55,619.1,385.54,89.01,37.71
101781,2025-08-17,Northeast,MA,Lighting,Halo Monitor Arm,Wholesale,4,87.77,351.07,177.45,55.91,16.47
101785,2025-08-17,Northeast,NJ,Furniture,Aster Bookcase,Online,1,396.07,396.07,240.91,49.77,21.39
101853,2025-08-18,West,CA,Furniture,Aster Bookcase,Wholesale,4,390.06,1560.23,921.68,229.2,89.84
101851,2025-08-18,West,WA,Furniture,Aster Bookcase,Online,1,397.58,397.58,231.8,52.7,16.67
101820,2025-08-18,West,WA,Storage,Vault Cabinet,Retail,1,259.15,259.15,143.89,35.41,13.19
101895,2025-08-18,South,TX,Lighting,Aria Desk Lamp,Retail,4,64.61,258.42,136.75,36.39,12.93
101828,2025-08-18,West,NV,Furniture,Aster Bookcase,Wholesale,4,435.56,1742.26,1108.79,215.41,116.41
101916,2025-08-18,South,TN,Furniture,Aster Bookcase,Online,3,401.41,1204.22,712.92,154.37,48.45
101868,2025-08-19,Midwest,WI,Storage,Cascade Shelf,Online,2,173.41,346.81,200.99,38.25,14.74
101771,2025-08-19,Northeast,NJ,Furniture,Nimbus Chair,Online,5,343.68,1718.4,1003.32,205.42,104.82
101956,2025-08-19,Southwest,OK,Lighting,Aria Desk Lamp,Online,5,67.32,336.62,173.24,42.37,19.69
101772,2025-08-19,Northeast,NY,Furniture,Aster Bookcase,Wholesale,5,401.14,2005.72,1198.35,254.21,135.98
101827,2025-08-19,West,NV,Lighting,Halo Monitor Arm,Retail,1,90.79,90.79,44.88,12.22,5.34
101810,2025-08-19,Northeast,NJ,Furniture,Aster Bookcase,Online,5,422.19,2110.97,1379.98,309.72,130.18
101792,2025-08-19,Northeast,NJ,Furniture,Drift Side Table,Online,4,145.69,582.78,371.62,65.95,32.8
101809,2025-08-20,Northeast,NY,Lighting,Halo Monitor Arm,Online,5,94.78,473.88,237.89,50.12,25.26
101936,2025-08-20,Southeast,SC,Furniture,Drift Side Table,Retail,3,144.44,433.31,275.06,53.15,23.39
101897,2025-08-20,South,TN,Furniture,Drift Side Table,Wholesale,3,138.48,415.45,261.38,59.81,17.19
101843,2025-08-20,West,WA,Storage,Loop Bin Set,Retail,4,51.71,206.83,113.76,28.21,12.26
101793,2025-08-21,Northeast,MA,Furniture,Aster Bookcase,Online,1,427.56,427.56,277.75,61.7,28.72
101939,2025-08-21,Southeast,VA,Furniture,Aster Bookcase,Online,2,440.23,880.46,546.44,104.34,61.32
101941,2025-08-21,Southeast,VA,Lighting,Halo Monitor Arm,Online,1,87.87,87.87,45.87,8.8,4.54
101942,2025-08-21,Southeast,NC,Lighting,Ember Floor Lamp,Online,4,106.91,427.63,227.4,59.87,17.59
101906,2025-08-21,South,TN,Furniture,Drift Side Table,Wholesale,4,145.27,581.07,351.11,78.95,37.57
101871,2025-08-21,Midwest,OH,Lighting,Ember Floor Lamp,Online,5,116.7,583.51,309.28,78.93,38.16
101960,2025-08-21,Southwest,OK,Furniture,Nimbus Chair,Retail,3,327.07,981.21,616.35,102.66,36.5
101789,2025-08-21,Northeast,NJ,Storage,Cascade Shelf,Wholesale,5,192.47,962.36,567.47,116.01,64.5
101821,2025-08-21,West,NV,Storage,Cascade Shelf,Online,4,194.08,776.31,453.05,110.82,37.81
101803,2025-08-22,Northeast,PA,Storage,Loop Bin Set,Wholesale,1,54.6,54.6,33.01,6.36,2.73
101807,2025-08-22,Northeast,PA,Storage,Vault Cabinet,Retail,5,279.73,1398.65,816.32,190.85,76.21
101813,2025-08-22,Northeast,NJ,Storage,Vault Cabinet,Retail,1,257.23,257.23,158.11,37.8,15.22
101944,2025-08-22,Southeast,FL,Lighting,Halo Monitor Arm,Retail,1,89.24,89.24,47.02,12.94,6.09
101954,2025-08-22,Southwest,OK,Furniture,Aster Bookcase,Wholesale,1,412.86,412.86,263.83,65.47,12.66
101839,2025-08-22,West,WA,Furniture,Aster Bookcase,Online,3,399.71,1199.14,762.07,152.72,50.34
101884,2025-08-22,Midwest,IL,Furniture,Aster Bookcase,Wholesale,1,411.93,411.93,264.44,53.57,21.61
101891,2025-08-22,South,TX,Storage,Vault Cabinet,Wholesale,3,248.33,744.99,415.31,77.63,32.12
101933,2025-08-23,Southeast,SC,Lighting,Ember Floor Lamp,Retail,3,108.25,324.76,167.66,48.03,16.36
101938,2025-08-23,Southeast,VA,Storage,Cascade Shelf,Retail,4,192.5,769.99,458.45,101.26,34.29
101870,2025-08-23,Midwest,OH,Storage,Loop Bin Set,Online,2,57.37,114.74,69.38,17.68,6.91
101836,2025-08-24,West,WA,Storage,Cascade Shelf,Wholesale,3,192.96,578.89,334.34,91.14,38.1
101889,2025-08-24,Midwest,MI,Lighting,Halo Monitor Arm,Online,1,92.28,92.28,47.3,13.91,2.97
101958,2025-08-24,Southwest,AZ,Storage,Loop Bin Set,Online,4,57.95,231.79,137.04,36.05,16.16
101831,2025-08-25,West,WA,Lighting,Aria Desk Lamp,Online,1,66.36,66.36,33.86,8.75,3.82
101846,2025-08-25,West,NV,Furniture,Drift Side Table,Wholesale,5,146.8,734.0,433.14,92.81,48.26
101850,2025-08-25,West,CA,Storage,Vault Cabinet,Online,4,267.78,1071.1,619.36,122.39,61.61
101812,2025-08-25,Northeast,NJ,Furniture,Aster Bookcase,Online,2,392.35,784.7,493.16,110.19,24.53
101955,2025-08-25,Southwest,AZ,Lighting,Aria Desk Lamp,Wholesale,1,72.65,72.65,39.26,10.01,2.47
101835,2025-08-25,West,WA,Lighting,Aria Desk Lamp,Retail,2,71.2,142.39,76.59,19.51,7.16
101819,2025-08-25,West,CA,Furniture,Nimbus Chair,Wholesale,3,334.63,1003.88,609.49,121.01,41.7
101796,2025-08-25,Northeast,MA,Lighting,Ember Floor Lamp,Online,3,120.12,360.35,178.58,38.74,16.56
101948,2025-08-25,Southwest,NM,Furniture,Drift Side Table,Online,1,153.72,153.72,98.56,20.95,5.65
101775,2025-08-25,Northeast,MA,Furniture,Nimbus Chair,Online,5,343.52,1717.61,1053.91,258.52,88.68
101887,2025-08-25,Midwest,WI,Storage,Cascade Shelf,Retail,5,176.02,880.08,499.38,106.69,48.54
101804,2025-08-25,Northeast,NY,Lighting,Halo Monitor Arm,Online,1,93.99,93.99,50.43,13.37,6.14
101806,2025-08-26,Northeast,PA,Storage,Cascade Shelf,Retail,3,191.9,575.69,344.84,59.89,31.73
101844,2025-08-26,West,NV,Lighting,Aria Desk Lamp,Online,1,69.7,69.7,35.23,10.61,2.12
101894,2025-08-26,South,TN,Furniture,Aster Bookcase,Online,4,429.58,1718.33,1087.76,200.13,82.6
101914,2025-08-26,South,AL,Furniture,Drift Side Table,Online,2,154.25,308.5,187.3,44.53,13.33
101943,2025-08-27,Southeast,NC,Furniture,Aster Bookcase,Retail,4,390.95,1563.78,939.19,205.2,60.5
101849,2025-08-27,West,OR,Furniture,Aster Bookcase,Online,3,402.66,1207.97,770.86,170.46,49.58
101892,2025-08-27,South,AL,Furniture,Aster Bookcase,Wholesale,2,421.12,842.23,496.75,91.82,45.14
101915,2025-08-27,South,GA,Storage,Loop Bin Set,Wholesale,1,53.78,53.78,30.35,8.28,3.4
101876,2025-08-27,Midwest,WI,Furniture,Drift Side Table,Wholesale,3,149.92,449.77,263.77,57.22,13.86
101815,2025-08-27,Northeast,NY,Furniture,Nimbus Chair,Retail,3,313.31,939.93,555.04,109.61,57.43
101848,2025-08-28,West,WA,Lighting,Aria Desk Lamp,Online,1,65.18,65.18,34.36,6.67,2.39
101929,2025-08-28,Southeast,NC,Storage,Vault Cabinet,Wholesale,4,249.01,996.03,563.71,139.81,58.49
101899,2025-08-28,South,AL,Lighting,Ember Floor Lamp,Online,1,117.38,117.38,59.14,12.87,3.85
101934,2025-08-28,Southeast,VA,Furniture,Nimbus Chair,Online,5,343.27,1716.36,1099.32,182.62,87.14
101787,2025-08-28,Northeast,NY,Storage,Cascade Shelf,Retail,1,188.57,188.57,115.05,27.64,6.75
101882,2025-08-28,Midwest,MI,Furniture,Aster Bookcase,Online,5,438.15,2190.77,1287.44,340.52,104.42
101776,2025-08-29,Northeast,PA,Lighting,Halo Monitor Arm,Retail,2,85.44,170.88,92.4,25.75,9.44
101783,2025-08-29,Northeast,PA,Lighting,Ember Floor Lamp,Retail,4,114.12,456.46,247.71,54.86,22.09
101875,2025-08-29,Midwest,IL,Storage,Cascade Shelf,Wholesale,5,190.15,950.77,537.72,150.76,49.24
101822,2025-08-29,West,CA,Furniture,Aster Bookcase,Wholesale,1,434.18,434.18,273.88,62.64,22.71
101818,2025-08-29,Northeast,NJ,Furniture,Drift Side Table,Retail,3,151.74,455.21,284.24,70.82,29.82
101786,2025-08-29,Northeast,MA,Furniture,Drift Side Table,Online,3,145.03,435.1,253.94,66.65,30.06
101788,2025-08-29,Northeast,NY,Storage,Cascade Shelf,Online,1,181.64,181.64,111.27,24.4,7.33
101798,2025-08-29,Northeast,PA,Lighting,Ember Floor Lamp,Online,2,116.71,233.41,115.92,25.72,12.74
101801,2025-08-29,Northeast,PA,Lighting,Ember Floor Lamp,Wholesale,4,110.07,440.29,218.8,49.32,18.51
101923,2025-08-29,Southeast,NC,Storage,Cascade Shelf,Wholesale,4,177.23,708.91,411.97,91.27,47.46
101830,2025-08-29,West,WA,Storage,Cascade Shelf,Wholesale,4,175.24,700.97,408.7,110.95,39.44
101959,2025-08-30,Southwest,OK,Furniture,Nimbus Chair,Retail,3,311.09,933.28,599.37,112.69,63.96
101896,2025-08-30,South,TX,Lighting,Aria Desk Lamp,Retail,2,67.37,134.74,72.35,18.77,8.81
101769,2025-08-30,Northeast,NY,Furniture,Aster Bookcase,Online,4,440.97,1763.87,1132.18,231.42,59.03
101857,2025-08-30,Midwest,IL,Furniture,Nimbus Chair,Online,4,320.76,1283.04,821.84,147.43,80.46
101949,2025-08-30,Southwest,AZ,Lighting,Aria Desk Lamp,Online,4,72.16,288.62,152.03,32.77,17.67
101881,2025-08-30,Midwest,IL,Furniture,Aster Bookcase,Retail,3,424.24,1272.71,785.7,192.16,48.71
101784,2025-08-30,Northeast,NY,Lighting,Aria Desk Lamp,Wholesale,2,66.18,132.36,66.62,18.15,4.38
101927,2025-08-30,Southeast,VA,Storage,Cascade Shelf,Online,3,183.46,550.38,304.3,64.98,18.65
101814,2025-08-30,Northeast,NJ,Lighting,Aria Desk Lamp,Online,4,65.88,263.51,144.91,31.46,10.45
101901,2025-08-31,South,TX,Furniture,Drift Side Table,Online,1,144.63,144.63,85.4,17.23,8.68
101953,2025-08-31,Southwest,OK,Furniture,Nimbus Chair,Online,5,309.23,1546.15,935.82,178.28,106.58
101811,2025-08-31,Northeast,PA,Storage,Loop Bin Set,Online,4,57.48,229.91,133.39,23.51,7.7
101912,2025-08-31,South,TX,Storage,Cascade Shelf,Online,4,173.25,693.0,392.68,97.13,28.84
101920,2025-08-31,South,TN,Lighting,Ember Floor Lamp,Online,5,111.21,556.06,278.74,73.72,17.01
101908,2025-08-31,South,AL,Lighting,Aria Desk Lamp,Online,4,67.49,269.96,137.26,31.46,9.19
101997,2025-09-01,Northeast,NY,Storage,Loop Bin Set,Retail,2,53.43,106.87,65.42,13.84,4.02
102005,2025-09-01,Northeast,MA,Storage,Loop Bin Set,Online,4,54.63,218.51,128.43,25.19,7.88
102155,2025-09-01,Southwest,OK,Furniture,Drift Side Table,Wholesale,5,154.05,770.27,460.28,86.05,51.1
101980,2025-09-01,Northeast,NJ,Lighting,Aria Desk Lamp,Wholesale,1,67.42,67.42,36.41,6.74,3.55
102062,2025-09-01,Midwest,OH,Lighting,Ember Floor Lamp,Wholesale,2,106.61,213.22,105.1,27.83,14.73
102048,2025-09-01,West,CA,Furniture,Drift Side Table,Online,4,146.25,585.01,353.2,85.41,34.61
102136,2025-09-01,Southeast,VA,Furniture,Drift Side Table,Retail,5,147.34,736.71,482.5,99.47,45.56
102154,2025-09-02,Southwest,NM,Furniture,Aster Bookcase,Online,1,403.6,403.6,248.96,61.65,26.82
102026,2025-09-02,West,CA,Storage,Cascade Shelf,Wholesale,5,193.89,969.47,572.95,112.83,33.95
102106,2025-09-02,South,GA,Lighting,Aria Desk Lamp,Online,4,71.27,285.08,141.82,28.53,9.84
102058,2025-09-02,Midwest,IL,Lighting,Ember Floor Lamp,Online,1,107.71,107.71,56.5,11.78,6.72
102110,2025-09-02,South,TX,Storage,Vault Cabinet,Online,5,277.81,1389.06,775.0,211.73,87.6
102111,2025-09-02,South,TX,Storage,Vault Cabinet,Online,5,268.37,1341.87,775.83,196.0,49.56
101986,2025-09-02,Northeast,NY,Furniture,Drift Side Table,Retail,2,152.16,304.32,190.22,34.55,14.31
101971,2025-09-02,Northeast,MA,Storage,Vault Cabinet,Wholesale,4,250.73,1002.94,612.11,136.6,31.19
102041,2025-09-02,West,WA,Lighting,Halo Monitor Arm,Wholesale,3,94.32,282.96,155.64,29.52,11.62
101968,2025-09-03,Northeast,NY,Storage,Loop Bin Set,Wholesale,4,56.97,227.87,125.1,25.5,12.81
102022,2025-09-03,West,OR,Storage,Vault Cabinet,Wholesale,3,250.75,752.25,456.23,114.45,23.01
102040,2025-09-03,West,WA,Storage,Cascade Shelf,Online,2,191.12,382.24,217.75,42.85,17.16
101989,2025-09-03,Northeast,PA,Lighting,Aria Desk Lamp,Retail,4,68.63,274.51,142.21,41.9,9.07
102082,2025-09-04,Midwest,MI,Furniture,Nimbus Chair,Online,4,319.51,1278.03,782.29,139.89,79.69
102146,2025-09-04,Southeast,SC,Lighting,Ember Floor Lamp,Retail,3,107.42,322.25,163.74,32.42,12.65
101972,2025-09-04,Northeast,PA,Lighting,Aria Desk Lamp,Wholesale,1,72.36,72.36,37.78,9.85,3.41
101973,2025-09-04,Northeast,NY,Furniture,Drift Side Table,Online,5,143.96,719.78,472.63,112.68,31.65
102008,2025-09-04,Northeast,MA,Furniture,Nimbus Chair,Wholesale,4,336.99,1347.96,824.78,171.58,41.89
102120,2025-09-04,South,TN,Furniture,Aster Bookcase,Online,1,438.13,438.13,282.69,63.42,13.96
102132,2025-09-05,Southeast,VA,Furniture,Nimbus Chair,Online,3,345.07,1035.21,628.77,147.25,46.86
101982,2025-09-05,Northeast,NJ,Furniture,Nimbus Chair,Online,5,313.02,1565.11,912.36,226.1,52.41
102095,2025-09-05,South,AL,Furniture,Drift Side Table,Online,3,151.18,453.54,286.31,52.83,26.1
101979,2025-09-05,Northeast,NJ,Lighting,Ember Floor Lamp,Wholesale,2,116.34,232.68,116.34,25.81,7.47
102104,2025-09-05,South,TX,Storage,Loop Bin Set,Online,5,57.86,289.3,157.94,38.16,18.64
102077,2025-09-05,Midwest,MI,Furniture,Nimbus Chair,Online,5,319.73,1598.66,974.03,219.57,74.16
102060,2025-09-05,Midwest,OH,Lighting,Ember Floor Lamp,Wholesale,2,119.41,238.82,121.31,30.8,9.26
102121,2025-09-05,South,AL,Lighting,Aria Desk Lamp,Wholesale,3,67.69,203.08,101.13,22.08,12.06
102167,2025-09-06,Southwest,AZ,Lighting,Ember Floor Lamp,Retail,2,110.59,221.19,112.61,34.47,13.09
102116,2025-09-06,South,AL,Lighting,Aria Desk Lamp,Online,4,66.99,267.96,143.61,30.03,14.1
102098,2025-09-06,South,TX,Furniture,Drift Side Table,Retail,3,152.38,457.13,287.67,67.53,20.91
102007,2025-09-06,Northeast,NJ,Furniture,Nimbus Chair,Wholesale,2,345.47,690.93,417.88,108.56,21.54
102006,2025-09-06,Northeast,PA,Lighting,Halo Monitor Arm,Wholesale,5,94.98,474.9,255.51,73.89,14.69
102131,2025-09-06,Southeast,FL,Storage,Loop Bin Set,Online,2,57.09,114.17,69.9,16.76,5.01
102148,2025-09-06,Southwest,OK,Lighting,Aria Desk Lamp,Online,5,73.39,366.95,190.05,47.56,15.79
102157,2025-09-06,Southwest,OK,Storage,Loop Bin Set,Retail,1,53.21,53.21,30.89,5.51,1.87
101967,2025-09-07,Northeast,NJ,Lighting,Halo Monitor Arm,Online,1,92.85,92.85,49.55,12.44,4.38
102068,2025-09-07,Midwest,WI,Furniture,Nimbus Chair,Online,5,315.61,1578.06,962.85,190.28,54.83
101970,2025-09-07,Northeast,PA,Lighting,Aria Desk Lamp,Retail,4,67.42,269.68,138.01,36.93,12.77
102075,2025-09-07,Midwest,IL,Storage,Cascade Shelf,Retail,2,182.96,365.91,218.32,50.82,18.2
102150,2025-09-07,Southwest,AZ,Furniture,Nimbus Chair,Retail,2,336.39,672.78,415.64,84.93,37.74
102099,2025-09-07,South,AL,Furniture,Aster Bookcase,Wholesale,4,390.77,1563.1,1014.24,164.7,53.63
102033,2025-09-07,West,CA,Furniture,Nimbus Chair,Retail,3,328.27,984.82,580.96,113.77,53.46
102138,2025-09-07,Southeast,NC,Furniture,Drift Side Table,Online,4,151.28,605.14,369.47,73.56,32.85
102093,2025-09-07,Midwest,OH,Storage,Cascade Shelf,Retail,4,172.14,688.58,419.97,107.53,43.96
102076,2025-09-08,Midwest,OH,Lighting,Aria Desk Lamp,Online,5,72.65,363.26,189.28,56.38,22.76
102149,2025-09-08,Southwest,AZ,Furniture,Nimbus Chair,Online,4,329.83,1319.3,825.65,190.46,69.06
102122,2025-09-08,South,TN,Lighting,Ember Floor Lamp,Online,4,108.45,433.82,238.98,45.85,28.01
101998,2025-09-08,Northeast,MA,Furniture,Nimbus Chair,Retail,4,330.37,1321.5,858.73,193.41,77.6
102129,2025-09-08,Southeast,SC,Lighting,Halo Monitor Arm,Online,5,95.75,478.76,259.72,76.26,15.72
102049,2025-09-08,West,NV,Furniture,Aster Bookcase,Retail,3,394.67,1184.01,768.75,181.32,51.52
102161,2025-09-08,Southwest,NM,Lighting,Halo Monitor Arm,Retail,5,91.32,456.58,248.24,71.57,14.45
101995,2025-09-08,Northeast,PA,Storage,Loop Bin Set,Wholesale,1,56.49,56.49,34.59,9.02,3.51
102140,2025-09-09,Southeast,FL,Lighting,Ember Floor Lamp,Online,2,120.53,241.06,127.52,31.54,9.78
101964,2025-09-09,Northeast,NJ,Furniture,Aster Bookcase,Retail,4,395.82,1583.29,931.16,252.34,84.28
102119,2025-09-09,South,TN,Storage,Loop Bin Set,Online,3,55.97,167.91,91.96,17.25,10.4
102103,2025-09-09,South,GA,Furniture,Nimbus Chair,Online,4,310.49,1241.97,742.88,129.8,75.44
102108,2025-09-09,South,GA,Furniture,Drift Side Table,Online,1,154.63,154.63,96.22,21.15,8.32
101974,2025-09-09,Northeast,NJ,Furniture,Nimbus Chair,Wholesale,5,321.58,1607.9,1027.94,169.47,93.4
102113,2025-09-09,South,AL,Furniture,Nimbus Chair,Wholesale,3,335.65,1006.95,593.37,159.94,36.23
102084,2025-09-10,Midwest,WI,Lighting,Halo Monitor Arm,Retail,2,95.47,190.94,103.41,28.46,11.27
102165,2025-09-10,Southwest,NM,Lighting,Halo Monitor Arm,Wholesale,4,91.52,366.06,186.88,49.01,11.4
102028,2025-09-10,West,CA,Lighting,Ember Floor Lamp,Retail,4,113.14,452.57,235.35,54.5,18.74
101990,2025-09-10,Northeast,NY,Storage,Vault Cabinet,Retail,1,254.03,254.03,143.13,27.75,14.97
102125,2025-09-11,Southeast,FL,Furniture,Drift Side Table,Online,2,143.89,287.78,189.01,33.08,8.86
102144,2025-09-11,Southeast,NC,Storage,Loop Bin Set,Wholesale,1,54.34,54.34,30.54,6.29,3.18
102027,2025-09-12,West,NV,Furniture,Aster Bookcase,Online,5,425.94,2129.69,1369.18,252.48,104.0
101966,2025-09-12,Northeast,NJ,Furniture,Aster Bookcase,Retail,3,431.33,1293.99,844.76,144.09,59.03
102145,2025-09-12,Southeast,VA,Furniture,Drift Side Table,Wholesale,3,148.04,444.11,264.95,67.94,28.33
101996,2025-09-12,Northeast,NJ,Storage,Loop Bin Set,Wholesale,4,54.79,219.16,121.17,25.9,8.86
102035,2025-09-12,West,OR,Lighting,Halo Monitor Arm,Online,4,88.25,353.0,173.43,44.47,22.24
102100,2025-09-13,South,TX,Storage,Loop Bin Set,Retail,3,54.05,162.16,95.67,25.41,9.25
102087,2025-09-13,Midwest,WI,Lighting,Ember Floor Lamp,Wholesale,3,118.79,356.38,181.31,36.45,23.88
102046,2025-09-13,West,NV,Furniture,Nimbus Chair,Online,1,335.45,335.45,218.07,36.94,19.58
102139,2025-09-13,Southeast,NC,Lighting,Ember Floor Lamp,Retail,5,106.84,534.18,289.06,55.84,27.8
101987,2025-09-13,Northeast,NY,Storage,Cascade Shelf,Online,4,186.24,744.94,445.18,99.88,40.9
102000,2025-09-14,Northeast,MA,Lighting,Ember Floor Lamp,Retail,3,109.19,327.57,167.22,51.39,11.99
102038,2025-09-14,West,WA,Furniture,Drift Side Table,Retail,1,145.65,145.65,87.89,17.79,8.11
102017,2025-09-14,West,CA,Lighting,Aria Desk Lamp,Online,2,66.24,132.48,69.37,15.7,7.84
102109,2025-09-14,South,AL,Storage,Cascade Shelf,Online,3,190.91,572.74,335.78,64.93,39.58
101969,2025-09-14,Northeast,NJ,Lighting,Ember Floor Lamp,Online,2,120.57,241.13,125.1,30.17,7.48
102130,2025-09-14,Southeast,SC,Lighting,Ember Floor Lamp,Online,5,106.45,532.23,277.64,76.62,17.36
102057,2025-09-14,Midwest,IL,Lighting,Aria Desk Lamp,Wholesale,3,70.47,211.41,114.08,21.92,10.42
102044,2025-09-15,West,WA,Lighting,Halo Monitor Arm,Retail,5,90.68,453.38,240.87,57.2,16.1
102094,2025-09-15,Midwest,IL,Lighting,Halo Monitor Arm,Wholesale,5,92.07,460.34,250.99,64.31,19.39
102160,2025-09-15,Southwest,AZ,Lighting,Halo Monitor Arm,Online,3,86.24,258.71,135.32,34.17,9.12
102090,2025-09-15,Midwest,MI,Storage,Vault Cabinet,Retail,1,252.41,252.41,143.65,25.66,15.08
101993,2025-09-15,Northeast,NY,Furniture,Aster Bookcase,Wholesale,1,440.64,440.64,274.15,62.95,19.43
101978,2025-09-15,Northeast,NY,Storage,Vault Cabinet,Wholesale,4,267.77,1071.07,655.05,113.58,47.0
102061,2025-09-15,Midwest,WI,Lighting,Halo Monitor Arm,Wholesale,2,91.75,183.5,99.34,19.3,7.06
102102,2025-09-15,South,TN,Furniture,Aster Bookcase,Online,1,422.44,422.44,254.41,59.64,27.81
101976,2025-09-15,Northeast,NJ,Furniture,Aster Bookcase,Online,2,438.29,876.58,517.39,122.62,60.16
102054,2025-09-15,Midwest,WI,Lighting,Halo Monitor Arm,Retail,1,87.51,87.51,48.16,10.08,5.57
101963,2025-09-15,Northeast,NJ,Lighting,Halo Monitor Arm,Online,2,87.91,175.82,91.13,25.18,12.02
101992,2025-09-16,Northeast,MA,Lighting,Halo Monitor Arm,Retail,5,88.5,442.49,234.53,53.96,17.29
102141,2025-09-16,Southeast,FL,Furniture,Drift Side Table,Retail,1,154.11,154.11,94.33,23.79,10.09
102127,2025-09-16,Southeast,NC,Furniture,Drift Side Table,Wholesale,3,155.4,466.2,288.63,54.63,23.6
102107,2025-09-16,South,TN,Furniture,Drift Side Table,Retail,4,153.17,612.67,402.39,96.65,24.97
102011,2025-09-16,Northeast,NY,Furniture,Drift Side Table,Online,2,139.84,279.69,170.86,36.13,13.48
102074,2025-09-16,Midwest,IL,Lighting,Ember Floor Lamp,Online,1,117.85,117.85,62.21,14.87,3.95
102043,2025-09-17,West,NV,Lighting,Aria Desk Lamp,Online,2,67.29,134.58,69.79,14.7,8.13
102039,2025-09-17,West,CA,Storage,Loop Bin Set,Wholesale,4,55.84,223.34,126.45,23.01,9.82
102020,2025-09-17,West,WA,Furniture,Nimbus Chair,Wholesale,3,325.41,976.22,600.61,155.28,64.21
102162,2025-09-17,Southwest,OK,Furniture,Aster Bookcase,Online,1,430.67,430.67,251.65,58.64,17.67
102023,2025-09-17,West,WA,Furniture,Aster Bookcase,Online,2,418.01,836.02,537.9,92.29,48.53
102053,2025-09-17,West,OR,Storage,Vault Cabinet,Wholesale,5,267.95,1339.75,765.44,170.99,42.65
102037,2025-09-17,West,CA,Storage,Cascade Shelf,Wholesale,2,183.21,366.42,207.76,56.11,17.76
102158,2025-09-17,Southwest,AZ,Furniture,Drift Side Table,Wholesale,2,141.89,283.78,182.9,44.07,15.67
102025,2025-09-18,West,NV,Furniture,Drift Side Table,Online,5,155.83,779.15,470.29,108.99,28.82
102063,2025-09-18,Midwest,IL,Lighting,Aria Desk Lamp,Wholesale,1,69.15,69.15,36.55,9.91,4.02
102088,2025-09-18,Midwest,IL,Storage,Cascade Shelf,Online,1,187.04,187.04,114.97,29.18,12.96
102051,2025-09-18,West,CA,Furniture,Aster Bookcase,Wholesale,2,409.66,819.32,535.27,107.13,50.25
102031,2025-09-18,West,NV,Storage,Cascade Shelf,Wholesale,5,187.49,937.46,574.02,98.37,65.52
102004,2025-09-18,Northeast,MA,Storage,Cascade Shelf,Wholesale,1,171.76,171.76,98.35,18.01,7.93
102079,2025-09-18,Midwest,IL,Furniture,Aster Bookcase,Online,5,412.24,2061.22,1321.74,321.85,93.02
102115,2025-09-18,South,TN,Lighting,Halo Monitor Arm,Retail,3,85.81,257.44,137.45,32.14,11.0
102070,2025-09-18,Midwest,MI,Lighting,Aria Desk Lamp,Online,4,70.47,281.87,142.39,37.35,9.71
102081,2025-09-18,Midwest,MI,Lighting,Halo Monitor Arm,Retail,1,90.23,90.23,44.73,9.85,4.62
102083,2025-09-19,Midwest,WI,Lighting,Halo Monitor Arm,Wholesale,5,86.79,433.94,214.92,57.24,24.36
101984,2025-09-19,Northeast,NY,Lighting,Halo Monitor Arm,Online,1,95.61,95.61,52.11,12.87,5.67
102042,2025-09-19,West,NV,Furniture,Nimbus Chair,Retail,3,326.71,980.13,591.46,146.05,51.28
102050,2025-09-19,West,WA,Furniture,Drift Side Table,Online,5,140.5,702.51,449.16,99.51,48.81
102071,2025-09-19,Midwest,IL,Furniture,Aster Bookcase,Online,1,397.93,397.93,248.47,49.35,27.55
101965,2025-09-19,Northeast,NY,Furniture,Drift Side Table,Retail,1,148.81,148.81,92.16,15.0,10.41
102002,2025-09-20,Northeast,NY,Lighting,Aria Desk Lamp,Online,1,67.68,67.68,33.96,9.61,3.91
102036,2025-09-20,West,WA,Storage,Cascade Shelf,Retail,2,171.47,342.94,208.28,48.93,15.83
102021,2025-09-20,West,CA,Furniture,Drift Side Table,Wholesale,5,140.35,701.75,431.2,111.6,23.78
102059,2025-09-20,Midwest,WI,Storage,Cascade Shelf,Online,2,174.85,349.7,200.39,37.24,24.26
102142,2025-09-20,Southeast,VA,Furniture,Nimbus Chair,Online,4,310.36,1241.45,806.2,130.3,80.64
102030,2025-09-20,West,NV,Furniture,Drift Side Table,Online,4,145.97,583.88,373.28,76.6,28.46
101981,2025-09-21,Northeast,PA,Furniture,Nimbus Chair,Wholesale,2,321.8,643.6,387.91,89.18,43.81
101994,2025-09-21,Northeast,NY,Lighting,Halo Monitor Arm,Retail,4,87.18,348.73,170.53,49.32,20.33
102003,2025-09-21,Northeast,NY,Storage,Cascade Shelf,Online,4,183.53,734.12,433.31,86.17,29.37
102024,2025-09-21,West,OR,Lighting,Aria Desk Lamp,Online,1,66.17,66.17,32.7,9.88,4.12
102135,2025-09-22,Southeast,FL,Storage,Cascade Shelf,Online,5,179.7,898.49,544.49,94.22,49.55
102052,2025-09-22,West,NV,Storage,Loop Bin Set,Online,3,56.5,169.51,102.14,22.71,6.56
102032,2025-09-22,West,NV,Lighting,Halo Monitor Arm,Online,3,89.33,267.99,141.94,30.03,14.58
101991,2025-09-22,Northeast,NJ,Lighting,Ember Floor Lamp,Online,1,113.1,113.1,56.04,15.37,5.57
102153,2025-09-22,Southwest,AZ,Lighting,Ember Floor Lamp,Online,1,120.88,120.88,66.21,15.2,5.55
102112,2025-09-22,South,TN,Storage,Loop Bin Set,Wholesale,4,53.49,213.97,127.57,26.35,9.79
102056,2025-09-23,Midwest,WI,Furniture,Aster Bookcase,Online,2,398.36,796.72,471.49,108.92,42.54
102067,2025-09-23,Midwest,IL,Furniture,Drift Side Table,Online,5,151.04,755.2,447.33,80.62,41.55
102069,2025-09-23,Midwest,WI,Lighting,Ember Floor Lamp,Retail,2,118.38,236.77,124.93,34.75,13.7
101985,2025-09-23,Northeast,PA,Furniture,Aster Bookcase,Online,3,423.88,1271.65,763.22,143.12,38.74
102010,2025-09-23,Northeast,NJ,Storage,Loop Bin Set,Online,3,53.87,161.6,96.19,18.27,5.44
102092,2025-09-23,Midwest,OH,Lighting,Aria Desk Lamp,Retail,3,68.94,206.82,103.81,29.68,7.3
102012,2025-09-23,Northeast,NJ,Storage,Vault Cabinet,Wholesale,2,276.98,553.97,309.0,63.57,30.44
102147,2025-09-23,Southeast,NC,Lighting,Halo Monitor Arm,Wholesale,1,92.13,92.13,45.5,9.99,4.08
102013,2025-09-23,Northeast,NJ,Furniture,Drift Side Table,Retail,1,139.14,139.14,83.77,21.71,8.58
102018,2025-09-23,West,OR,Lighting,Aria Desk Lamp,Online,3,73.01,219.03,107.06,31.59,10.97
102091,2025-09-23,Midwest,MI,Furniture,Drift Side Table,Online,4,148.29,593.16,376.37,79.68,31.02
102163,2025-09-24,Southwest,NM,Lighting,Aria Desk Lamp,Retail,3,71.22,213.66,114.17,33.23,13.19
102123,2025-09-24,South,TN,Furniture,Aster Bookcase,Online,1,416.68,416.68,251.76,53.71,15.84
102124,2025-09-24,Southeast,FL,Storage,Loop Bin Set,Wholesale,3,54.45,163.35,98.25,21.89,10.66
102065,2025-09-24,Midwest,IL,Storage,Vault Cabinet,Wholesale,1,274.38,274.38,163.44,43.89,16.98
102047,2025-09-24,West,WA,Lighting,Halo Monitor Arm,Online,5,90.15,450.77,245.75,51.19,28.45
102078,2025-09-24,Midwest,MI,Storage,Loop Bin Set,Retail,5,53.2,265.99,147.95,39.3,14.18
102086,2025-09-24,Midwest,MI,Lighting,Halo Monitor Arm,Online,1,90.52,90.52,47.66,11.76,3.63
102118,2025-09-25,South,AL,Lighting,Halo Monitor Arm,Online,2,85.22,170.44,89.94,25.54,5.26
102029,2025-09-25,West,CA,Furniture,Aster Bookcase,Online,4,412.38,1649.52,1079.38,187.11,76.28
102045,2025-09-25,West,OR,Storage,Loop Bin Set,Retail,4,55.57,222.29,123.15,26.58,7.78
102019,2025-09-25,West,OR,Furniture,Drift Side Table,Retail,1,151.08,151.08,92.97,20.9,7.99
102117,2025-09-25,South,TN,Lighting,Aria Desk Lamp,Wholesale,1,66.29,66.29,33.19,9.8,3.24
101988,2025-09-25,Northeast,NY,Storage,Vault Cabinet,Retail,2,274.07,548.13,300.86,75.07,22.97
102133,2025-09-25,Southeast,FL,Furniture,Nimbus Chair,Wholesale,5,310.82,1554.1,936.6,241.28,87.56
102114,2025-09-26,South,AL,Furniture,Drift Side Table,Wholesale,4,154.83,619.3,370.37,67.65,20.04
102001,2025-09-26,Northeast,MA,Storage,Cascade Shelf,Online,2,171.67,343.34,198.05,40.93,19.48
102034,2025-09-26,West,CA,Storage,Loop Bin Set,Online,4,56.53,226.14,137.33,29.41,7.69
102164,2025-09-26,Southwest,OK,Lighting,Aria Desk Lamp,Retail,3,72.56,217.67,117.3,23.73,6.94
102159,2025-09-27,Southwest,AZ,Lighting,Ember Floor Lamp,Online,1,114.67,114.67,60.22,11.48,4.71
102166,2025-09-27,Southwest,OK,Lighting,Halo Monitor Arm,Wholesale,5,84.6,423.0,209.56,63.79,25.61
102080,2025-09-27,Midwest,OH,Furniture,Aster Bookcase,Online,1,424.38,424.38,257.97,54.29,23.66
102066,2025-09-27,Midwest,IL,Lighting,Ember Floor Lamp,Online,5,116.71,583.54,303.9,71.41,25.2
101975,2025-09-27,Northeast,NJ,Storage,Cascade Shelf,Online,2,191.63,383.26,226.39,40.55,18.84
102137,2025-09-27,Southeast,SC,Lighting,Aria Desk Lamp,Retail,3,65.11,195.32,96.89,22.23,11.58
102072,2025-09-28,Midwest,OH,Storage,Vault Cabinet,Online,1,261.09,261.09,151.35,36.6,14.53
102055,2025-09-28,Midwest,WI,Furniture,Aster Bookcase,Online,1,428.37,428.37,258.66,48.32,22.25
102014,2025-09-28,Northeast,PA,Furniture,Drift Side Table,Wholesale,3,139.03,417.1,264.39,58.8,17.27
102085,2025-09-28,Midwest,MI,Lighting,Halo Monitor Arm,Online,5,91.65,458.24,226.93,71.92,25.6
102134,2025-09-28,Southeast,FL,Furniture,Aster Bookcase,Wholesale,3,399.11,1197.34,745.0,124.29,69.21
102097,2025-09-28,South,AL,Furniture,Nimbus Chair,Retail,3,316.48,949.43,564.94,109.45,32.44
101999,2025-09-28,Northeast,NJ,Lighting,Halo Monitor Arm,Online,5,92.77,463.83,252.65,66.98,28.15
102105,2025-09-28,South,GA,Furniture,Nimbus Chair,Wholesale,1,322.26,322.26,205.14,41.17,14.48
102009,2025-09-28,Northeast,PA,Storage,Loop Bin Set,Online,2,52.7,105.4,63.85,11.9,3.89
102089,2025-09-28,Midwest,OH,Furniture,Drift Side Table,Retail,3,154.64,463.91,288.2,47.47,25.26
102064,2025-09-29,Midwest,IL,Furniture,Nimbus Chair,Online,5,317.41,1587.03,978.95,162.51,97.1
102016,2025-09-29,West,NV,Storage,Vault Cabinet,Online,1,256.31,256.31,153.67,33.02,13.59
101983,2025-09-29,Northeast,PA,Lighting,Halo Monitor Arm,Wholesale,4,94.53,378.13,193.81,41.59,20.96
101977,2025-09-29,Northeast,NJ,Lighting,Halo Monitor Arm,Retail,5,96.02,480.08,235.62,60.32,19.94
102015,2025-09-29,West,CA,Storage,Cascade Shelf,Online,4,181.97,727.89,403.84,98.81,45.07
102152,2025-09-29,Southwest,NM,Storage,Loop Bin Set,Online,1,57.62,57.62,34.13,7.0,2.95
102151,2025-09-29,Southwest,NM,Furniture,Drift Side Table,Online,4,155.6,622.4,364.04,64.38,41.86
102096,2025-09-29,South,TN,Furniture,Drift Side Table,Retail,5,154.08,770.39,472.03,93.0,50.01
102101,2025-09-29,South,TN,Lighting,Halo Monitor Arm,Online,5,92.52,462.58,227.83,54.79,25.27
102126,2025-09-29,Southeast,VA,Furniture,Drift Side Table,Online,3,148.08,444.23,286.18,50.1,27.51
102073,2025-09-30,Midwest,WI,Furniture,Drift Side Table,Wholesale,4,143.21,572.83,346.41,84.25,35.82
102143,2025-09-30,Southeast,VA,Lighting,Halo Monitor Arm,Retail,4,93.71,374.85,187.91,48.84,16.02
102128,2025-09-30,Southeast,FL,Lighting,Aria Desk Lamp,Retail,1,72.73,72.73,39.49,10.52,3.09
102156,2025-09-30,Southwest,NM,Lighting,Halo Monitor Arm,Online,5,92.89,464.43,255.06,46.99,27.21
102310,2025-10-01,South,AL,Lighting,Aria Desk Lamp,Retail,2,66.03,132.06,71.46,18.17,5.16
102188,2025-10-01,Northeast,PA,Furniture,Drift Side Table,Retail,3,152.74,458.23,295.96,46.12,25.05
102189,2025-10-01,Northeast,MA,Furniture,Nimbus Chair,Online,1,344.75,344.75,205.26,55.11,22.15
102304,2025-10-01,Midwest,MI,Storage,Loop Bin Set,Retail,4,52.13,208.5,124.59,24.81,9.6
102322,2025-10-01,South,TN,Furniture,Aster Bookcase,Online,5,397.07,1985.35,1272.66,297.67,77.92
102376,2025-10-01,Southwest,OK,Lighting,Halo Monitor Arm,Online,2,93.01,186.02,94.97,25.28,9.63
102168,2025-10-01,Northeast,MA,Storage,Vault Cabinet,Retail,1,255.26,255.26,141.17,37.49,8.14
102263,2025-10-01,West,CA,Storage,Loop Bin Set,Online,5,53.96,269.81,155.49,40.5,17.24
102231,2025-10-02,West,CA,Lighting,Aria Desk Lamp,Online,2,69.85,139.7,76.37,21.75,6.96
102332,2025-10-02,South,AL,Lighting,Ember Floor Lamp,Retail,2,113.54,227.09,112.57,34.87,15.19
102224,2025-10-02,Northeast,PA,Lighting,Aria Desk Lamp,Online,5,71.82,359.1,195.99,48.81,14.94
102187,2025-10-02,Northeast,MA,Lighting,Aria Desk Lamp,Online,4,67.88,271.54,134.99,38.11,13.25
102196,2025-10-02,Northeast,NJ,Lighting,Halo Monitor Arm,Wholesale,1,86.22,86.22,46.17,13.53,4.32
102211,2025-10-02,Northeast,NY,Storage,Vault Cabinet,Online,2,276.97,553.93,326.24,72.29,37.29
102264,2025-10-02,West,OR,Furniture,Aster Bookcase,Wholesale,2,416.5,833.0,494.14,101.4,43.5
102220,2025-10-02,Northeast,NY,Lighting,Aria Desk Lamp,Retail,3,68.14,204.42,106.55,22.14,11.28
102270,2025-10-02,West,NV,Furniture,Nimbus Chair,Online,4,307.31,1229.22,784.89,170.15,71.0
102302,2025-10-02,Midwest,IL,Furniture,Nimbus Chair,Retail,5,313.11,1565.55,946.09,240.66,47.69
102269,2025-10-03,West,WA,Lighting,Ember Floor Lamp,Wholesale,4,108.47,433.88,233.6,44.73,19.27
102378,2025-10-03,Southwest,AZ,Lighting,Aria Desk Lamp,Online,3,64.87,194.62,100.17,26.72,10.93
102232,2025-10-03,West,OR,Storage,Loop Bin Set,Wholesale,3,54.02,162.06,96.96,20.22,7.5
102357,2025-10-03,Southeast,SC,Lighting,Aria Desk Lamp,Wholesale,4,67.84,271.36,142.8,39.38,16.54
102282,2025-10-03,Midwest,OH,Lighting,Ember Floor Lamp,Online,3,114.5,343.5,169.66,50.45,15.1
102296,2025-10-03,Midwest,IL,Storage,Cascade Shelf,Wholesale,2,174.86,349.73,193.11,46.77,22.06
102345,2025-10-03,South,TX,Storage,Vault Cabinet,Retail,4,274.2,1096.81,653.28,114.22,55.61
102360,2025-10-03,Southeast,VA,Furniture,Drift Side Table,Retail,5,138.43,692.14,425.27,69.67,39.79
102213,2025-10-03,Northeast,MA,Lighting,Halo Monitor Arm,Wholesale,4,87.2,348.79,183.11,41.16,11.4
102272,2025-10-03,Midwest,OH,Storage,Cascade Shelf,Wholesale,4,184.09,736.37,414.9,81.74,38.13
102283,2025-10-04,Midwest,MI,Storage,Vault Cabinet,Online,2,263.06,526.11,316.44,67.98,23.51
102216,2025-10-04,Northeast,NJ,Lighting,Aria Desk Lamp,Online,5,67.84,339.19,178.06,50.76,15.96
102392,2025-10-04,Southwest,OK,Furniture,Drift Side Table,Online,5,152.06,760.3,471.36,99.88,50.47
102299,2025-10-04,Midwest,OH,Furniture,Drift Side Table,Wholesale,2,146.54,293.08,176.65,30.84,18.82
102371,2025-10-04,Southeast,NC,Storage,Loop Bin Set,Retail,3,53.43,160.29,90.59,24.12,8.51
102329,2025-10-04,South,TN,Storage,Vault Cabinet,Online,2,250.51,501.01,281.1,76.87,31.04
102320,2025-10-04,South,AL,Furniture,Drift Side Table,Online,4,151.16,604.64,387.89,89.34,37.71
102347,2025-10-04,South,GA,Storage,Cascade Shelf,Online,5,193.31,966.57,558.12,133.87,56.17
102343,2025-10-05,South,TN,Lighting,Halo Monitor Arm,Online,5,92.87,464.36,250.16,54.09,25.68
102183,2025-10-05,Northeast,NJ,Storage,Cascade Shelf,Online,1,176.64,176.64,105.09,19.67,9.09
102280,2025-10-05,Midwest,IL,Furniture,Aster Bookcase,Retail,2,406.73,813.46,476.66,115.14,25.11
102363,2025-10-05,Southeast,SC,Furniture,Aster Bookcase,Online,1,435.72,435.72,267.46,58.71,13.48
102367,2025-10-05,Southeast,SC,Lighting,Halo Monitor Arm,Online,1,92.43,92.43,48.57,12.8,3.47
102314,2025-10-05,South,TX,Furniture,Aster Bookcase,Online,5,411.91,2059.56,1206.72,217.71,62.2
102223,2025-10-05,Northeast,MA,Lighting,Halo Monitor Arm,Retail,2,87.17,174.33,93.12,24.13,5.81
102201,2025-10-05,Northeast,PA,Furniture,Drift Side Table,Retail,5,148.8,744.0,485.0,93.22,35.03
102323,2025-10-06,South,GA,Storage,Vault Cabinet,Online,4,274.82,1099.3,639.5,147.98,37.34
102333,2025-10-06,South,GA,Storage,Vault Cabinet,Retail,1,254.47,254.47,139.82,37.1,7.93
102334,2025-10-06,South,GA,Lighting,Aria Desk Lamp,Wholesale,5,68.49,342.46,174.8,36.45,15.18
102214,2025-10-06,Northeast,NJ,Furniture,Drift Side Table,Online,2,154.58,309.15,191.5,35.02,14.11
102236,2025-10-06,West,OR,Lighting,Ember Floor Lamp,Retail,5,117.66,588.29,321.65,72.76,38.86
102247,2025-10-07,West,OR,Storage,Vault Cabinet,Retail,1,250.29,250.29,145.36,38.98,10.14
102249,2025-10-07,West,OR,Lighting,Ember Floor Lamp,Online,1,119.0,119.0,63.57,13.17,6.02
102297,2025-10-07,Midwest,OH,Furniture,Nimbus Chair,Online,3,306.85,920.55,545.89,143.48,50.99
102294,2025-10-07,Midwest,IL,Furniture,Nimbus Chair,Retail,4,320.0,1279.98,835.21,199.99,64.99
102190,2025-10-07,Northeast,MA,Furniture,Drift Side Table,Retail,3,140.53,421.59,249.17,56.25,28.0
102383,2025-10-07,Southwest,OK,Storage,Vault Cabinet,Retail,5,248.75,1243.74,759.72,144.04,76.43
102186,2025-10-07,Northeast,PA,Furniture,Aster Bookcase,Online,5,436.81,2184.06,1288.09,324.57,142.36
102316,2025-10-08,South,TX,Furniture,Drift Side Table,Online,2,155.13,310.27,196.17,40.17,9.89
102250,2025-10-08,West,WA,Storage,Vault Cabinet,Wholesale,2,271.17,542.34,310.32,68.96,33.82
102248,2025-10-08,West,CA,Storage,Vault Cabinet,Online,1,251.01,251.01,144.51,38.13,15.77
102341,2025-10-08,South,TX,Storage,Loop Bin Set,Online,2,52.77,105.55,60.16,13.22,5.46
102273,2025-10-08,Midwest,MI,Furniture,Aster Bookcase,Retail,5,405.72,2028.6,1228.7,292.74,117.02
102242,2025-10-08,West,CA,Storage,Vault Cabinet,Online,4,277.81,1111.25,615.01,162.01,71.71
102207,2025-10-08,Northeast,NJ,Furniture,Nimbus Chair,Online,2,332.85,665.7,437.04,84.87,30.66
102234,2025-10-08,West,OR,Lighting,Aria Desk Lamp,Online,1,64.69,64.69,34.96,7.79,3.33
102301,2025-10-09,Midwest,OH,Lighting,Ember Floor Lamp,Retail,4,108.06,432.25,223.42,60.92,26.74
102300,2025-10-09,Midwest,MI,Furniture,Aster Bookcase,Wholesale,3,430.21,1290.62,812.89,147.58,86.99
102193,2025-10-09,Northeast,PA,Lighting,Halo Monitor Arm,Online,2,91.55,183.11,100.0,21.0,12.38
102268,2025-10-09,West,OR,Furniture,Drift Side Table,Wholesale,2,154.51,309.01,183.86,37.97,12.19
102237,2025-10-09,West,WA,Lighting,Ember Floor Lamp,Retail,4,119.73,478.93,235.62,71.15,26.28
102307,2025-10-09,Midwest,IL,Furniture,Nimbus Chair,Retail,1,316.19,316.19,207.0,48.87,10.56
102292,2025-10-09,Midwest,MI,Lighting,Ember Floor Lamp,Online,2,113.01,226.02,121.81,31.07,15.68
102290,2025-10-09,Midwest,WI,Storage,Cascade Shelf,Online,1,176.44,176.44,100.51,26.5,8.67
102355,2025-10-10,Southeast,FL,Furniture,Drift Side Table,Wholesale,5,152.72,763.6,465.74,107.54,23.57
102338,2025-10-10,South,TX,Lighting,Aria Desk Lamp,Online,3,65.89,197.66,100.55,26.65,13.49
102173,2025-10-10,Northeast,NJ,Furniture,Aster Bookcase,Online,5,392.73,1963.65,1251.85,264.48,110.81
102244,2025-10-10,West,NV,Storage,Vault Cabinet,Retail,5,253.74,1268.69,773.83,171.78,46.99
102350,2025-10-10,Southeast,SC,Furniture,Aster Bookcase,Online,4,418.29,1673.17,981.86,174.41,82.69
102340,2025-10-11,South,GA,Lighting,Halo Monitor Arm,Wholesale,5,91.82,459.08,252.96,50.87,20.26
102291,2025-10-11,Midwest,OH,Lighting,Halo Monitor Arm,Retail,5,89.65,448.26,221.96,46.25,17.18
102171,2025-10-11,Northeast,NJ,Storage,Vault Cabinet,Online,3,261.45,784.36,430.63,89.71,43.03
102353,2025-10-11,Southeast,SC,Furniture,Nimbus Chair,Wholesale,4,341.4,1365.6,867.43,157.18,56.81
102293,2025-10-11,Midwest,MI,Furniture,Drift Side Table,Online,1,147.18,147.18,94.46,15.62,9.82
102380,2025-10-12,Southwest,OK,Lighting,Halo Monitor Arm,Online,3,85.69,257.07,130.42,36.03,10.74
102172,2025-10-12,Northeast,MA,Lighting,Ember Floor Lamp,Online,5,112.37,561.87,294.56,67.94,24.23
102177,2025-10-12,Northeast,MA,Lighting,Halo Monitor Arm,Retail,5,84.85,424.24,222.24,61.51,25.21
102233,2025-10-12,West,CA,Furniture,Nimbus Chair,Retail,5,313.48,1567.42,988.94,193.5,95.15
102258,2025-10-12,West,WA,Furniture,Nimbus Chair,Online,2,344.18,688.37,451.89,88.71,29.42
102275,2025-10-13,Midwest,OH,Lighting,Aria Desk Lamp,Online,1,73.36,73.36,36.95,8.62,3.15
102276,2025-10-13,Midwest,OH,Lighting,Ember Floor Lamp,Online,1,110.24,110.24,60.36,13.54,6.73
102339,2025-10-13,South,TN,Furniture,Aster Bookcase,Online,1,405.29,405.29,236.38,64.38,26.03
102255,2025-10-13,West,OR,Lighting,Halo Monitor Arm,Wholesale,5,92.93,464.67,237.26,52.93,14.99
102325,2025-10-13,South,AL,Storage,Cascade Shelf,Retail,4,177.55,710.19,388.36,97.72,25.76
102238,2025-10-13,West,OR,Furniture,Drift Side Table,Wholesale,5,155.1,775.49,508.3,118.25,26.5
102287,2025-10-13,Midwest,OH,Furniture,Drift Side Table,Online,5,147.59,737.95,466.91,83.74,50.61
102331,2025-10-13,South,AL,Furniture,Nimbus Chair,Wholesale,1,343.04,343.04,221.37,36.27,19.93
102200,2025-10-14,Northeast,MA,Lighting,Aria Desk Lamp,Retail,3,70.47,211.42,108.54,24.51,12.35
102286,2025-10-14,Midwest,MI,Furniture,Aster Bookcase,Retail,1,395.87,395.87,232.03,53.69,14.19
102180,2025-10-14,Northeast,NY,Furniture,Nimbus Chair,Wholesale,4,307.8,1231.19,771.54,148.78,66.97
102215,2025-10-14,Northeast,NY,Furniture,Drift Side Table,Wholesale,5,140.01,700.06,423.6,75.88,40.19
102174,2025-10-14,Northeast,NY,Furniture,Aster Bookcase,Wholesale,5,402.83,2014.15,1267.56,267.32,71.95
102379,2025-10-14,Southwest,OK,Furniture,Aster Bookcase,Retail,1,424.76,424.76,254.03,45.54,18.89
102178,2025-10-15,Northeast,MA,Lighting,Aria Desk Lamp,Retail,4,65.24,260.97,142.56,38.36,8.95
102337,2025-10-15,South,GA,Furniture,Nimbus Chair,Wholesale,5,332.38,1661.88,1022.01,189.83,86.07
102245,2025-10-15,West,CA,Lighting,Aria Desk Lamp,Wholesale,4,67.01,268.04,146.26,33.64,8.05
102336,2025-10-15,South,TN,Furniture,Nimbus Chair,Online,2,325.86,651.72,394.39,81.86,33.29
102342,2025-10-15,South,AL,Storage,Cascade Shelf,Retail,1,190.68,190.68,114.0,29.4,6.43
102208,2025-10-15,Northeast,NJ,Furniture,Nimbus Chair,Wholesale,4,310.77,1243.08,735.79,175.25,60.46
102243,2025-10-15,West,NV,Lighting,Aria Desk Lamp,Retail,1,65.19,65.19,33.49,9.06,3.37
102198,2025-10-15,Northeast,PA,Lighting,Halo Monitor Arm,Online,1,94.36,94.36,49.61,11.62,3.84
102252,2025-10-15,West,WA,Storage,Loop Bin Set,Wholesale,1,52.88,52.88,30.2,7.68,2.92
102315,2025-10-15,South,TX,Furniture,Nimbus Chair,Online,2,321.89,643.78,378.6,71.41,27.47
102219,2025-10-15,Northeast,NJ,Furniture,Drift Side Table,Online,4,141.45,565.81,352.76,87.0,22.24
102185,2025-10-15,Northeast,NY,Storage,Vault Cabinet,Online,3,252.42,757.26,431.97,93.91,26.11
102266,2025-10-15,West,NV,Furniture,Drift Side Table,Online,1,153.55,153.55,92.99,18.2,5.23
102319,2025-10-15,South,GA,Furniture,Aster Bookcase,Online,3,410.65,1231.96,738.48,136.75,76.63
102192,2025-10-16,Northeast,NY,Furniture,Aster Bookcase,Wholesale,1,416.58,416.58,264.5,51.97,13.08
102262,2025-10-16,West,NV,Furniture,Aster Bookcase,Retail,1,441.1,441.1,283.11,63.58,26.49
102267,2025-10-16,West,CA,Furniture,Aster Bookcase,Wholesale,2,434.02,868.05,507.9,95.08,52.65
102298,2025-10-16,Midwest,OH,Storage,Loop Bin Set,Retail,5,57.83,289.15,174.33,37.94,11.82
102241,2025-10-16,West,CA,Lighting,Ember Floor Lamp,Online,3,118.9,356.7,192.14,56.82,15.84
102175,2025-10-16,Northeast,MA,Furniture,Nimbus Chair,Wholesale,4,312.84,1251.37,787.65,171.6,61.11
102265,2025-10-16,West,CA,Lighting,Aria Desk Lamp,Online,5,72.84,364.2,186.93,42.9,16.87
102289,2025-10-16,Midwest,OH,Furniture,Nimbus Chair,Retail,2,329.3,658.6,430.44,78.0,40.94
102228,2025-10-16,Northeast,NJ,Furniture,Aster Bookcase,Online,5,400.92,2004.62,1309.97,218.41,121.84
102226,2025-10-16,Northeast,MA,Furniture,Nimbus Chair,Online,1,342.57,342.57,210.69,40.93,17.65
102330,2025-10-17,South,TN,Lighting,Halo Monitor Arm,Retail,3,85.02,255.06,138.86,33.17,9.26
102305,2025-10-17,Midwest,IL,Storage,Vault Cabinet,Wholesale,3,264.19,792.56,454.05,115.39,46.38
102176,2025-10-17,Northeast,PA,Lighting,Ember Floor Lamp,Retail,4,115.41,461.65,237.23,48.13,16.8
102259,2025-10-17,West,NV,Lighting,Ember Floor Lamp,Online,3,120.34,361.02,182.75,53.58,23.07
102227,2025-10-17,Northeast,PA,Furniture,Aster Bookcase,Wholesale,2,415.05,830.1,536.26,101.75,29.58
102209,2025-10-18,Northeast,NJ,Lighting,Aria Desk Lamp,Online,1,71.0,71.0,36.72,9.8,4.75
102358,2025-10-18,Southeast,VA,Lighting,Ember Floor Lamp,Online,1,119.02,119.02,61.04,12.76,5.08
102254,2025-10-18,West,CA,Furniture,Aster Bookcase,Online,4,397.88,1591.53,1004.71,169.88,76.25
102202,2025-10-18,Northeast,NY,Storage,Vault Cabinet,Online,4,262.18,1048.72,630.26,122.46,31.7
102295,2025-10-18,Midwest,MI,Lighting,Ember Floor Lamp,Retail,4,114.85,459.38,249.16,62.78,17.38
102221,2025-10-18,Northeast,PA,Storage,Vault Cabinet,Retail,1,262.44,262.44,144.45,32.64,16.12
102222,2025-10-18,Northeast,NY,Lighting,Ember Floor Lamp,Wholesale,4,111.7,446.8,220.94,58.85,21.82
102278,2025-10-18,Midwest,OH,Furniture,Drift Side Table,Online,5,155.4,777.0,499.79,86.82,46.06
102303,2025-10-19,Midwest,MI,Storage,Vault Cabinet,Online,2,270.52,541.04,329.22,72.13,24.07
102274,2025-10-19,Midwest,MI,Storage,Loop Bin Set,Online,4,54.53,218.12,124.64,27.53,7.97
102375,2025-10-19,Southwest,NM,Storage,Loop Bin Set,Online,5,52.4,261.99,156.21,27.34,11.77
102194,2025-10-19,Northeast,PA,Furniture,Nimbus Chair,Wholesale,1,312.02,312.02,204.38,44.49,14.51
102361,2025-10-19,Southeast,FL,Furniture,Drift Side Table,Wholesale,1,140.71,140.71,87.07,22.26,8.49
102203,2025-10-19,Northeast,NJ,Furniture,Nimbus Chair,Retail,5,327.29,1636.45,996.54,241.7,96.34
102359,2025-10-19,Southeast,FL,Lighting,Aria Desk Lamp,Retail,2,71.93,143.85,75.15,21.18,9.44
102313,2025-10-19,South,AL,Lighting,Halo Monitor Arm,Online,3,92.05,276.16,140.76,31.34,16.81
102212,2025-10-20,Northeast,PA,Lighting,Halo Monitor Arm,Online,1,88.37,88.37,44.71,11.75,5.86
102349,2025-10-20,Southeast,SC,Storage,Cascade Shelf,Online,4,173.97,695.87,384.58,74.32,32.02
102239,2025-10-20,West,OR,Storage,Vault Cabinet,Wholesale,3,278.1,834.29,473.82,84.78,34.26
102229,2025-10-20,West,NV,Lighting,Ember Floor Lamp,Online,3,120.5,361.5,176.83,49.78,20.28
102184,2025-10-20,Northeast,MA,Storage,Loop Bin Set,Online,5,52.55,262.77,154.69,28.43,9.92
102352,2025-10-21,Southeast,SC,Furniture,Nimbus Chair,Online,4,336.61,1346.45,863.89,143.91,88.95
102260,2025-10-21,West,CA,Storage,Cascade Shelf,Online,5,187.8,939.02,534.22,121.79,39.54
102204,2025-10-21,Northeast,NY,Lighting,Aria Desk Lamp,Online,4,73.14,292.55,157.99,36.34,15.15
102388,2025-10-21,Southwest,NM,Lighting,Ember Floor Lamp,Online,1,117.4,117.4,61.52,13.17,5.83
102240,2025-10-21,West,OR,Lighting,Ember Floor Lamp,Online,5,106.43,532.17,269.54,57.74,17.71
102281,2025-10-21,Midwest,MI,Storage,Loop Bin Set,Wholesale,2,51.35,102.69,61.83,12.95,4.54
102393,2025-10-21,Southwest,AZ,Storage,Loop Bin Set,Online,4,58.17,232.67,127.33,28.1,12.59
102328,2025-10-21,South,GA,Lighting,Halo Monitor Arm,Retail,5,87.77,438.86,225.97,58.52,25.38
102285,2025-10-21,Midwest,OH,Furniture,Nimbus Chair,Retail,3,336.28,1008.84,611.88,101.13,31.08
102390,2025-10-21,Southwest,AZ,Furniture,Nimbus Chair,Retail,5,343.11,1715.57,1077.49,247.82,77.11
102356,2025-10-22,Southeast,FL,Lighting,Aria Desk Lamp,Wholesale,5,65.33,326.64,163.52,36.49,21.97
102191,2025-10-22,Northeast,MA,Furniture,Aster Bookcase,Online,1,439.88,439.88,274.19,50.25,16.32
102199,2025-10-22,Northeast,PA,Furniture,Aster Bookcase,Online,2,400.19,800.38,479.12,90.75,34.91
102288,2025-10-22,Midwest,OH,Lighting,Ember Floor Lamp,Retail,1,114.27,114.27,62.47,17.61,4.06
102308,2025-10-22,South,TN,Furniture,Aster Bookcase,Wholesale,1,405.82,405.82,243.71,58.09,23.66
102306,2025-10-22,Midwest,IL,Storage,Vault Cabinet,Online,4,257.58,1030.33,627.98,110.99,53.4
102284,2025-10-22,Midwest,OH,Lighting,Ember Floor Lamp,Retail,1,115.13,115.13,60.99,16.59,3.99
102261,2025-10-23,West,NV,Lighting,Aria Desk Lamp,Online,4,73.19,292.77,156.65,46.65,17.84
102256,2025-10-23,West,OR,Furniture,Nimbus Chair,Retail,1,319.36,319.36,193.68,41.68,12.35
102362,2025-10-23,Southeast,FL,Lighting,Ember Floor Lamp,Online,3,108.84,326.51,161.3,34.79,17.72
102170,2025-10-23,Northeast,NY,Furniture,Drift Side Table,Online,3,143.71,431.12,257.01,51.67,17.77
102230,2025-10-23,West,WA,Storage,Vault Cabinet,Retail,5,272.48,1362.4,836.92,174.53,63.62
102225,2025-10-23,Northeast,NJ,Furniture,Nimbus Chair,Wholesale,4,336.08,1344.34,817.42,183.14,45.79
102169,2025-10-24,Northeast,NY,Lighting,Aria Desk Lamp,Online,3,70.22,210.67,114.66,32.81,10.38
102381,2025-10-24,Southwest,AZ,Furniture,Drift Side Table,Online,2,156.29,312.59,201.63,33.85,12.89
102389,2025-10-24,Southwest,NM,Storage,Cascade Shelf,Wholesale,4,194.23,776.91,454.03,121.39,39.68
102251,2025-10-24,West,NV,Lighting,Ember Floor Lamp,Wholesale,3,109.64,328.91,173.09,51.85,18.91
102365,2025-10-24,Southeast,VA,Lighting,Aria Desk Lamp,Online,4,71.76,287.05,148.81,36.58,16.14
102253,2025-10-24,West,CA,Furniture,Aster Bookcase,Online,2,411.27,822.53,512.27,120.84,38.46
102391,2025-10-24,Southwest,NM,Lighting,Aria Desk Lamp,Retail,3,67.26,201.79,108.54,20.22,12.66
102372,2025-10-24,Southeast,FL,Furniture,Nimbus Chair,Online,2,327.78,655.56,411.84,92.66,19.67
102309,2025-10-25,South,TX,Lighting,Ember Floor Lamp,Retail,3,118.32,354.97,191.46,42.39,20.66
102385,2025-10-25,Southwest,OK,Furniture,Aster Bookcase,Wholesale,4,442.14,1768.55,1135.01,189.21,88.34
102257,2025-10-25,West,NV,Lighting,Ember Floor Lamp,Online,3,110.79,332.36,173.6,44.44,10.07
102386,2025-10-25,Southwest,OK,Lighting,Aria Desk Lamp,Online,4,67.1,268.39,139.44,40.4,13.22
102279,2025-10-25,Midwest,MI,Furniture,Nimbus Chair,Retail,2,324.82,649.64,408.04,75.57,30.28
102182,2025-10-25,Northeast,NJ,Lighting,Ember Floor Lamp,Wholesale,5,112.27,561.36,289.14,68.46,32.03
102321,2025-10-25,South,TN,Lighting,Ember Floor Lamp,Online,5,109.01,545.04,276.41,74.39,24.89
102348,2025-10-26,South,TX,Storage,Cascade Shelf,Wholesale,3,184.02,552.07,331.87,78.79,19.66
102377,2025-10-26,Southwest,AZ,Furniture,Aster Bookcase,Retail,3,434.59,1303.77,829.0,144.65,64.46
102344,2025-10-26,South,TN,Storage,Cascade Shelf,Retail,3,175.54,526.63,301.88,74.14,24.93
102369,2025-10-26,Southeast,FL,Lighting,Halo Monitor Arm,Online,5,90.43,452.17,221.39,67.78,25.56
102181,2025-10-26,Northeast,NJ,Furniture,Drift Side Table,Online,3,137.9,413.71,255.36,53.76,22.7
102364,2025-10-26,Southeast,NC,Furniture,Nimbus Chair,Online,5,323.78,1618.89,1004.48,175.05,83.95
102374,2025-10-26,Southwest,OK,Furniture,Drift Side Table,Wholesale,4,148.1,592.39,367.8,76.81,40.11
102370,2025-10-27,Southeast,SC,Storage,Loop Bin Set,Wholesale,4,57.09,228.35,128.51,24.22,12.24
102382,2025-10-27,Southwest,OK,Furniture,Drift Side Table,Wholesale,4,145.5,582.0,362.19,66.9,35.91
102277,2025-10-27,Midwest,WI,Lighting,Halo Monitor Arm,Online,3,94.08,282.25,146.51,34.17,18.71
102271,2025-10-27,Midwest,IL,Lighting,Ember Floor Lamp,Online,2,106.81,213.62,110.67,27.31,7.94
102195,2025-10-27,Northeast,NJ,Storage,Cascade Shelf,Retail,5,189.52,947.62,528.45,145.95,66.32
102324,2025-10-27,South,GA,Lighting,Aria Desk Lamp,Retail,4,67.8,271.19,147.29,36.87,14.12
102354,2025-10-27,Southeast,FL,Storage,Cascade Shelf,Online,2,190.24,380.49,211.95,50.08,12.64
102317,2025-10-27,South,TN,Storage,Vault Cabinet,Wholesale,4,280.03,1120.13,664.18,139.54,73.41
102366,2025-10-27,Southeast,NC,Lighting,Aria Desk Lamp,Wholesale,1,73.28,73.28,38.37,10.72,4.9
102205,2025-10-28,Northeast,MA,Furniture,Nimbus Chair,Wholesale,5,334.0,1670.01,1094.62,218.19,91.61
102373,2025-10-28,Southeast,NC,Lighting,Halo Monitor Arm,Online,3,88.39,265.18,136.99,39.44,12.93
102351,2025-10-28,Southeast,SC,Lighting,Aria Desk Lamp,Online,2,70.1,140.19,71.58,20.03,7.45
102335,2025-10-29,South,TX,Furniture,Nimbus Chair,Online,5,342.27,1711.34,1079.27,220.91,71.66
102179,2025-10-29,Northeast,PA,Furniture,Aster Bookcase,Online,3,440.82,1322.47,804.32,183.53,73.99
102311,2025-10-29,South,GA,Furniture,Nimbus Chair,Retail,4,321.09,1284.37,749.13,174.94,69.4
102197,2025-10-29,Northeast,MA,Storage,Loop Bin Set,Retail,1,52.58,52.58,30.25,7.78,1.69
102346,2025-10-30,South,GA,Furniture,Aster Bookcase,Online,3,426.06,1278.18,756.6,150.97,61.06
102246,2025-10-30,West,CA,Lighting,Halo Monitor Arm,Retail,4,94.61,378.43,206.86,50.68,15.46
102210,2025-10-30,Northeast,MA,Lighting,Halo Monitor Arm,Retail,3,89.21,267.63,146.62,30.82,12.41
102218,2025-10-30,Northeast,PA,Storage,Vault Cabinet,Wholesale,3,261.49,784.48,461.62,89.56,37.53
102312,2025-10-30,South,AL,Lighting,Ember Floor Lamp,Retail,2,118.21,236.42,124.58,29.54,13.52
102206,2025-10-30,Northeast,MA,Lighting,Ember Floor Lamp,Online,3,114.59,343.78,183.1,35.18,19.94
102368,2025-10-30,Southeast,FL,Lighting,Halo Monitor Arm,Online,4,88.02,352.1,190.96,45.02,19.87
102235,2025-10-31,West,CA,Furniture,Aster Bookcase,Wholesale,5,440.95,2204.73,1356.62,351.5,86.37
102384,2025-10-31,Southwest,NM,Lighting,Halo Monitor Arm,Wholesale,5,92.57,462.86,230.8,56.38,28.98
102318,2025-10-31,South,TN,Lighting,Ember Floor Lamp,Retail,2,106.54,213.08,114.95,23.7,13.34
102217,2025-10-31,Northeast,NJ,Lighting,Halo Monitor Arm,Online,1,96.11,96.11,48.25,14.12,6.19
102327,2025-10-31,South,GA,Furniture,Nimbus Chair,Online,4,324.9,1299.62,789.01,182.04,63.5
102326,2025-10-31,South,TX,Storage,Loop Bin Set,Retail,4,57.88,231.51,134.44,35.7,9.1
102387,2025-10-31,Southwest,AZ,Storage,Vault Cabinet,Retail,3,273.46,820.37,464.93,126.3,32.19
102415,2025-11-01,Northeast,NY,Lighting,Ember Floor Lamp,Online,3,116.64,349.91,189.64,43.92,19.67
102595,2025-11-01,South,GA,Storage,Cascade Shelf,Wholesale,3,191.9,575.71,317.45,65.56,32.42
102579,2025-11-01,South,GA,Storage,Vault Cabinet,Online,4,276.4,1105.61,655.79,162.07,36.64
102553,2025-11-01,Midwest,WI,Furniture,Aster Bookcase,Online,5,393.54,1967.71,1260.52,284.89,71.64
102644,2025-11-01,Southeast,NC,Furniture,Drift Side Table,Online,1,141.95,141.95,87.68,18.63,6.36
102417,2025-11-01,Northeast,PA,Storage,Vault Cabinet,Online,5,251.22,1256.08,707.35,176.82,61.61
102619,2025-11-01,Southeast,VA,Lighting,Ember Floor Lamp,Online,5,118.21,591.03,312.86,62.29,32.05
102502,2025-11-01,West,CA,Storage,Vault Cabinet,Online,4,263.45,1053.78,578.21,158.93,43.83
102539,2025-11-02,Midwest,WI,Furniture,Aster Bookcase,Retail,2,417.55,835.1,495.46,114.7,56.54
102618,2025-11-02,Southeast,NC,Storage,Loop Bin Set,Retail,1,56.22,56.22,33.59,7.49,3.48
102536,2025-11-02,Midwest,IL,Furniture,Drift Side Table,Online,2,153.33,306.66,200.76,38.11,17.27
102661,2025-11-02,Southwest,NM,Furniture,Nimbus Chair,Wholesale,2,321.7,643.4,401.15,95.59,23.88
102506,2025-11-02,West,CA,Storage,Cascade Shelf,Wholesale,4,188.69,754.78,441.31,77.32,25.69
102549,2025-11-02,Midwest,WI,Furniture,Aster Bookcase,Retail,5,392.3,1961.49,1188.27,303.54,123.69
102514,2025-11-03,West,WA,Furniture,Aster Bookcase,Retail,3,425.88,1277.64,809.61,178.43,68.12
102547,2025-11-03,Midwest,MI,Lighting,Ember Floor Lamp,Online,1,111.66,111.66,60.93,16.28,6.83
102596,2025-11-03,South,TX,Furniture,Nimbus Chair,Retail,4,331.74,1326.94,801.57,162.78,83.57
102604,2025-11-03,South,GA,Furniture,Aster Bookcase,Retail,4,389.76,1559.06,1000.54,192.67,68.67
102432,2025-11-03,Northeast,PA,Lighting,Halo Monitor Arm,Retail,2,93.93,187.86,102.84,28.43,11.51
102424,2025-11-03,Northeast,MA,Storage,Vault Cabinet,Retail,2,279.67,559.34,319.89,82.01,26.52
102521,2025-11-03,West,CA,Furniture,Aster Bookcase,Online,4,428.24,1712.95,1066.78,177.75,80.44
102467,2025-11-03,West,OR,Furniture,Aster Bookcase,Online,5,423.12,2115.61,1263.54,247.88,95.49
102559,2025-11-03,Midwest,MI,Lighting,Halo Monitor Arm,Online,4,96.09,384.35,200.16,51.4,14.1
102540,2025-11-03,Midwest,MI,Storage,Loop Bin Set,Online,1,58.13,58.13,32.69,7.93,1.83
102485,2025-11-03,West,CA,Lighting,Aria Desk Lamp,Online,5,65.23,326.16,177.09,46.2,12.1
102414,2025-11-03,Northeast,MA,Storage,Loop Bin Set,Online,4,54.51,218.05,123.49,23.52,10.59
102631,2025-11-03,Southeast,FL,Storage,Vault Cabinet,Online,4,264.38,1057.5,637.03,133.08,45.3
102634,2025-11-04,Southeast,FL,Furniture,Drift Side Table,Wholesale,3,156.14,468.42,291.4,51.66,18.99
102532,2025-11-04,Midwest,MI,Furniture,Drift Side Table,Online,3,142.49,427.48,265.28,46.72,22.85
102465,2025-11-04,Northeast,NY,Furniture,Nimbus Chair,Retail,5,311.49,1557.46,977.21,177.95,80.47
102434,2025-11-04,Northeast,NY,Storage,Vault Cabinet,Retail,3,264.4,793.21,473.34,82.21,42.15
102428,2025-11-04,Northeast,NY,Storage,Vault Cabinet,Wholesale,2,276.7,553.4,324.15,87.93,37.21
102517,2025-11-04,West,NV,Storage,Vault Cabinet,Wholesale,4,247.89,991.55,568.32,157.9,58.37
102546,2025-11-04,Midwest,IL,Lighting,Ember Floor Lamp,Online,2,112.4,224.8,121.75,27.37,14.07
102552,2025-11-05,Midwest,WI,Lighting,Halo Monitor Arm,Online,2,95.45,190.91,104.0,27.52,7.37
102572,2025-11-05,Midwest,OH,Furniture,Drift Side Table,Retail,5,149.79,748.93,479.94,89.44,25.3
102576,2025-11-05,South,TN,Furniture,Aster Bookcase,Online,2,440.66,881.32,547.72,137.66,32.18
102479,2025-11-05,West,CA,Lighting,Ember Floor Lamp,Online,2,120.38,240.76,124.16,27.55,15.11
102640,2025-11-05,Southeast,FL,Storage,Vault Cabinet,Online,4,268.4,1073.61,644.3,142.29,72.21
102516,2025-11-05,West,NV,Storage,Cascade Shelf,Wholesale,5,185.47,927.36,542.34,106.32,51.52
102614,2025-11-05,Southeast,VA,Furniture,Drift Side Table,Online,2,154.37,308.75,188.5,43.17,20.51
102632,2025-11-05,Southeast,VA,Lighting,Ember Floor Lamp,Online,4,114.02,456.06,226.13,72.14,21.75
102612,2025-11-05,Southeast,SC,Furniture,Drift Side Table,Online,5,152.76,763.79,472.68,112.74,53.38
102550,2025-11-06,Midwest,MI,Lighting,Ember Floor Lamp,Retail,5,115.92,579.62,298.21,69.26,19.3
102412,2025-11-06,Northeast,PA,Lighting,Aria Desk Lamp,Wholesale,4,73.01,292.02,150.68,37.68,13.3
102659,2025-11-06,Southwest,AZ,Furniture,Aster Bookcase,Retail,3,422.07,1266.21,740.53,194.65,73.21
102556,2025-11-06,Midwest,IL,Furniture,Aster Bookcase,Wholesale,3,431.67,1295.01,792.26,206.74,69.38
102561,2025-11-06,Midwest,MI,Storage,Vault Cabinet,Retail,5,251.66,1258.32,743.22,196.86,62.51
102489,2025-11-06,West,OR,Storage,Loop Bin Set,Online,4,55.33,221.33,121.45,30.99,8.45
102420,2025-11-06,Northeast,PA,Furniture,Aster Bookcase,Retail,5,430.13,2150.63,1288.4,242.74,67.03
102447,2025-11-06,Northeast,NJ,Furniture,Nimbus Chair,Retail,3,315.7,947.11,587.64,133.1,55.14
102663,2025-11-07,Southwest,OK,Furniture,Aster Bookcase,Online,1,409.45,409.45,260.58,61.46,15.09
102636,2025-11-07,Southeast,SC,Lighting,Halo Monitor Arm,Wholesale,2,94.33,188.65,97.3,28.27,6.91
102530,2025-11-07,Midwest,IL,Furniture,Aster Bookcase,Retail,5,421.2,2105.98,1269.83,320.17,128.88
102610,2025-11-07,South,TN,Furniture,Aster Bookcase,Wholesale,3,407.69,1223.07,739.23,160.78,42.19
102586,2025-11-07,South,TX,Furniture,Nimbus Chair,Online,5,338.67,1693.34,1088.1,177.27,68.56
102589,2025-11-07,South,AL,Storage,Vault Cabinet,Retail,2,269.96,539.93,322.84,56.61,23.87
102509,2025-11-07,West,WA,Lighting,Ember Floor Lamp,Wholesale,3,107.1,321.31,165.07,48.74,20.51
102492,2025-11-07,West,CA,Lighting,Halo Monitor Arm,Retail,5,88.75,443.74,223.11,56.72,20.39
102490,2025-11-08,West,OR,Storage,Vault Cabinet,Wholesale,5,264.84,1324.22,734.98,191.28,92.47
102402,2025-11-08,Northeast,NY,Furniture,Nimbus Chair,Retail,1,339.46,339.46,201.84,39.64,13.76
102493,2025-11-08,West,CA,Lighting,Aria Desk Lamp,Wholesale,4,72.38,289.53,141.84,43.8,12.5
102541,2025-11-08,Midwest,MI,Furniture,Drift Side Table,Retail,2,155.01,310.02,196.27,38.3,9.47
102460,2025-11-08,Northeast,MA,Storage,Loop Bin Set,Online,3,55.81,167.43,99.45,22.27,10.18
102629,2025-11-08,Southeast,SC,Furniture,Aster Bookcase,Online,1,420.85,420.85,262.67,47.56,20.4
102630,2025-11-08,Southeast,NC,Furniture,Aster Bookcase,Online,2,430.53,861.05,535.84,110.7,58.21
102416,2025-11-08,Northeast,NJ,Storage,Cascade Shelf,Retail,4,183.61,734.43,442.51,81.32,40.44
102425,2025-11-08,Northeast,PA,Furniture,Drift Side Table,Retail,2,153.97,307.94,185.09,39.56,18.95
102613,2025-11-08,Southeast,SC,Lighting,Ember Floor Lamp,Online,5,113.72,568.59,304.52,64.62,28.51
102408,2025-11-08,Northeast,PA,Storage,Cascade Shelf,Retail,5,188.31,941.54,539.23,143.06,52.63
102437,2025-11-08,Northeast,PA,Storage,Loop Bin Set,Wholesale,5,56.68,283.39,171.61,30.24,16.91
102590,2025-11-08,South,TX,Lighting,Halo Monitor Arm,Online,1,90.37,90.37,49.8,14.08,5.41
102637,2025-11-08,Southeast,VA,Storage,Vault Cabinet,Online,1,278.21,278.21,152.03,41.43,14.85
102574,2025-11-08,Midwest,IL,Storage,Loop Bin Set,Retail,2,53.97,107.94,66.32,10.86,5.53
102445,2025-11-08,Northeast,NJ,Furniture,Drift Side Table,Retail,4,153.18,612.74,374.03,86.65,24.85
102582,2025-11-08,South,TN,Storage,Loop Bin Set,Retail,5,53.18,265.9,153.16,38.93,11.24
102655,2025-11-09,Southwest,NM,Lighting,Aria Desk Lamp,Online,5,71.5,357.48,178.88,44.84,22.04
102627,2025-11-09,Southeast,NC,Lighting,Aria Desk Lamp,Wholesale,3,65.41,196.23,106.86,27.34,6.71
102645,2025-11-09,Southeast,SC,Lighting,Halo Monitor Arm,Online,3,95.71,287.13,143.82,35.18,14.89
102497,2025-11-09,West,NV,Furniture,Aster Bookcase,Online,4,433.24,1732.95,1014.81,266.75,119.62
102617,2025-11-09,Southeast,VA,Furniture,Drift Side Table,Online,5,143.41,717.03,435.17,84.21,40.69
102462,2025-11-09,Northeast,PA,Furniture,Drift Side Table,Retail,1,139.1,139.1,81.17,15.26,5.86
102503,2025-11-09,West,WA,Furniture,Nimbus Chair,Wholesale,2,307.22,614.43,400.74,86.61,32.35
102633,2025-11-09,Southeast,FL,Storage,Vault Cabinet,Wholesale,5,260.73,1303.66,718.26,158.21,70.91
102474,2025-11-09,West,WA,Storage,Cascade Shelf,Retail,2,192.56,385.11,225.55,56.63,15.25
102650,2025-11-09,Southwest,OK,Lighting,Aria Desk Lamp,Retail,5,69.59,347.96,172.61,51.08,12.21
102523,2025-11-09,West,WA,Furniture,Drift Side Table,Online,5,152.6,762.98,492.88,108.0,51.75
102475,2025-11-09,West,CA,Furniture,Nimbus Chair,Retail,4,343.62,1374.49,866.85,147.07,57.92
102396,2025-11-09,Northeast,NY,Storage,Cascade Shelf,Retail,4,189.19,756.76,413.71,99.73,44.36
102638,2025-11-10,Southeast,NC,Furniture,Drift Side Table,Retail,4,139.66,558.66,357.14,84.47,27.13
102591,2025-11-10,South,TX,Furniture,Aster Bookcase,Wholesale,5,423.12,2115.61,1260.28,297.53,140.24
102635,2025-11-10,Southeast,NC,Storage,Vault Cabinet,Online,5,255.2,1275.99,735.27,134.43,45.82
102594,2025-11-10,South,TX,Furniture,Aster Bookcase,Online,5,409.21,2046.04,1267.71,214.41,120.18
102404,2025-11-10,Northeast,PA,Furniture,Nimbus Chair,Retail,2,310.87,621.74,366.41,92.8,38.13
102452,2025-11-10,Northeast,PA,Lighting,Aria Desk Lamp,Retail,4,72.81,291.23,156.35,34.01,16.53
102438,2025-11-10,Northeast,MA,Lighting,Aria Desk Lamp,Online,1,67.18,67.18,33.67,7.83,2.81
102407,2025-11-10,Northeast,MA,Storage,Cascade Shelf,Retail,4,186.08,744.33,446.43,81.35,45.97
102436,2025-11-10,Northeast,PA,Storage,Vault Cabinet,Online,1,262.85,262.85,161.57,29.0,17.94
102599,2025-11-11,South,GA,Furniture,Aster Bookcase,Online,5,407.43,2037.17,1222.03,272.12,93.76
102431,2025-11-11,Northeast,NJ,Storage,Vault Cabinet,Wholesale,1,263.36,263.36,147.05,37.52,14.46
102664,2025-11-11,Southwest,NM,Furniture,Aster Bookcase,Online,4,398.22,1592.87,950.42,166.83,67.71
102515,2025-11-11,West,OR,Lighting,Aria Desk Lamp,Online,4,68.16,272.65,145.58,32.16,9.71
102654,2025-11-11,Southwest,OK,Storage,Cascade Shelf,Online,5,191.22,956.09,569.26,114.79,47.43
102660,2025-11-11,Southwest,OK,Furniture,Nimbus Chair,Wholesale,1,310.73,310.73,195.86,43.02,20.0
102602,2025-11-11,South,GA,Furniture,Aster Bookcase,Retail,5,415.74,2078.7,1307.19,286.07,63.61
102470,2025-11-12,West,OR,Storage,Vault Cabinet,Retail,4,278.56,1114.23,632.59,129.39,77.84
102564,2025-11-12,Midwest,OH,Lighting,Ember Floor Lamp,Online,1,106.88,106.88,55.88,17.06,5.06
102510,2025-11-12,West,WA,Lighting,Aria Desk Lamp,Wholesale,5,65.7,328.5,178.35,40.15,10.57
102461,2025-11-12,Northeast,NJ,Lighting,Ember Floor Lamp,Online,3,118.9,356.69,182.63,42.7,21.82
102624,2025-11-12,Southeast,VA,Lighting,Halo Monitor Arm,Wholesale,5,85.29,426.43,210.48,46.31,18.76
102567,2025-11-13,Midwest,IL,Storage,Cascade Shelf,Online,2,177.51,355.01,205.86,55.44,23.09
102538,2025-11-13,Midwest,WI,Lighting,Halo Monitor Arm,Online,4,93.02,372.06,193.23,58.09,25.38
102406,2025-11-13,Northeast,NY,Lighting,Halo Monitor Arm,Wholesale,3,88.8,266.4,145.39,26.65,10.3
102642,2025-11-13,Southeast,VA,Furniture,Nimbus Chair,Online,4,334.44,1337.76,855.49,166.67,43.78
102511,2025-11-13,West,CA,Furniture,Nimbus Chair,Wholesale,4,324.84,1299.36,774.39,173.88,59.01
102463,2025-11-13,Northeast,PA,Furniture,Drift Side Table,Wholesale,1,141.01,141.01,85.29,16.33,4.68
102482,2025-11-13,West,OR,Storage,Cascade Shelf,Online,3,173.15,519.44,318.7,65.53,17.62
102481,2025-11-13,West,OR,Storage,Vault Cabinet,Retail,3,248.22,744.65,434.86,102.68,51.18
102433,2025-11-13,Northeast,PA,Furniture,Nimbus Chair,Online,1,327.91,327.91,209.08,43.87,12.04
102450,2025-11-14,Northeast,PA,Furniture,Aster Bookcase,Retail,4,398.43,1593.72,1002.57,186.75,58.15
102421,2025-11-14,Northeast,PA,Furniture,Aster Bookcase,Online,2,418.32,836.64,503.98,96.41,56.82
102545,2025-11-14,Midwest,IL,Lighting,Ember Floor Lamp,Online,5,117.5,587.48,319.43,86.47,28.18
102568,2025-11-14,Midwest,MI,Lighting,Ember Floor Lamp,Retail,2,115.31,230.61,120.43,23.43,7.62
102524,2025-11-14,West,NV,Furniture,Drift Side Table,Online,4,139.19,556.76,353.93,55.75,21.2
102491,2025-11-15,West,OR,Furniture,Nimbus Chair,Online,2,328.87,657.73,412.02,96.87,21.6
102457,2025-11-15,Northeast,NJ,Lighting,Halo Monitor Arm,Online,4,87.08,348.34,183.97,47.28,19.36
102455,2025-11-15,Northeast,NJ,Furniture,Nimbus Chair,Wholesale,1,314.75,314.75,205.96,37.19,15.18
102598,2025-11-15,South,TX,Furniture,Drift Side Table,Online,4,139.92,559.68,337.42,62.76,17.1
102487,2025-11-15,West,CA,Storage,Loop Bin Set,Wholesale,5,57.66,288.28,164.4,41.09,12.38
102562,2025-11-15,Midwest,IL,Furniture,Drift Side Table,Online,3,152.6,457.8,277.13,64.52,15.31
102593,2025-11-15,South,GA,Lighting,Halo Monitor Arm,Retail,1,92.76,92.76,46.93,13.64,5.83
102651,2025-11-15,Southwest,OK,Lighting,Halo Monitor Arm,Retail,3,87.61,262.84,136.22,26.39,8.48
102592,2025-11-15,South,AL,Furniture,Aster Bookcase,Wholesale,2,420.85,841.7,548.38,118.26,54.79
102653,2025-11-15,Southwest,OK,Lighting,Halo Monitor Arm,Online,5,91.4,457.01,231.7,72.0,19.66
102444,2025-11-15,Northeast,NJ,Furniture,Nimbus Chair,Online,4,342.88,1371.5,873.72,217.63,66.97
102588,2025-11-16,South,TN,Lighting,Aria Desk Lamp,Retail,3,73.37,220.12,114.6,25.45,9.51
102571,2025-11-16,Midwest,WI,Lighting,Ember Floor Lamp,Wholesale,4,107.33,429.31,224.03,43.52,16.35
102543,2025-11-16,Midwest,IL,Storage,Vault Cabinet,Wholesale,4,264.18,1056.74,635.9,146.88,65.49
102442,2025-11-16,Northeast,MA,Furniture,Aster Bookcase,Retail,1,433.19,433.19,262.93,50.48,28.29
102605,2025-11-16,South,TN,Storage,Vault Cabinet,Online,1,253.33,253.33,138.21,34.08,11.44
102584,2025-11-16,South,TX,Lighting,Ember Floor Lamp,Wholesale,4,114.07,456.3,240.72,62.23,19.55
102585,2025-11-16,South,TX,Storage,Cascade Shelf,Online,3,176.76,530.29,322.23,60.99,35.15
102454,2025-11-16,Northeast,NJ,Lighting,Ember Floor Lamp,Online,4,118.28,473.13,241.72,47.51,25.74
102652,2025-11-16,Southwest,OK,Lighting,Halo Monitor Arm,Online,4,89.2,356.79,181.17,37.26,16.55
102531,2025-11-16,Midwest,MI,Lighting,Ember Floor Lamp,Online,5,118.33,591.64,318.69,87.86,19.91
102643,2025-11-17,Southeast,FL,Furniture,Drift Side Table,Wholesale,1,155.82,155.82,96.76,18.08,4.87
102581,2025-11-17,South,AL,Lighting,Ember Floor Lamp,Online,4,112.46,449.83,233.28,66.52,18.66
102657,2025-11-17,Southwest,OK,Storage,Cascade Shelf,Retail,5,182.96,914.79,516.78,138.13,34.79
102639,2025-11-17,Southeast,NC,Storage,Vault Cabinet,Online,5,270.29,1351.47,758.46,172.32,53.84
102551,2025-11-17,Midwest,IL,Furniture,Drift Side Table,Wholesale,5,155.57,777.86,486.41,104.66,28.81
102580,2025-11-18,South,GA,Furniture,Aster Bookcase,Online,4,442.39,1769.54,1092.49,200.62,54.99
102440,2025-11-18,Northeast,NY,Furniture,Aster Bookcase,Retail,3,435.02,1305.06,815.53,168.32,61.24
102439,2025-11-18,Northeast,MA,Lighting,Halo Monitor Arm,Online,1,87.34,87.34,42.9,13.97,3.67
102525,2025-11-18,West,CA,Storage,Cascade Shelf,Online,1,178.64,178.64,107.8,18.52,9.19
102395,2025-11-18,Northeast,NY,Storage,Loop Bin Set,Retail,5,51.54,257.72,147.83,35.41,15.07
102513,2025-11-18,West,NV,Furniture,Drift Side Table,Retail,4,140.38,561.51,364.86,60.08,35.48
102548,2025-11-18,Midwest,OH,Storage,Cascade Shelf,Retail,4,184.3,737.22,405.56,104.93,43.4
102611,2025-11-18,South,GA,Lighting,Aria Desk Lamp,Online,4,69.91,279.64,137.83,43.85,13.05
102464,2025-11-18,Northeast,MA,Furniture,Aster Bookcase,Retail,2,437.69,875.39,518.96,122.0,59.04
102403,2025-11-18,Northeast,NJ,Lighting,Aria Desk Lamp,Retail,2,72.4,144.8,78.57,22.48,10.02
102620,2025-11-19,Southeast,NC,Storage,Vault Cabinet,Retail,1,261.7,261.7,158.63,28.82,15.93
102472,2025-11-19,West,CA,Lighting,Aria Desk Lamp,Wholesale,5,68.07,340.33,170.6,48.68,20.42
102578,2025-11-19,South,TN,Storage,Loop Bin Set,Retail,5,55.14,275.7,166.41,38.47,9.54
102608,2025-11-19,South,AL,Storage,Loop Bin Set,Wholesale,3,57.97,173.9,101.43,22.79,10.48
102449,2025-11-19,Northeast,NY,Furniture,Drift Side Table,Retail,5,143.46,717.31,424.9,85.14,47.38
102394,2025-11-19,Northeast,NY,Lighting,Aria Desk Lamp,Retail,1,67.73,67.73,36.13,9.87,3.57
102400,2025-11-19,Northeast,MA,Furniture,Drift Side Table,Online,1,137.91,137.91,85.93,18.58,6.66
102520,2025-11-19,West,NV,Furniture,Aster Bookcase,Wholesale,4,413.73,1654.91,1029.24,245.77,60.54
102430,2025-11-20,Northeast,NY,Storage,Loop Bin Set,Online,2,53.06,106.12,65.09,13.37,4.01
102418,2025-11-20,Northeast,NJ,Furniture,Aster Bookcase,Wholesale,2,435.16,870.32,566.4,136.76,43.23
102443,2025-11-20,Northeast,PA,Furniture,Nimbus Chair,Retail,2,333.55,667.11,429.59,70.76,20.07
102473,2025-11-20,West,NV,Storage,Loop Bin Set,Retail,2,51.69,103.39,63.36,15.66,5.13
102397,2025-11-20,Northeast,MA,Furniture,Drift Side Table,Retail,3,142.58,427.74,255.7,42.89,18.33
102522,2025-11-20,West,CA,Lighting,Ember Floor Lamp,Online,5,111.0,554.98,275.49,80.5,26.53
102500,2025-11-20,West,CA,Furniture,Aster Bookcase,Retail,5,401.78,2008.92,1180.73,287.29,111.31
102480,2025-11-20,West,CA,Furniture,Nimbus Chair,Wholesale,5,305.5,1527.52,996.9,159.51,99.14
102603,2025-11-20,South,TX,Lighting,Halo Monitor Arm,Retail,3,85.66,256.98,126.49,38.08,16.6
102528,2025-11-20,West,WA,Storage,Cascade Shelf,Retail,1,193.06,193.06,118.08,27.57,10.38
102560,2025-11-20,Midwest,OH,Lighting,Halo Monitor Arm,Retail,1,93.12,93.12,51.26,13.94,4.8
102468,2025-11-20,West,CA,Storage,Loop Bin Set,Online,5,57.79,288.94,174.19,33.89,15.4
102478,2025-11-21,West,NV,Furniture,Drift Side Table,Online,2,143.78,287.56,172.06,38.1,20.03
102488,2025-11-21,West,OR,Lighting,Aria Desk Lamp,Retail,2,66.17,132.34,68.96,18.33,6.29
102419,2025-11-21,Northeast,NJ,Furniture,Aster Bookcase,Online,5,423.26,2116.31,1286.71,326.88,113.65
102446,2025-11-21,Northeast,PA,Lighting,Aria Desk Lamp,Online,2,65.97,131.93,71.69,15.68,6.22
102410,2025-11-21,Northeast,NY,Furniture,Nimbus Chair,Online,5,304.38,1521.91,975.59,205.03,97.31
102569,2025-11-21,Midwest,MI,Storage,Loop Bin Set,Online,4,57.96,231.83,131.59,35.83,9.62
102641,2025-11-21,Southeast,FL,Lighting,Aria Desk Lamp,Retail,2,70.77,141.55,75.32,15.96,5.69
102471,2025-11-21,West,NV,Storage,Cascade Shelf,Online,3,193.35,580.05,341.87,82.96,34.07
102563,2025-11-22,Midwest,IL,Furniture,Drift Side Table,Online,1,146.72,146.72,93.13,16.06,5.31
102496,2025-11-22,West,NV,Storage,Loop Bin Set,Retail,1,53.84,53.84,29.89,5.84,2.97
102535,2025-11-22,Midwest,WI,Furniture,Aster Bookcase,Online,1,441.22,441.22,257.78,52.64,29.23
102529,2025-11-22,Midwest,OH,Furniture,Drift Side Table,Online,5,141.8,709.02,438.57,87.15,47.81
102533,2025-11-22,Midwest,IL,Furniture,Drift Side Table,Wholesale,2,152.69,305.38,197.5,46.88,16.57
102558,2025-11-22,Midwest,WI,Furniture,Drift Side Table,Wholesale,1,144.75,144.75,85.55,18.77,7.84
102527,2025-11-22,West,CA,Storage,Cascade Shelf,Online,4,179.86,719.44,404.83,84.88,48.28
102498,2025-11-22,West,CA,Lighting,Halo Monitor Arm,Online,5,94.06,470.3,230.49,59.78,25.84
102448,2025-11-22,Northeast,NJ,Furniture,Nimbus Chair,Online,2,308.71,617.41,381.92,78.64,23.69
102441,2025-11-22,Northeast,PA,Storage,Vault Cabinet,Online,5,265.99,1329.97,813.27,206.87,51.36
102609,2025-11-22,South,AL,Furniture,Drift Side Table,Wholesale,1,156.29,156.29,91.81,18.15,10.32
102486,2025-11-23,West,OR,Storage,Loop Bin Set,Retail,5,52.88,264.38,144.21,37.36,10.27
102409,2025-11-23,Northeast,NJ,Lighting,Halo Monitor Arm,Wholesale,4,85.18,340.7,171.39,34.84,19.95
102565,2025-11-23,Midwest,MI,Lighting,Halo Monitor Arm,Wholesale,5,90.14,450.7,238.22,70.29,13.53
102555,2025-11-23,Midwest,MI,Furniture,Nimbus Chair,Wholesale,1,343.95,343.95,224.21,37.73,16.65
102507,2025-11-23,West,OR,Furniture,Aster Bookcase,Online,4,433.83,1735.32,1040.3,174.16,55.84
102512,2025-11-23,West,OR,Lighting,Ember Floor Lamp,Online,5,116.01,580.04,316.56,81.43,36.04
102469,2025-11-23,West,OR,Storage,Cascade Shelf,Wholesale,1,179.77,179.77,109.74,24.79,7.58
102600,2025-11-23,South,GA,Storage,Vault Cabinet,Online,5,271.1,1355.51,767.84,200.48,42.25
102577,2025-11-24,South,GA,Furniture,Drift Side Table,Retail,5,150.31,751.54,461.0,117.31,42.72
102401,2025-11-24,Northeast,NJ,Lighting,Ember Floor Lamp,Online,4,110.62,442.46,235.3,56.91,18.15
102453,2025-11-24,Northeast,PA,Furniture,Drift Side Table,Online,1,149.52,149.52,94.22,15.52,6.83
102557,2025-11-24,Midwest,OH,Furniture,Nimbus Chair,Online,2,317.42,634.84,393.92,81.18,32.15
102622,2025-11-24,Southeast,NC,Lighting,Halo Monitor Arm,Wholesale,1,88.69,88.69,47.33,9.37,5.96
102499,2025-11-24,West,CA,Lighting,Halo Monitor Arm,Online,4,89.75,359.01,197.72,43.35,15.43
102501,2025-11-24,West,NV,Lighting,Aria Desk Lamp,Retail,2,73.31,146.61,73.16,18.22,6.37
102518,2025-11-24,West,WA,Storage,Vault Cabinet,Wholesale,5,248.34,1241.69,752.08,189.65,78.41
102628,2025-11-24,Southeast,FL,Furniture,Drift Side Table,Retail,1,140.95,140.95,92.28,17.9,6.99
102646,2025-11-24,Southwest,AZ,Storage,Loop Bin Set,Wholesale,3,53.1,159.31,92.49,24.02,7.35
102426,2025-11-24,Northeast,NJ,Furniture,Drift Side Table,Online,5,153.96,769.78,487.67,107.75,27.4
102621,2025-11-25,Southeast,FL,Storage,Vault Cabinet,Online,3,265.23,795.7,463.26,90.3,49.54
102423,2025-11-25,Northeast,NJ,Storage,Loop Bin Set,Online,4,53.41,213.65,123.29,22.3,7.29
102625,2025-11-25,Southeast,SC,Furniture,Nimbus Chair,Online,4,324.97,1299.88,785.9,197.96,73.0
102427,2025-11-25,Northeast,MA,Storage,Loop Bin Set,Online,3,56.94,170.82,104.6,22.17,5.53
102570,2025-11-25,Midwest,MI,Lighting,Aria Desk Lamp,Online,1,65.53,65.53,35.48,10.48,3.6
102458,2025-11-25,Northeast,NJ,Storage,Loop Bin Set,Online,2,53.27,106.54,58.98,11.98,4.17
102519,2025-11-25,West,CA,Storage,Vault Cabinet,Online,4,257.02,1028.09,619.95,142.66,56.04
102597,2025-11-25,South,TX,Lighting,Halo Monitor Arm,Retail,4,92.33,369.31,185.15,40.04,12.02
102508,2025-11-25,West,OR,Lighting,Ember Floor Lamp,Online,3,110.34,331.01,178.69,34.46,19.68
102398,2025-11-26,Northeast,PA,Lighting,Halo Monitor Arm,Retail,5,87.18,435.91,230.73,52.18,14.81
102422,2025-11-26,Northeast,NY,Storage,Cascade Shelf,Retail,5,172.27,861.36,503.74,132.32,38.94
102505,2025-11-26,West,WA,Lighting,Aria Desk Lamp,Online,2,67.9,135.81,67.65,20.55,5.89
102656,2025-11-26,Southwest,OK,Lighting,Ember Floor Lamp,Online,4,113.82,455.29,225.21,72.26,30.93
102399,2025-11-26,Northeast,NY,Storage,Cascade Shelf,Retail,5,181.25,906.27,497.08,94.8,53.97
102526,2025-11-26,West,NV,Lighting,Ember Floor Lamp,Online,1,115.62,115.62,62.27,17.07,5.31
102534,2025-11-26,Midwest,OH,Storage,Cascade Shelf,Wholesale,2,172.61,345.23,196.54,35.67,11.25
102494,2025-11-26,West,CA,Furniture,Nimbus Chair,Online,1,332.83,332.83,206.44,48.27,13.57
102544,2025-11-26,Midwest,WI,Storage,Cascade Shelf,Online,4,171.86,687.44,404.79,105.46,31.2
102606,2025-11-26,South,GA,Lighting,Halo Monitor Arm,Retail,5,89.65,448.25,222.42,66.16,29.32
102554,2025-11-26,Midwest,IL,Lighting,Halo Monitor Arm,Online,5,88.36,441.78,233.1,51.97,28.52
102476,2025-11-27,West,WA,Furniture,Nimbus Chair,Online,3,317.37,952.11,600.76,111.73,34.01
102405,2025-11-27,Northeast,NY,Lighting,Aria Desk Lamp,Retail,3,65.96,197.87,104.19,23.47,7.89
102649,2025-11-27,Southwest,NM,Furniture,Aster Bookcase,Online,5,434.3,2171.49,1401.62,228.37,90.74
102648,2025-11-27,Southwest,OK,Furniture,Nimbus Chair,Online,1,324.53,324.53,196.66,50.76,13.41
102504,2025-11-27,West,NV,Lighting,Halo Monitor Arm,Online,4,92.49,369.96,189.33,44.84,17.12
102459,2025-11-27,Northeast,NJ,Lighting,Halo Monitor Arm,Online,4,88.85,355.41,174.43,51.29,13.65
102575,2025-11-27,South,TN,Storage,Loop Bin Set,Online,4,55.49,221.96,132.59,29.06,13.58
102456,2025-11-28,Northeast,PA,Storage,Vault Cabinet,Online,2,260.02,520.04,307.39,61.94,16.11
102623,2025-11-28,Southeast,SC,Lighting,Ember Floor Lamp,Online,3,114.7,344.09,168.5,37.76,12.92
102537,2025-11-28,Midwest,OH,Furniture,Nimbus Chair,Retail,2,323.14,646.27,419.18,94.92,33.65
102466,2025-11-28,Northeast,PA,Lighting,Aria Desk Lamp,Online,4,70.64,282.54,140.83,39.73,9.88
102626,2025-11-28,Southeast,NC,Furniture,Aster Bookcase,Wholesale,3,403.33,1209.99,785.91,192.0,62.23
102587,2025-11-28,South,TN,Storage,Vault Cabinet,Wholesale,5,272.95,1364.73,818.1,164.66,83.81
102583,2025-11-28,South,TX,Lighting,Halo Monitor Arm,Online,5,86.62,433.09,238.67,47.46,16.29
102616,2025-11-29,Southeast,VA,Furniture,Nimbus Chair,Retail,2,343.19,686.38,430.62,106.71,44.44
102477,2025-11-29,West,OR,Lighting,Halo Monitor Arm,Retail,4,94.15,376.62,203.68,52.87,19.24
102429,2025-11-29,Northeast,PA,Lighting,Ember Floor Lamp,Online,4,115.2,460.79,234.81,55.42,21.56
102451,2025-11-29,Northeast,NY,Storage,Vault Cabinet,Online,3,254.17,762.5,440.94,95.64,26.92
102435,2025-11-29,Northeast,NJ,Furniture,Nimbus Chair,Online,2,313.7,627.41,403.2,63.92,20.25
102413,2025-11-29,Northeast,NJ,Storage,Vault Cabinet,Online,4,273.38,1093.51,627.97,157.72,34.56
102542,2025-11-29,Midwest,MI,Furniture,Drift Side Table,Online,3,155.49,466.48,300.55,72.03,19.47
102573,2025-11-30,Midwest,IL,Lighting,Ember Floor Lamp,Retail,2,111.14,222.28,121.43,33.52,15.48
102666,2025-11-30,Southwest,OK,Lighting,Ember Floor Lamp,Retail,5,112.34,561.7,301.87,82.12,28.19
102665,2025-11-30,Southwest,NM,Storage,Vault Cabinet,Retail,1,266.13,266.13,154.46,26.89,8.49
102484,2025-11-30,West,NV,Lighting,Ember Floor Lamp,Wholesale,1,111.29,111.29,58.39,14.37,7.76
102483,2025-11-30,West,CA,Furniture,Aster Bookcase,Retail,2,442.62,885.24,538.12,91.1,49.68
102662,2025-11-30,Southwest,NM,Furniture,Drift Side Table,Online,4,156.37,625.5,406.68,89.78,34.12
102566,2025-11-30,Midwest,OH,Storage,Loop Bin Set,Retail,3,55.56,166.68,91.64,26.12,9.16
102495,2025-11-30,West,CA,Lighting,Halo Monitor Arm,Online,3,89.22,267.66,136.39,40.89,9.12
102658,2025-11-30,Southwest,NM,Storage,Cascade Shelf,Retail,3,190.73,572.19,348.87,71.58,22.21
102411,2025-11-30,Northeast,NJ,Storage,Cascade Shelf,Online,4,176.42,705.69,396.78,108.4,45.96
102607,2025-11-30,South,TX,Storage,Vault Cabinet,Retail,5,262.82,1314.1,805.79,177.18,53.18
102601,2025-11-30,South,GA,Lighting,Halo Monitor Arm,Online,2,90.12,180.23,95.68,24.46,7.17
102647,2025-11-30,Southwest,AZ,Lighting,Aria Desk Lamp,Wholesale,1,65.09,65.09,33.18,8.48,2.93
102615,2025-11-30,Southeast,SC,Storage,Loop Bin Set,Online,5,53.13,265.67,159.21,39.16,15.84
102699,2025-12-01,Northeast,NJ,Lighting,Aria Desk Lamp,Online,2,65.84,131.69,70.99,13.97,4.41
102769,2025-12-01,West,OR,Storage,Cascade Shelf,Online,4,184.34,737.37,409.18,96.96,25.55
102717,2025-12-01,Northeast,NJ,Storage,Cascade Shelf,Online,2,189.74,379.48,207.76,50.54,13.93
102764,2025-12-01,West,OR,Furniture,Drift Side Table,Wholesale,1,137.76,137.76,81.71,14.54,8.64
102858,2025-12-02,Southeast,VA,Lighting,Ember Floor Lamp,Wholesale,3,118.7,356.11,192.83,54.41,18.59
102761,2025-12-02,West,NV,Storage,Loop Bin Set,Retail,2,57.94,115.89,63.41,11.82,3.82
102853,2025-12-02,South,TN,Lighting,Halo Monitor Arm,Online,2,88.0,176.01,89.97,19.04,11.71
102844,2025-12-02,South,TX,Storage,Cascade Shelf,Online,2,192.16,384.32,223.72,43.95,25.05
102839,2025-12-02,South,TX,Furniture,Nimbus Chair,Retail,1,344.73,344.73,211.23,39.15,19.79
102670,2025-12-02,Northeast,NJ,Lighting,Aria Desk Lamp,Online,1,70.18,70.18,37.52,10.66,2.55
102792,2025-12-02,Midwest,OH,Furniture,Nimbus Chair,Retail,1,308.39,308.39,184.2,40.61,18.94
102684,2025-12-02,Northeast,PA,Lighting,Aria Desk Lamp,Online,5,65.76,328.78,163.82,35.36,18.68
102791,2025-12-02,Midwest,WI,Lighting,Aria Desk Lamp,Wholesale,3,71.82,215.46,108.42,31.22,13.97
102864,2025-12-03,Southeast,SC,Furniture,Drift Side Table,Online,1,153.72,153.72,99.63,15.69,6.22
102722,2025-12-03,Northeast,NJ,Storage,Cascade Shelf,Online,5,174.84,874.22,516.61,132.96,38.73
102706,2025-12-03,Northeast,NJ,Storage,Loop Bin Set,Retail,4,54.16,216.65,131.47,23.0,14.02
102904,2025-12-03,Southwest,NM,Furniture,Drift Side Table,Online,3,140.14,420.43,252.98,43.03,22.45
102785,2025-12-03,Midwest,OH,Storage,Cascade Shelf,Retail,2,189.66,379.32,217.94,39.5,20.45
102779,2025-12-03,Midwest,MI,Storage,Cascade Shelf,Wholesale,3,176.34,529.01,299.08,72.68,33.15
102888,2025-12-04,Southwest,AZ,Lighting,Halo Monitor Arm,Online,5,89.25,446.27,231.56,53.27,14.69
102861,2025-12-04,Southeast,SC,Furniture,Aster Bookcase,Wholesale,4,396.21,1584.84,949.3,195.96,53.69
102903,2025-12-04,Southwest,AZ,Storage,Cascade Shelf,Retail,3,173.74,521.21,305.26,78.84,25.58
102760,2025-12-04,West,WA,Furniture,Nimbus Chair,Retail,3,309.26,927.78,562.02,128.43,62.68
102899,2025-12-04,Southwest,NM,Storage,Cascade Shelf,Online,4,190.49,761.95,437.47,105.44,45.8
102868,2025-12-04,Southeast,VA,Lighting,Ember Floor Lamp,Wholesale,4,110.49,441.96,219.53,48.51,22.88
102766,2025-12-04,West,CA,Furniture,Nimbus Chair,Wholesale,4,313.55,1254.19,804.67,135.51,70.91
102884,2025-12-04,Southeast,NC,Storage,Loop Bin Set,Online,1,54.65,54.65,30.82,6.74,2.54
102771,2025-12-04,West,OR,Storage,Vault Cabinet,Wholesale,4,266.45,1065.8,641.24,148.6,68.82
102878,2025-12-04,Southeast,NC,Furniture,Aster Bookcase,Online,1,392.55,392.55,249.16,47.02,13.98
102780,2025-12-04,Midwest,WI,Furniture,Nimbus Chair,Retail,4,307.01,1228.04,794.86,187.32,70.26
102719,2025-12-04,Northeast,MA,Storage,Vault Cabinet,Online,4,255.93,1023.73,598.75,155.04,54.87
102832,2025-12-05,South,AL,Furniture,Drift Side Table,Retail,2,147.68,295.36,188.93,45.92,14.91
102814,2025-12-05,Midwest,WI,Lighting,Halo Monitor Arm,Online,2,86.76,173.53,90.85,24.09,10.62
102733,2025-12-05,West,WA,Furniture,Aster Bookcase,Retail,5,441.78,2208.88,1417.46,246.48,94.61
102842,2025-12-05,South,GA,Lighting,Aria Desk Lamp,Retail,3,67.37,202.11,110.93,24.48,11.86
102734,2025-12-05,West,OR,Storage,Loop Bin Set,Retail,1,52.09,52.09,30.56,5.72,3.07
102738,2025-12-05,West,OR,Furniture,Nimbus Chair,Online,1,305.11,305.11,179.56,31.61,10.6
102796,2025-12-05,Midwest,OH,Lighting,Ember Floor Lamp,Online,2,111.54,223.08,110.83,33.81,7.56
102689,2025-12-05,Northeast,MA,Furniture,Aster Bookcase,Retail,1,417.16,417.16,263.56,52.0,22.06
102686,2025-12-05,Northeast,MA,Lighting,Aria Desk Lamp,Retail,4,72.33,289.31,155.24,33.43,17.47
102869,2025-12-05,Southeast,NC,Furniture,Drift Side Table,Online,5,149.78,748.88,448.81,96.93,29.87
102886,2025-12-06,Southwest,AZ,Storage,Vault Cabinet,Wholesale,3,268.87,806.62,459.39,125.52,51.22
102790,2025-12-06,Midwest,WI,Lighting,Halo Monitor Arm,Online,4,91.88,367.54,197.35,52.11,15.03
102890,2025-12-06,Southwest,OK,Storage,Cascade Shelf,Wholesale,3,182.29,546.86,329.4,68.09,29.79
102687,2025-12-06,Northeast,NY,Furniture,Nimbus Chair,Retail,3,334.75,1004.25,618.64,149.34,70.17
102843,2025-12-06,South,AL,Lighting,Aria Desk Lamp,Online,1,68.75,68.75,36.76,7.08,3.44
102712,2025-12-06,Northeast,MA,Furniture,Aster Bookcase,Retail,1,413.65,413.65,257.02,52.42,21.13
102728,2025-12-06,Northeast,MA,Storage,Cascade Shelf,Online,2,181.78,363.57,214.48,36.76,20.26
102743,2025-12-06,West,NV,Lighting,Ember Floor Lamp,Online,1,111.76,111.76,58.37,16.4,4.96
102750,2025-12-06,West,WA,Lighting,Aria Desk Lamp,Online,1,71.96,71.96,37.25,8.63,2.47
102694,2025-12-06,Northeast,NY,Furniture,Drift Side Table,Online,4,149.1,596.38,353.05,86.17,39.02
102807,2025-12-06,Midwest,WI,Furniture,Drift Side Table,Online,4,156.27,625.06,392.42,72.75,26.11
102828,2025-12-06,South,TN,Lighting,Ember Floor Lamp,Online,2,107.43,214.87,118.09,22.51,9.78
102730,2025-12-06,West,OR,Furniture,Nimbus Chair,Wholesale,2,337.74,675.47,394.62,81.95,26.31
102813,2025-12-07,Midwest,OH,Lighting,Halo Monitor Arm,Online,5,90.86,454.28,224.34,58.96,14.13
102891,2025-12-07,Southwest,AZ,Lighting,Aria Desk Lamp,Wholesale,2,68.45,136.9,74.52,21.83,5.79
102782,2025-12-07,Midwest,WI,Furniture,Aster Bookcase,Online,2,412.87,825.75,485.53,124.06,32.74
102894,2025-12-07,Southwest,OK,Storage,Vault Cabinet,Retail,4,277.31,1109.22,634.84,159.67,65.47
102772,2025-12-07,West,OR,Lighting,Halo Monitor Arm,Online,2,85.03,170.05,93.43,24.75,10.38
102905,2025-12-07,Southwest,AZ,Furniture,Aster Bookcase,Online,2,442.63,885.26,573.64,95.44,59.05
102826,2025-12-07,South,TN,Lighting,Ember Floor Lamp,Online,4,116.05,464.2,241.37,61.02,14.87
102896,2025-12-07,Southwest,NM,Furniture,Aster Bookcase,Retail,4,395.48,1581.93,1024.42,241.03,70.75
102718,2025-12-07,Northeast,NY,Furniture,Aster Bookcase,Online,1,399.83,399.83,254.42,50.86,12.72
102710,2025-12-07,Northeast,NY,Storage,Cascade Shelf,Online,2,192.93,385.86,231.1,47.96,17.07
102668,2025-12-07,Northeast,NJ,Storage,Loop Bin Set,Online,2,55.35,110.7,67.74,11.7,6.56
102848,2025-12-07,South,AL,Lighting,Halo Monitor Arm,Wholesale,4,92.4,369.6,193.38,57.01,23.13
102756,2025-12-07,West,WA,Lighting,Ember Floor Lamp,Online,4,119.69,478.74,238.59,53.47,16.32
102827,2025-12-08,South,TX,Furniture,Drift Side Table,Online,5,143.7,718.49,452.53,103.78,48.03
102837,2025-12-08,South,AL,Furniture,Drift Side Table,Online,4,141.28,565.13,330.49,68.1,31.36
102865,2025-12-08,Southeast,NC,Furniture,Drift Side Table,Wholesale,1,155.58,155.58,98.63,24.14,6.04
102737,2025-12-08,West,WA,Furniture,Aster Bookcase,Online,1,390.87,390.87,239.43,61.87,24.11
102895,2025-12-08,Southwest,NM,Furniture,Aster Bookcase,Wholesale,5,431.03,2155.15,1390.91,256.24,147.79
102778,2025-12-09,Midwest,MI,Furniture,Drift Side Table,Wholesale,1,155.99,155.99,98.82,24.34,8.7
102762,2025-12-09,West,NV,Storage,Cascade Shelf,Retail,1,175.13,175.13,102.39,25.21,6.57
102759,2025-12-09,West,CA,Furniture,Nimbus Chair,Online,5,317.46,1587.32,952.93,170.01,90.47
102901,2025-12-09,Southwest,NM,Storage,Vault Cabinet,Wholesale,2,249.83,499.67,281.16,64.08,34.37
102669,2025-12-09,Northeast,NJ,Storage,Cascade Shelf,Online,1,176.78,176.78,102.45,19.13,7.12
102700,2025-12-09,Northeast,NJ,Lighting,Ember Floor Lamp,Retail,2,118.39,236.78,117.34,37.46,14.37
102871,2025-12-09,Southeast,SC,Storage,Vault Cabinet,Online,4,276.1,1104.38,636.74,140.28,38.77
102798,2025-12-09,Midwest,MI,Storage,Cascade Shelf,Online,5,171.85,859.23,473.85,100.48,39.65
102690,2025-12-09,Northeast,MA,Storage,Loop Bin Set,Wholesale,2,54.09,108.19,62.29,16.02,5.81
102824,2025-12-09,South,TN,Furniture,Drift Side Table,Online,2,144.43,288.85,183.02,40.6,13.56
102740,2025-12-10,West,OR,Lighting,Aria Desk Lamp,Online,2,67.45,134.89,71.13,18.9,9.12
102674,2025-12-10,Northeast,NY,Lighting,Halo Monitor Arm,Retail,5,87.32,436.58,233.76,47.0,30.56
102873,2025-12-10,Southeast,VA,Furniture,Drift Side Table,Wholesale,1,149.62,149.62,91.15,18.55,5.46
102881,2025-12-10,Southeast,NC,Storage,Loop Bin Set,Retail,4,56.12,224.48,133.64,24.02,8.0
102860,2025-12-10,Southeast,NC,Furniture,Aster Bookcase,Retail,2,418.55,837.09,489.0,106.06,26.08
102804,2025-12-10,Midwest,OH,Storage,Loop Bin Set,Retail,3,52.95,158.85,89.52,19.53,5.78
102793,2025-12-10,Midwest,WI,Storage,Loop Bin Set,Retail,4,57.52,230.07,132.11,34.77,15.15
102752,2025-12-10,West,NV,Furniture,Drift Side Table,Online,5,155.25,776.26,456.89,120.89,42.67
102877,2025-12-11,Southeast,VA,Furniture,Aster Bookcase,Wholesale,1,424.11,424.11,251.88,55.45,13.13
102787,2025-12-11,Midwest,OH,Storage,Vault Cabinet,Online,3,267.8,803.39,464.36,115.07,54.72
102691,2025-12-11,Northeast,NY,Storage,Vault Cabinet,Online,3,263.19,789.57,460.15,87.82,38.01
102818,2025-12-12,Midwest,IL,Furniture,Drift Side Table,Online,3,146.73,440.19,273.69,65.52,18.33
102819,2025-12-12,Midwest,OH,Furniture,Nimbus Chair,Online,3,313.72,941.17,575.56,140.32,60.2
102859,2025-12-12,Southeast,VA,Lighting,Ember Floor Lamp,Online,4,109.3,437.19,227.96,45.08,20.21
102783,2025-12-12,Midwest,MI,Storage,Loop Bin Set,Wholesale,4,57.77,231.06,128.41,30.72,10.07
102817,2025-12-12,Midwest,IL,Lighting,Halo Monitor Arm,Retail,1,91.49,91.49,45.5,9.22,3.67
102715,2025-12-12,Northeast,NY,Furniture,Nimbus Chair,Wholesale,3,334.43,1003.29,600.9,145.12,34.76
102758,2025-12-12,West,OR,Storage,Vault Cabinet,Online,2,274.2,548.4,326.69,82.44,34.9
102682,2025-12-12,Northeast,NY,Furniture,Nimbus Chair,Online,2,319.68,639.35,407.1,75.86,19.72
102671,2025-12-12,Northeast,NY,Lighting,Ember Floor Lamp,Online,4,113.91,455.64,239.94,59.17,30.61
102746,2025-12-12,West,WA,Lighting,Aria Desk Lamp,Online,5,71.82,359.1,181.06,55.82,12.48
102667,2025-12-12,Northeast,NJ,Lighting,Aria Desk Lamp,Online,4,71.56,286.25,157.57,38.71,11.13
102749,2025-12-12,West,NV,Lighting,Halo Monitor Arm,Retail,4,92.9,371.58,195.68,59.31,23.27
102673,2025-12-13,Northeast,NJ,Storage,Vault Cabinet,Wholesale,1,253.72,253.72,153.64,26.88,11.49
102874,2025-12-13,Southeast,FL,Storage,Cascade Shelf,Retail,5,193.41,967.04,565.81,118.29,42.47
102812,2025-12-13,Midwest,WI,Storage,Cascade Shelf,Online,1,190.34,190.34,116.33,28.39,5.86
102823,2025-12-13,South,GA,Lighting,Aria Desk Lamp,Retail,5,68.07,340.33,175.05,37.04,20.31
102768,2025-12-14,West,CA,Furniture,Drift Side Table,Retail,2,141.09,282.18,183.86,41.04,13.01
102724,2025-12-14,Northeast,NJ,Storage,Loop Bin Set,Online,2,56.85,113.69,67.41,12.41,6.78
102720,2025-12-14,Northeast,PA,Storage,Loop Bin Set,Retail,4,58.24,232.96,138.97,33.85,7.22
102822,2025-12-14,South,AL,Lighting,Ember Floor Lamp,Retail,5,116.8,583.98,301.3,60.35,37.85
102849,2025-12-14,South,AL,Furniture,Nimbus Chair,Online,5,308.88,1544.41,949.34,197.12,105.08
102754,2025-12-14,West,WA,Furniture,Aster Bookcase,Online,2,425.38,850.77,554.82,127.28,44.51
102825,2025-12-15,South,GA,Lighting,Halo Monitor Arm,Wholesale,1,90.58,90.58,49.58,9.9,5.39
102831,2025-12-15,South,AL,Furniture,Drift Side Table,Online,5,141.15,705.77,441.75,81.76,21.19
102833,2025-12-15,South,AL,Lighting,Ember Floor Lamp,Online,3,111.82,335.46,178.22,40.1,16.05
102711,2025-12-15,Northeast,MA,Furniture,Drift Side Table,Wholesale,5,148.53,742.63,455.68,83.7,35.06
102748,2025-12-15,West,CA,Lighting,Aria Desk Lamp,Wholesale,3,72.43,217.29,109.18,27.08,7.55
102741,2025-12-16,West,OR,Lighting,Ember Floor Lamp,Retail,5,112.86,564.32,283.44,63.79,28.44
102809,2025-12-16,Midwest,WI,Storage,Cascade Shelf,Retail,1,178.3,178.3,102.09,28.26,10.74
102735,2025-12-16,West,OR,Furniture,Drift Side Table,Online,5,142.05,710.23,424.64,97.81,27.82
102723,2025-12-16,Northeast,NJ,Furniture,Drift Side Table,Wholesale,4,140.34,561.36,339.9,72.93,34.79
102855,2025-12-16,South,TX,Storage,Vault Cabinet,Online,4,264.52,1058.06,629.19,130.87,54.38
102830,2025-12-16,South,TX,Furniture,Nimbus Chair,Retail,3,343.9,1031.69,673.1,118.28,61.95
102698,2025-12-16,Northeast,PA,Lighting,Halo Monitor Arm,Retail,1,86.75,86.75,43.51,11.19,3.84
102840,2025-12-16,South,AL,Furniture,Aster Bookcase,Online,5,400.56,2002.81,1299.06,235.51,98.78
102788,2025-12-17,Midwest,WI,Furniture,Drift Side Table,Online,3,149.74,449.21,271.02,68.5,23.41
102745,2025-12-17,West,NV,Furniture,Nimbus Chair,Online,2,316.27,632.55,372.38,75.94,25.31
102704,2025-12-17,Northeast,MA,Storage,Cascade Shelf,Wholesale,3,179.23,537.7,301.46,66.75,25.98
102679,2025-12-17,Northeast,PA,Lighting,Aria Desk Lamp,Retail,5,66.92,334.58,179.59,48.98,13.86
102902,2025-12-17,Southwest,AZ,Furniture,Drift Side Table,Online,5,142.52,712.61,456.33,94.25,37.97
102776,2025-12-17,West,CA,Furniture,Drift Side Table,Retail,5,139.82,699.12,426.5,82.23,34.69
102799,2025-12-17,Midwest,OH,Furniture,Aster Bookcase,Retail,4,415.89,1663.55,1020.57,215.5,109.76
102801,2025-12-17,Midwest,MI,Storage,Cascade Shelf,Wholesale,4,171.08,684.32,420.16,99.83,32.31
102870,2025-12-18,Southeast,NC,Storage,Vault Cabinet,Online,4,277.64,1110.57,667.74,135.97,50.16
102821,2025-12-18,South,AL,Storage,Vault Cabinet,Retail,2,269.84,539.68,322.44,56.03,23.5
102811,2025-12-18,Midwest,OH,Furniture,Nimbus Chair,Online,3,319.62,958.86,614.4,131.62,45.54
102786,2025-12-18,Midwest,OH,Storage,Vault Cabinet,Retail,1,251.46,251.46,141.94,34.78,11.67
102697,2025-12-19,Northeast,NJ,Furniture,Aster Bookcase,Retail,1,413.97,413.97,255.47,65.51,22.29
102714,2025-12-19,Northeast,NY,Lighting,Ember Floor Lamp,Online,4,120.84,483.36,261.43,68.94,17.31
102707,2025-12-19,Northeast,NJ,Lighting,Ember Floor Lamp,Online,1,107.98,107.98,55.65,15.43,3.25
102767,2025-12-19,West,WA,Storage,Cascade Shelf,Online,2,176.72,353.43,208.26,36.29,11.19
102672,2025-12-19,Northeast,NY,Storage,Vault Cabinet,Retail,4,280.21,1120.82,617.12,166.95,49.8
102683,2025-12-19,Northeast,PA,Furniture,Nimbus Chair,Wholesale,1,306.01,306.01,187.31,40.38,10.56
102770,2025-12-19,West,NV,Lighting,Aria Desk Lamp,Online,4,65.97,263.9,133.21,27.9,11.41
102889,2025-12-19,Southwest,NM,Furniture,Nimbus Chair,Online,2,337.92,675.84,427.71,73.64,34.64
102900,2025-12-20,Southwest,AZ,Furniture,Nimbus Chair,Online,1,305.81,305.81,179.88,37.11,17.43
102856,2025-12-20,South,GA,Furniture,Aster Bookcase,Retail,4,426.4,1705.59,1036.79,205.6,55.84
102688,2025-12-20,Northeast,NY,Lighting,Aria Desk Lamp,Retail,1,67.84,67.84,36.82,8.98,3.16
102892,2025-12-20,Southwest,AZ,Furniture,Aster Bookcase,Wholesale,5,398.62,1993.09,1196.5,230.42,83.49
102847,2025-12-21,South,AL,Storage,Vault Cabinet,Wholesale,2,278.95,557.89,305.3,68.21,26.94
102797,2025-12-21,Midwest,MI,Furniture,Nimbus Chair,Retail,1,345.3,345.3,214.57,52.51,12.35
102713,2025-12-21,Northeast,MA,Storage,Cascade Shelf,Online,5,190.61,953.05,574.73,149.16,49.29
102705,2025-12-21,Northeast,NJ,Lighting,Halo Monitor Arm,Online,5,89.31,446.54,225.01,44.95,28.58
102846,2025-12-21,South,GA,Furniture,Drift Side Table,Online,3,146.05,438.15,267.9,46.74,27.7
102851,2025-12-21,South,GA,Lighting,Halo Monitor Arm,Retail,1,90.4,90.4,46.09,10.73,3.11
102747,2025-12-21,West,WA,Storage,Loop Bin Set,Wholesale,5,56.3,281.48,159.26,34.59,10.49
102857,2025-12-22,South,TX,Lighting,Aria Desk Lamp,Online,1,64.61,64.61,33.88,9.1,3.03
102777,2025-12-22,West,NV,Storage,Loop Bin Set,Online,5,52.86,264.29,145.74,28.28,13.0
102703,2025-12-22,Northeast,NJ,Lighting,Ember Floor Lamp,Retail,1,109.91,109.91,54.94,16.35,6.76
102834,2025-12-22,South,TN,Furniture,Nimbus Chair,Wholesale,3,318.91,956.72,586.88,138.7,63.34
102808,2025-12-22,Midwest,MI,Lighting,Ember Floor Lamp,Wholesale,2,107.1,214.19,114.83,29.17,10.85
102781,2025-12-22,Midwest,MI,Lighting,Aria Desk Lamp,Retail,4,67.44,269.76,141.01,33.64,11.9
102677,2025-12-22,Northeast,PA,Furniture,Drift Side Table,Retail,4,144.11,576.42,347.35,71.86,33.23
102829,2025-12-22,South,GA,Lighting,Halo Monitor Arm,Retail,3,92.09,276.27,143.36,33.95,16.13
102885,2025-12-22,Southwest,AZ,Furniture,Aster Bookcase,Retail,2,408.72,817.44,521.83,98.37,43.36
102729,2025-12-22,Northeast,NY,Lighting,Halo Monitor Arm,Online,3,94.91,284.73,147.99,37.58,11.58
102751,2025-12-23,West,NV,Furniture,Nimbus Chair,Wholesale,5,331.13,1655.67,1014.47,243.67,87.85
102883,2025-12-23,Southeast,VA,Storage,Vault Cabinet,Online,4,261.71,1046.83,600.45,159.82,63.98
102863,2025-12-23,Southeast,NC,Furniture,Aster Bookcase,Retail,2,407.68,815.36,523.57,81.9,50.28
102850,2025-12-23,South,TX,Furniture,Nimbus Chair,Retail,2,307.24,614.47,361.08,91.42,26.51
102838,2025-12-23,South,TN,Furniture,Drift Side Table,Retail,2,151.37,302.75,196.41,32.24,14.77
102678,2025-12-23,Northeast,PA,Storage,Vault Cabinet,Online,2,250.55,501.1,299.7,76.56,34.31
102773,2025-12-23,West,WA,Lighting,Aria Desk Lamp,Online,5,71.1,355.51,182.74,39.08,13.83
102841,2025-12-23,South,AL,Storage,Vault Cabinet,Retail,4,268.54,1074.16,624.3,119.13,52.54
102875,2025-12-23,Southeast,SC,Furniture,Aster Bookcase,Wholesale,1,409.69,409.69,261.95,46.73,24.33
102692,2025-12-23,Northeast,MA,Furniture,Aster Bookcase,Retail,1,414.82,414.82,265.72,45.12,13.96
102701,2025-12-24,Northeast,MA,Lighting,Halo Monitor Arm,Online,5,89.99,449.96,242.83,68.2,22.29
102806,2025-12-24,Midwest,IL,Furniture,Drift Side Table,Wholesale,4,151.97,607.88,390.69,76.8,35.1
102887,2025-12-24,Southwest,OK,Lighting,Aria Desk Lamp,Wholesale,2,67.52,135.04,68.41,14.58,8.27
102906,2025-12-24,Southwest,OK,Lighting,Halo Monitor Arm,Online,3,87.77,263.31,129.65,38.47,16.62
102744,2025-12-24,West,OR,Storage,Cascade Shelf,Retail,3,180.77,542.3,329.41,69.12,36.45
102685,2025-12-24,Northeast,MA,Lighting,Halo Monitor Arm,Online,2,94.07,188.15,100.64,25.75,10.16
102882,2025-12-24,Southeast,NC,Furniture,Drift Side Table,Retail,4,148.9,595.6,383.79,63.91,27.0
102675,2025-12-25,Northeast,MA,Furniture,Aster Bookcase,Online,4,430.92,1723.66,1081.0,237.57,101.39
102765,2025-12-25,West,CA,Storage,Loop Bin Set,Retail,5,52.42,262.09,157.41,32.7,15.16
102802,2025-12-25,Midwest,IL,Lighting,Ember Floor Lamp,Retail,4,111.31,445.25,220.08,64.11,20.2
102800,2025-12-25,Midwest,IL,Furniture,Aster Bookcase,Retail,4,433.95,1735.8,1027.37,235.12,102.58
102775,2025-12-25,West,WA,Storage,Loop Bin Set,Retail,5,54.99,274.96,158.18,39.88,8.8
102721,2025-12-25,Northeast,PA,Furniture,Drift Side Table,Wholesale,2,142.87,285.74,169.58,35.88,11.35
102803,2025-12-26,Midwest,WI,Storage,Cascade Shelf,Retail,3,189.95,569.85,327.71,89.85,26.33
102726,2025-12-26,Northeast,NJ,Lighting,Halo Monitor Arm,Online,3,94.73,284.19,147.62,29.14,19.58
102709,2025-12-26,Northeast,NJ,Lighting,Ember Floor Lamp,Retail,5,106.93,534.63,291.33,69.02,26.13
102680,2025-12-26,Northeast,NJ,Storage,Cascade Shelf,Retail,5,193.19,965.94,579.4,134.45,45.68
102867,2025-12-26,Southeast,SC,Furniture,Drift Side Table,Retail,4,146.68,586.71,361.61,68.98,22.4
102716,2025-12-26,Northeast,NY,Lighting,Ember Floor Lamp,Wholesale,3,111.34,334.02,179.47,46.35,16.8
102852,2025-12-27,South,TX,Furniture,Drift Side Table,Online,3,140.37,421.1,270.56,53.47,21.94
102816,2025-12-27,Midwest,WI,Furniture,Nimbus Chair,Online,4,307.76,1231.03,787.77,175.06,60.1
102794,2025-12-27,Midwest,IL,Lighting,Halo Monitor Arm,Online,3,87.81,263.43,129.54,32.89,8.35
102681,2025-12-27,Northeast,NY,Storage,Cascade Shelf,Wholesale,4,184.7,738.81,435.8,88.12,35.69
102810,2025-12-27,Midwest,IL,Lighting,Aria Desk Lamp,Retail,3,65.74,197.23,101.69,22.54,13.46
102736,2025-12-27,West,WA,Lighting,Halo Monitor Arm,Online,1,89.51,89.51,44.86,13.33,5.3
102739,2025-12-27,West,WA,Lighting,Halo Monitor Arm,Online,1,95.77,95.77,49.65,12.55,4.48
102805,2025-12-27,Midwest,MI,Storage,Cascade Shelf,Wholesale,4,175.06,700.24,416.99,94.58,22.7
102725,2025-12-27,Northeast,NJ,Lighting,Halo Monitor Arm,Retail,4,88.54,354.16,180.78,39.84,23.2
102676,2025-12-27,Northeast,PA,Lighting,Halo Monitor Arm,Online,1,95.24,95.24,52.02,14.74,3.5
102897,2025-12-27,Southwest,AZ,Storage,Vault Cabinet,Online,4,261.42,1045.67,574.7,137.03,53.96
102702,2025-12-27,Northeast,MA,Lighting,Aria Desk Lamp,Retail,2,66.64,133.28,66.49,19.42,6.84
102845,2025-12-27,South,TN,Lighting,Halo Monitor Arm,Retail,4,92.34,369.36,195.98,55.42,19.33
102757,2025-12-27,West,OR,Storage,Vault Cabinet,Online,1,272.57,272.57,165.16,42.57,10.8
102836,2025-12-28,South,TN,Furniture,Aster Bookcase,Online,1,402.99,402.99,246.05,56.7,22.01
102763,2025-12-28,West,CA,Storage,Cascade Shelf,Retail,1,177.62,177.62,105.04,25.0,6.83
102695,2025-12-28,Northeast,MA,Lighting,Ember Floor Lamp,Retail,4,110.52,442.09,218.51,57.14,28.24
102696,2025-12-28,Northeast,MA,Furniture,Aster Bookcase,Wholesale,3,436.04,1308.13,779.05,197.41,47.26
102854,2025-12-29,South,TX,Lighting,Halo Monitor Arm,Online,1,95.03,95.03,47.48,14.82,3.69
102753,2025-12-29,West,NV,Furniture,Nimbus Chair,Online,5,325.46,1627.28,1043.82,209.79,96.41
102795,2025-12-29,Midwest,IL,Storage,Cascade Shelf,Online,4,190.74,762.97,431.39,115.43,26.61
102731,2025-12-29,West,NV,Lighting,Aria Desk Lamp,Retail,4,68.07,272.28,137.27,30.43,16.94
102732,2025-12-29,West,OR,Furniture,Aster Bookcase,Retail,1,390.16,390.16,242.8,48.71,19.96
102862,2025-12-29,Southeast,SC,Furniture,Nimbus Chair,Wholesale,5,332.09,1660.44,1079.72,255.3,53.68
102876,2025-12-29,Southeast,VA,Furniture,Aster Bookcase,Online,1,410.54,410.54,264.93,48.14,22.36
102872,2025-12-29,Southeast,VA,Storage,Cascade Shelf,Wholesale,2,184.61,369.23,206.4,50.63,18.4
102774,2025-12-30,West,WA,Furniture,Nimbus Chair,Wholesale,1,313.04,313.04,201.71,32.51,21.69
102835,2025-12-30,South,AL,Storage,Cascade Shelf,Retail,3,179.34,538.02,329.97,68.56,30.52
102784,2025-12-30,Midwest,OH,Storage,Vault Cabinet,Retail,5,257.61,1288.07,763.06,176.25,64.97
102742,2025-12-30,West,CA,Furniture,Drift Side Table,Retail,2,152.71,305.41,179.37,47.39,20.85
102898,2025-12-30,Southwest,OK,Lighting,Halo Monitor Arm,Wholesale,5,84.71,423.54,227.08,55.69,15.93
102789,2025-12-30,Midwest,WI,Furniture,Nimbus Chair,Retail,4,310.54,1242.16,777.12,144.42,58.99
102693,2025-12-30,Northeast,NJ,Storage,Vault Cabinet,Online,5,260.74,1303.71,758.92,139.53,45.1
102815,2025-12-30,Midwest,MI,Lighting,Ember Floor Lamp,Online,3,115.54,346.61,173.87,53.74,17.46
102879,2025-12-30,Southeast,FL,Storage,Vault Cabinet,Online,5,251.2,1255.99,768.61,152.43,42.61
102880,2025-12-30,Southeast,NC,Lighting,Aria Desk Lamp,Online,4,66.73,266.92,134.93,31.32,16.57
102866,2025-12-31,Southeast,NC,Furniture,Aster Bookcase,Online,5,428.02,2140.1,1272.8,291.39,119.64
102727,2025-12-31,Northeast,NJ,Storage,Cascade Shelf,Wholesale,2,192.61,385.23,213.44,42.83,23.18
102820,2025-12-31,South,AL,Lighting,Ember Floor Lamp,Wholesale,5,113.72,568.62,287.32,64.68,20.68
102755,2025-12-31,West,WA,Lighting,Ember Floor Lamp,Online,5,118.97,594.83,297.84,62.45,24.8
102708,2025-12-31,Northeast,NJ,Storage,Cascade Shelf,Retail,3,192.61,577.84,340.35,75.83,39.25
102893,2025-12-31,Southwest,OK,Storage,Loop Bin Set,Retail,1,52.52,52.52,30.06,7.69,1.64
103059,2026-01-01,South,TN,Lighting,Aria Desk Lamp,Wholesale,2,69.91,139.82,68.75,18.98,7.89
102975,2026-01-01,West,OR,Lighting,Ember Floor Lamp,Online,2,116.81,233.62,116.89,29.93,11.03
102992,2026-01-01,West,WA,Lighting,Halo Monitor Arm,Online,2,88.73,177.46,93.39,22.28,8.45
103012,2026-01-01,West,NV,Furniture,Aster Bookcase,Online,5,393.08,1965.41,1240.52,306.09,69.41
103045,2026-01-01,Midwest,WI,Storage,Loop Bin Set,Wholesale,5,58.01,290.07,164.05,32.04,17.14
102917,2026-01-01,Northeast,NY,Furniture,Aster Bookcase,Wholesale,4,416.19,1664.77,985.49,168.78,79.53
103129,2026-01-01,Southwest,AZ,Storage,Loop Bin Set,Online,5,57.07,285.34,165.48,37.46,16.92
103049,2026-01-01,Midwest,OH,Furniture,Drift Side Table,Online,5,144.42,722.1,440.1,85.94,46.03
102997,2026-01-02,West,OR,Furniture,Nimbus Chair,Retail,2,333.28,666.56,398.5,66.91,39.65
103126,2026-01-02,Southwest,AZ,Furniture,Drift Side Table,Retail,5,147.31,736.54,441.22,89.58,42.69
103067,2026-01-02,South,TN,Furniture,Nimbus Chair,Online,1,327.85,327.85,191.73,46.65,20.98
103087,2026-01-02,South,GA,Lighting,Halo Monitor Arm,Online,4,88.58,354.33,189.96,52.17,21.76
103092,2026-01-02,Southeast,VA,Lighting,Halo Monitor Arm,Online,1,87.71,87.71,44.55,9.52,5.48
102910,2026-01-02,Northeast,NY,Storage,Vault Cabinet,Wholesale,5,262.33,1311.67,724.97,169.76,63.17
102948,2026-01-02,Northeast,NJ,Furniture,Drift Side Table,Retail,2,139.45,278.9,173.44,39.16,16.09
103033,2026-01-03,Midwest,IL,Furniture,Nimbus Chair,Wholesale,4,327.3,1309.18,855.37,175.23,86.62
103014,2026-01-03,Midwest,IL,Furniture,Drift Side Table,Retail,5,148.35,741.76,433.68,116.61,36.31
102923,2026-01-03,Northeast,NJ,Lighting,Aria Desk Lamp,Wholesale,2,66.9,133.79,66.55,15.02,4.59
103100,2026-01-03,Southeast,VA,Furniture,Drift Side Table,Retail,1,151.73,151.73,92.01,20.83,4.71
102964,2026-01-03,Northeast,NY,Lighting,Halo Monitor Arm,Retail,1,87.96,87.96,46.26,11.52,3.85
103058,2026-01-03,South,TX,Storage,Loop Bin Set,Wholesale,1,58.17,58.17,32.13,9.23,2.34
103040,2026-01-04,Midwest,OH,Furniture,Nimbus Chair,Retail,5,340.48,1702.4,1089.53,234.75,105.0
103026,2026-01-04,Midwest,MI,Lighting,Aria Desk Lamp,Online,4,71.84,287.36,152.42,30.11,12.58
103128,2026-01-04,Southwest,AZ,Furniture,Aster Bookcase,Retail,2,408.48,816.97,488.78,89.03,50.96
102956,2026-01-04,Northeast,MA,Lighting,Ember Floor Lamp,Wholesale,3,116.48,349.44,172.26,37.25,22.47
102924,2026-01-04,Northeast,NJ,Furniture,Drift Side Table,Online,2,153.54,307.08,201.17,35.9,14.82
102925,2026-01-04,Northeast,NY,Lighting,Ember Floor Lamp,Retail,2,117.05,234.1,127.52,27.65,8.49
103106,2026-01-05,Southeast,SC,Storage,Cascade Shelf,Wholesale,4,182.57,730.29,411.34,73.21,32.38
102908,2026-01-05,Northeast,NY,Furniture,Nimbus Chair,Online,4,309.71,1238.84,798.17,126.68,68.51
103003,2026-01-05,West,CA,Furniture,Aster Bookcase,Online,1,433.25,433.25,277.85,45.65,24.86
102945,2026-01-05,Northeast,MA,Furniture,Nimbus Chair,Online,2,344.68,689.36,402.18,92.93,44.42
103074,2026-01-05,South,GA,Lighting,Aria Desk Lamp,Retail,5,68.44,342.21,178.78,50.1,13.53
102954,2026-01-06,Northeast,NJ,Storage,Loop Bin Set,Retail,2,54.75,109.5,62.0,14.38,7.48
103052,2026-01-06,South,AL,Furniture,Drift Side Table,Online,5,152.4,762.0,471.39,108.62,44.28
103089,2026-01-06,South,TX,Furniture,Nimbus Chair,Online,2,333.49,666.98,434.22,90.29,25.63
103044,2026-01-06,Midwest,MI,Furniture,Drift Side Table,Online,2,142.09,284.18,180.84,36.72,17.86
103085,2026-01-06,South,TX,Lighting,Halo Monitor Arm,Online,1,95.44,95.44,46.92,14.28,3.45
103068,2026-01-06,South,GA,Lighting,Ember Floor Lamp,Online,5,112.22,561.1,289.89,85.25,24.35
102967,2026-01-07,Northeast,PA,Lighting,Halo Monitor Arm,Wholesale,2,85.07,170.14,89.87,21.51,7.64
102929,2026-01-07,Northeast,PA,Furniture,Nimbus Chair,Retail,3,328.86,986.57,591.57,129.39,68.26
102982,2026-01-07,West,CA,Furniture,Aster Bookcase,Online,2,419.41,838.82,535.61,85.18,45.63
103124,2026-01-07,Southwest,AZ,Lighting,Aria Desk Lamp,Wholesale,4,70.35,281.39,154.61,31.71,11.44
103120,2026-01-07,Southwest,AZ,Furniture,Drift Side Table,Online,5,147.2,735.98,480.46,86.01,45.99
102953,2026-01-07,Northeast,NJ,Lighting,Aria Desk Lamp,Retail,4,67.7,270.79,137.14,28.2,9.97
102934,2026-01-07,Northeast,NJ,Furniture,Nimbus Chair,Online,1,317.22,317.22,193.76,33.6,20.56
102918,2026-01-08,Northeast,PA,Furniture,Aster Bookcase,Wholesale,4,393.34,1573.35,998.46,169.69,52.83
102957,2026-01-08,Northeast,PA,Storage,Vault Cabinet,Retail,3,251.99,755.97,429.64,79.34,32.41
103002,2026-01-08,West,CA,Lighting,Ember Floor Lamp,Retail,3,117.49,352.46,180.12,49.44,11.33
102927,2026-01-08,Northeast,NJ,Lighting,Aria Desk Lamp,Wholesale,1,68.0,68.0,36.38,8.04,3.37
103055,2026-01-09,South,GA,Furniture,Drift Side Table,Online,5,148.44,742.21,484.11,101.53,29.06
103051,2026-01-09,South,TN,Furniture,Drift Side Table,Online,1,145.66,145.66,90.5,21.79,10.09
103015,2026-01-09,Midwest,WI,Storage,Vault Cabinet,Retail,2,255.01,510.03,288.31,61.06,26.53
102986,2026-01-09,West,CA,Storage,Vault Cabinet,Online,1,276.89,276.89,167.58,31.96,15.08
102932,2026-01-09,Northeast,PA,Furniture,Aster Bookcase,Wholesale,4,432.22,1728.88,1025.38,243.52,93.67
103098,2026-01-09,Southeast,NC,Lighting,Aria Desk Lamp,Online,5,72.48,362.38,197.67,41.03,16.36
103029,2026-01-09,Midwest,IL,Furniture,Drift Side Table,Retail,2,148.07,296.13,179.51,42.34,10.68
103030,2026-01-09,Midwest,WI,Storage,Vault Cabinet,Online,3,266.81,800.42,486.95,89.17,45.24
103112,2026-01-09,Southeast,FL,Lighting,Ember Floor Lamp,Online,4,117.95,471.82,259.27,67.91,21.58
103034,2026-01-09,Midwest,IL,Furniture,Aster Bookcase,Wholesale,4,434.28,1737.11,1070.83,185.73,62.73
103048,2026-01-09,Midwest,MI,Storage,Loop Bin Set,Retail,3,55.22,165.67,96.82,23.97,10.31
103038,2026-01-10,Midwest,MI,Furniture,Nimbus Chair,Retail,1,345.08,345.08,207.66,34.67,20.71
103108,2026-01-10,Southeast,NC,Storage,Cascade Shelf,Online,3,185.13,555.4,326.84,56.43,20.85
102939,2026-01-10,Northeast,PA,Lighting,Aria Desk Lamp,Wholesale,5,68.48,342.39,179.35,40.24,18.44
103024,2026-01-10,Midwest,IL,Furniture,Drift Side Table,Wholesale,2,143.53,287.06,171.49,35.8,12.26
103101,2026-01-10,Southeast,FL,Storage,Vault Cabinet,Online,3,272.3,816.89,448.94,121.62,29.47
103094,2026-01-10,Southeast,NC,Furniture,Nimbus Chair,Wholesale,3,327.78,983.34,630.64,102.42,65.74
102974,2026-01-10,West,CA,Lighting,Aria Desk Lamp,Online,5,67.76,338.82,174.83,50.25,16.3
103035,2026-01-11,Midwest,IL,Lighting,Halo Monitor Arm,Online,5,91.89,459.43,235.43,49.4,29.37
102994,2026-01-11,West,OR,Storage,Loop Bin Set,Online,2,53.83,107.65,60.09,17.09,3.5
102995,2026-01-11,West,WA,Storage,Cascade Shelf,Online,1,178.43,178.43,109.63,22.75,6.21
103123,2026-01-11,Southwest,OK,Furniture,Aster Bookcase,Online,4,409.11,1636.43,1015.76,195.24,50.16
103043,2026-01-11,Midwest,WI,Furniture,Aster Bookcase,Online,2,396.89,793.78,491.64,83.64,46.57
103018,2026-01-11,Midwest,OH,Furniture,Drift Side Table,Online,3,150.0,450.01,281.93,69.93,25.6
103088,2026-01-11,South,TX,Storage,Vault Cabinet,Retail,5,279.74,1398.69,821.77,156.47,46.73
102915,2026-01-11,Northeast,NJ,Furniture,Aster Bookcase,Retail,4,410.2,1640.78,1059.55,214.81,96.26
103011,2026-01-11,West,NV,Furniture,Drift Side Table,Retail,1,141.03,141.03,89.02,22.44,7.49
102980,2026-01-11,West,NV,Storage,Cascade Shelf,Online,5,190.69,953.46,554.91,131.85,54.33
102951,2026-01-11,Northeast,PA,Furniture,Aster Bookcase,Retail,4,420.39,1681.55,1061.76,205.11,71.87
103093,2026-01-11,Southeast,VA,Furniture,Nimbus Chair,Online,1,331.81,331.81,207.27,38.09,16.24
103070,2026-01-12,South,TX,Lighting,Aria Desk Lamp,Wholesale,5,73.39,366.94,190.1,55.51,20.38
102968,2026-01-12,Northeast,NY,Furniture,Nimbus Chair,Online,1,321.7,321.7,200.56,41.13,15.07
102979,2026-01-12,West,OR,Furniture,Drift Side Table,Wholesale,3,139.83,419.49,257.57,51.09,22.31
103086,2026-01-12,South,TN,Furniture,Nimbus Chair,Online,5,329.44,1647.22,989.79,213.57,71.46
103019,2026-01-12,Midwest,IL,Furniture,Drift Side Table,Online,5,138.79,693.94,427.51,95.91,35.56
103079,2026-01-13,South,GA,Lighting,Halo Monitor Arm,Retail,1,87.36,87.36,44.01,9.74,5.63
103065,2026-01-13,South,TX,Lighting,Halo Monitor Arm,Wholesale,1,86.52,86.52,43.83,13.74,4.24
103104,2026-01-13,Southeast,VA,Furniture,Aster Bookcase,Wholesale,3,393.99,1181.98,689.63,158.85,35.94
103057,2026-01-13,South,AL,Lighting,Aria Desk Lamp,Online,4,65.86,263.46,143.7,27.05,8.68
103122,2026-01-13,Southwest,AZ,Furniture,Drift Side Table,Online,1,155.57,155.57,94.42,16.85,8.0
103072,2026-01-13,South,TN,Lighting,Halo Monitor Arm,Retail,1,89.29,89.29,44.42,12.94,5.71
102944,2026-01-13,Northeast,NJ,Lighting,Ember Floor Lamp,Online,3,118.85,356.54,195.73,36.13,17.82
102990,2026-01-13,West,NV,Furniture,Drift Side Table,Wholesale,5,143.08,715.39,434.6,113.18,26.93
103036,2026-01-13,Midwest,OH,Furniture,Aster Bookcase,Online,1,428.18,428.18,265.97,44.88,22.36
103028,2026-01-13,Midwest,WI,Storage,Cascade Shelf,Retail,3,183.22,549.67,330.17,57.09,32.17
102978,2026-01-14,West,CA,Storage,Cascade Shelf,Online,5,188.36,941.8,578.55,109.79,44.77
102971,2026-01-14,West,OR,Furniture,Drift Side Table,Retail,3,146.62,439.85,288.78,44.72,20.16
103118,2026-01-14,Southwest,AZ,Furniture,Drift Side Table,Wholesale,4,146.85,587.41,342.44,63.34,23.96
103054,2026-01-14,South,AL,Furniture,Aster Bookcase,Wholesale,2,434.06,868.11,537.09,99.89,44.27
103076,2026-01-14,South,GA,Storage,Cascade Shelf,Retail,5,171.68,858.41,488.37,98.22,54.27
102937,2026-01-14,Northeast,PA,Furniture,Drift Side Table,Online,2,146.49,292.98,175.06,39.8,11.59
103013,2026-01-14,West,WA,Storage,Cascade Shelf,Wholesale,2,179.03,358.07,211.93,54.87,23.22
102936,2026-01-14,Northeast,NY,Lighting,Ember Floor Lamp,Retail,1,118.57,118.57,60.18,15.43,3.62
103027,2026-01-15,Midwest,WI,Furniture,Nimbus Chair,Online,1,315.81,315.81,205.05,42.53,18.76
102985,2026-01-15,West,NV,Lighting,Aria Desk Lamp,Online,3,70.22,210.65,107.51,28.71,11.05
103066,2026-01-15,South,GA,Lighting,Ember Floor Lamp,Online,4,109.26,437.02,219.91,49.84,23.74
102935,2026-01-15,Northeast,NY,Furniture,Drift Side Table,Online,1,146.7,146.7,96.25,22.1,8.88
102942,2026-01-15,Northeast,NJ,Furniture,Drift Side Table,Online,2,147.39,294.78,172.08,30.89,12.68
102962,2026-01-15,Northeast,PA,Furniture,Drift Side Table,Retail,2,156.52,313.04,194.46,49.45,11.2
103083,2026-01-15,South,AL,Lighting,Halo Monitor Arm,Online,4,85.58,342.33,171.62,40.47,19.64
103010,2026-01-15,West,WA,Storage,Loop Bin Set,Retail,4,52.73,210.93,120.61,28.18,7.24
103062,2026-01-16,South,TX,Lighting,Halo Monitor Arm,Online,5,87.83,439.15,223.44,57.03,14.55
102952,2026-01-16,Northeast,NJ,Furniture,Nimbus Chair,Online,3,316.48,949.43,568.1,104.34,60.73
102960,2026-01-16,Northeast,NJ,Storage,Cascade Shelf,Online,3,177.41,532.23,296.87,59.14,23.5
103023,2026-01-16,Midwest,MI,Furniture,Aster Bookcase,Retail,1,412.08,412.08,269.44,58.24,28.63
103042,2026-01-16,Midwest,OH,Lighting,Aria Desk Lamp,Online,2,70.34,140.68,76.84,20.91,7.01
102993,2026-01-16,West,OR,Lighting,Halo Monitor Arm,Retail,2,93.28,186.56,93.63,19.0,11.64
103073,2026-01-16,South,TX,Lighting,Ember Floor Lamp,Online,5,110.15,550.75,294.0,60.43,37.19
103025,2026-01-17,Midwest,IL,Lighting,Aria Desk Lamp,Retail,5,65.83,329.13,165.43,39.02,17.5
103020,2026-01-17,Midwest,MI,Storage,Loop Bin Set,Retail,3,52.93,158.8,92.14,20.09,8.12
103102,2026-01-17,Southeast,FL,Storage,Cascade Shelf,Online,2,183.67,367.33,214.13,44.82,17.41
102984,2026-01-17,West,OR,Lighting,Ember Floor Lamp,Retail,2,109.27,218.55,117.96,29.63,12.61
102928,2026-01-17,Northeast,NY,Storage,Cascade Shelf,Retail,5,187.63,938.13,519.26,93.83,41.62
102996,2026-01-17,West,WA,Storage,Cascade Shelf,Online,2,172.7,345.4,210.39,34.89,20.38
103053,2026-01-17,South,AL,Storage,Cascade Shelf,Online,4,190.3,761.18,450.05,111.45,48.99
103004,2026-01-18,West,CA,Furniture,Nimbus Chair,Online,5,311.61,1558.03,1016.07,233.31,64.55
103071,2026-01-18,South,GA,Storage,Vault Cabinet,Online,4,257.58,1030.31,611.63,132.77,32.72
103115,2026-01-18,Southwest,AZ,Furniture,Nimbus Chair,Online,1,340.32,340.32,214.18,48.41,11.84
103091,2026-01-18,Southeast,NC,Furniture,Nimbus Chair,Retail,2,345.27,690.55,441.11,74.42,46.29
103109,2026-01-18,Southeast,SC,Furniture,Aster Bookcase,Retail,4,416.66,1666.64,975.17,256.83,104.95
102963,2026-01-18,Northeast,NY,Furniture,Drift Side Table,Retail,5,137.83,689.14,419.49,95.83,35.76
102949,2026-01-18,Northeast,NY,Furniture,Nimbus Chair,Wholesale,1,312.66,312.66,194.81,38.34,17.63
102958,2026-01-18,Northeast,MA,Lighting,Ember Floor Lamp,Wholesale,5,109.17,545.84,289.4,82.87,28.55
103117,2026-01-19,Southwest,OK,Storage,Vault Cabinet,Online,4,256.6,1026.42,561.95,144.46,50.33
103039,2026-01-19,Midwest,MI,Lighting,Ember Floor Lamp,Online,5,106.71,533.54,271.78,55.4,22.43
102999,2026-01-19,West,OR,Lighting,Ember Floor Lamp,Wholesale,3,115.01,345.03,170.1,41.64,19.02
102973,2026-01-19,West,WA,Lighting,Ember Floor Lamp,Online,4,120.87,483.47,262.47,72.66,30.31
103007,2026-01-19,West,WA,Storage,Vault Cabinet,Retail,2,260.83,521.66,304.25,59.6,29.48
103008,2026-01-19,West,WA,Furniture,Nimbus Chair,Wholesale,1,344.26,344.26,203.95,49.61,13.37
102988,2026-01-20,West,NV,Lighting,Aria Desk Lamp,Retail,4,71.94,287.75,143.25,34.92,17.64
102976,2026-01-20,West,WA,Lighting,Halo Monitor Arm,Wholesale,3,95.84,287.52,142.71,29.87,10.9
103090,2026-01-20,Southeast,NC,Furniture,Aster Bookcase,Wholesale,5,401.77,2008.85,1290.21,202.14,99.1
103096,2026-01-20,Southeast,NC,Furniture,Nimbus Chair,Retail,3,313.66,940.97,606.43,133.87,42.76
102946,2026-01-20,Northeast,MA,Lighting,Halo Monitor Arm,Retail,4,85.32,341.27,176.9,46.11,23.55
103095,2026-01-20,Southeast,NC,Furniture,Nimbus Chair,Online,5,324.58,1622.88,1056.7,243.57,95.58
103060,2026-01-21,South,AL,Furniture,Drift Side Table,Online,4,149.57,598.27,368.51,68.17,20.01
103105,2026-01-21,Southeast,VA,Furniture,Aster Bookcase,Online,5,413.86,2069.3,1347.22,275.02,120.51
102919,2026-01-21,Northeast,MA,Furniture,Aster Bookcase,Online,3,420.17,1260.52,826.67,146.67,44.77
102931,2026-01-21,Northeast,NY,Storage,Vault Cabinet,Online,5,273.69,1368.43,830.16,196.72,93.5
103050,2026-01-21,Midwest,IL,Lighting,Halo Monitor Arm,Retail,5,85.52,427.61,221.26,52.58,24.47
102966,2026-01-21,Northeast,MA,Furniture,Drift Side Table,Retail,3,138.31,414.93,258.53,61.22,22.26
103061,2026-01-21,South,TN,Furniture,Aster Bookcase,Wholesale,2,405.38,810.76,480.54,115.52,47.79
102907,2026-01-21,Northeast,NJ,Furniture,Nimbus Chair,Online,4,334.08,1336.33,791.96,210.67,43.87
103116,2026-01-21,Southwest,OK,Furniture,Nimbus Chair,Retail,4,342.67,1370.68,831.4,194.9,71.67
102947,2026-01-21,Northeast,PA,Lighting,Ember Floor Lamp,Online,4,112.69,450.75,238.92,64.12,24.48
103017,2026-01-21,Midwest,OH,Storage,Cascade Shelf,Online,4,184.14,736.56,406.04,104.91,22.82
102943,2026-01-21,Northeast,NY,Furniture,Nimbus Chair,Wholesale,3,333.85,1001.56,603.53,146.35,40.95
103121,2026-01-21,Southwest,AZ,Furniture,Drift Side Table,Wholesale,1,153.9,153.9,91.61,22.07,7.88
103082,2026-01-22,South,TN,Furniture,Nimbus Chair,Retail,4,305.57,1222.29,715.96,140.54,40.44
102930,2026-01-22,Northeast,MA,Lighting,Halo Monitor Arm,Retail,5,88.96,444.81,236.54,68.43,21.19
102961,2026-01-22,Northeast,PA,Furniture,Drift Side Table,Online,1,137.96,137.96,82.42,16.92,8.03
102969,2026-01-22,West,OR,Lighting,Ember Floor Lamp,Retail,1,117.49,117.49,63.95,12.52,6.34
103001,2026-01-23,West,NV,Furniture,Aster Bookcase,Online,5,436.87,2184.36,1421.51,259.5,94.25
103119,2026-01-23,Southwest,AZ,Lighting,Aria Desk Lamp,Wholesale,2,65.65,131.29,67.08,20.03,7.37
103125,2026-01-23,Southwest,OK,Lighting,Halo Monitor Arm,Online,1,89.67,89.67,48.07,12.28,4.2
102933,2026-01-23,Northeast,MA,Furniture,Drift Side Table,Online,2,154.43,308.87,194.32,48.9,17.56
103032,2026-01-23,Midwest,WI,Storage,Loop Bin Set,Retail,1,54.33,54.33,30.22,6.52,3.36
103022,2026-01-23,Midwest,MI,Lighting,Halo Monitor Arm,Online,5,88.84,444.2,229.06,59.22,30.5
102911,2026-01-23,Northeast,MA,Lighting,Aria Desk Lamp,Wholesale,3,69.36,208.08,105.82,29.57,11.64
102977,2026-01-24,West,NV,Furniture,Nimbus Chair,Online,5,342.47,1712.37,1104.45,210.02,111.07
102972,2026-01-24,West,OR,Storage,Vault Cabinet,Retail,4,280.25,1120.98,617.09,130.61,59.81
102983,2026-01-24,West,OR,Furniture,Drift Side Table,Wholesale,1,145.11,145.11,87.94,18.09,7.65
103069,2026-01-24,South,GA,Furniture,Drift Side Table,Retail,5,142.48,712.4,465.62,79.35,42.0
103107,2026-01-24,Southeast,FL,Furniture,Drift Side Table,Wholesale,1,146.59,146.59,88.42,21.96,6.75
102912,2026-01-24,Northeast,NY,Storage,Vault Cabinet,Wholesale,2,247.22,494.43,292.96,58.99,23.21
102914,2026-01-24,Northeast,NJ,Lighting,Halo Monitor Arm,Online,2,89.07,178.14,87.27,27.86,7.9
103009,2026-01-24,West,CA,Lighting,Aria Desk Lamp,Online,4,67.01,268.03,136.36,36.41,9.71
102941,2026-01-24,Northeast,NJ,Storage,Vault Cabinet,Online,5,272.03,1360.14,798.31,196.45,51.97
102965,2026-01-25,Northeast,NJ,Furniture,Aster Bookcase,Online,4,409.86,1639.44,971.37,242.39,50.1
103103,2026-01-25,Southeast,FL,Lighting,Aria Desk Lamp,Retail,2,69.58,139.17,71.07,14.67,4.21
102959,2026-01-25,Northeast,MA,Furniture,Aster Bookcase,Retail,2,432.29,864.59,541.4,100.39,34.27
103041,2026-01-25,Midwest,WI,Lighting,Aria Desk Lamp,Retail,5,67.16,335.82,182.88,52.66,15.38
103000,2026-01-25,West,CA,Furniture,Nimbus Chair,Online,4,311.9,1247.6,808.42,175.73,63.38
102987,2026-01-25,West,NV,Lighting,Halo Monitor Arm,Online,5,93.6,467.99,235.35,64.08,28.11
103078,2026-01-25,South,AL,Furniture,Drift Side Table,Retail,5,150.5,752.5,465.04,99.98,30.84
103047,2026-01-25,Midwest,WI,Furniture,Nimbus Chair,Online,1,326.51,326.51,201.23,46.36,11.73
103063,2026-01-25,South,TN,Lighting,Halo Monitor Arm,Retail,5,93.77,468.85,250.54,60.79,21.6
102913,2026-01-25,Northeast,NY,Storage,Loop Bin Set,Wholesale,3,52.31,156.94,88.56,20.76,7.46
103056,2026-01-26,South,GA,Lighting,Aria Desk Lamp,Retail,3,67.34,202.03,104.96,25.55,9.83
102922,2026-01-26,Northeast,NJ,Storage,Loop Bin Set,Online,2,56.39,112.79,65.12,17.17,6.79
103111,2026-01-26,Southeast,SC,Furniture,Nimbus Chair,Online,4,337.05,1348.2,848.61,176.11,94.33
103097,2026-01-26,Southeast,NC,Lighting,Ember Floor Lamp,Online,2,108.67,217.33,109.3,30.58,12.95
103006,2026-01-26,West,WA,Storage,Loop Bin Set,Wholesale,3,51.84,155.53,94.3,22.57,10.77
102909,2026-01-26,Northeast,NJ,Lighting,Halo Monitor Arm,Online,3,88.89,266.67,143.42,41.43,15.83
102998,2026-01-26,West,CA,Lighting,Ember Floor Lamp,Wholesale,3,109.51,328.53,173.76,46.42,12.79
103114,2026-01-27,Southwest,AZ,Storage,Cascade Shelf,Retail,3,183.81,551.43,333.43,77.5,30.61
102981,2026-01-27,West,OR,Furniture,Nimbus Chair,Online,3,332.81,998.44,608.2,134.92,63.41
103084,2026-01-27,South,GA,Furniture,Aster Bookcase,Wholesale,5,390.73,1953.63,1160.38,239.61,134.63
103046,2026-01-27,Midwest,MI,Storage,Cascade Shelf,Wholesale,5,186.06,930.3,550.28,95.63,45.04
102991,2026-01-28,West,WA,Lighting,Aria Desk Lamp,Online,5,71.75,358.73,181.22,56.17,14.28
103005,2026-01-28,West,NV,Furniture,Nimbus Chair,Online,1,313.2,313.2,183.0,47.86,9.91
103099,2026-01-28,Southeast,FL,Storage,Loop Bin Set,Wholesale,4,57.14,228.57,135.74,33.87,8.93
103064,2026-01-28,South,TX,Furniture,Aster Bookcase,Retail,1,419.46,419.46,252.83,61.76,16.87
103081,2026-01-28,South,TN,Lighting,Ember Floor Lamp,Online,1,113.88,113.88,56.45,16.97,5.89
103037,2026-01-28,Midwest,MI,Lighting,Aria Desk Lamp,Online,4,66.54,266.15,130.69,28.46,11.0
103127,2026-01-28,Southwest,OK,Storage,Vault Cabinet,Retail,5,261.45,1307.24,741.93,173.12,74.62
102989,2026-01-29,West,CA,Furniture,Drift Side Table,Retail,3,152.32,456.96,272.26,53.96,19.25
103031,2026-01-29,Midwest,MI,Storage,Cascade Shelf,Wholesale,1,184.51,184.51,112.46,18.98,12.32
102938,2026-01-29,Northeast,PA,Furniture,Drift Side Table,Online,4,150.13,600.51,386.46,67.49,30.79
102955,2026-01-29,Northeast,NY,Furniture,Nimbus Chair,Online,3,306.65,919.94,558.74,103.39,56.98
102970,2026-01-29,West,CA,Furniture,Aster Bookcase,Online,1,412.81,412.81,255.73,48.99,19.55
102920,2026-01-30,Northeast,PA,Furniture,Drift Side Table,Retail,2,145.7,291.4,184.97,31.88,9.28
102940,2026-01-30,Northeast,NJ,Furniture,Nimbus Chair,Retail,3,315.83,947.5,617.67,107.38,61.96
102916,2026-01-30,Northeast,PA,Furniture,Aster Bookcase,Online,4,398.57,1594.28,954.69,229.14,54.29
103016,2026-01-30,Midwest,MI,Furniture,Aster Bookcase,Online,2,419.15,838.3,491.74,120.04,52.03
103110,2026-01-30,Southeast,NC,Furniture,Drift Side Table,Wholesale,3,143.56,430.68,263.69,66.63,23.27
103075,2026-01-30,South,TX,Storage,Vault Cabinet,Online,4,272.23,1088.93,599.21,151.17,39.2
103080,2026-01-30,South,TX,Lighting,Aria Desk Lamp,Wholesale,2,72.08,144.15,75.56,17.06,7.44
102921,2026-01-30,Northeast,PA,Storage,Vault Cabinet,Retail,2,257.67,515.34,286.83,79.44,22.09
103021,2026-01-31,Midwest,IL,Lighting,Halo Monitor Arm,Online,2,94.43,188.87,101.06,28.43,10.52
103113,2026-01-31,Southwest,AZ,Furniture,Aster Bookcase,Retail,1,410.63,410.63,258.86,64.57,28.59
102950,2026-01-31,Northeast,PA,Furniture,Drift Side Table,Wholesale,5,143.99,719.97,441.8,103.7,37.53
102926,2026-01-31,Northeast,MA,Storage,Vault Cabinet,Online,1,249.02,249.02,143.28,35.14,11.11
103077,2026-01-31,South,TN,Storage,Loop Bin Set,Online,1,53.2,53.2,29.33,7.97,3.58
103182,2026-02-01,Northeast,NY,Storage,Loop Bin Set,Online,1,55.54,55.54,32.64,5.74,2.5
103209,2026-02-01,West,NV,Storage,Loop Bin Set,Online,2,57.1,114.2,64.41,16.11,7.08
103211,2026-02-01,West,OR,Storage,Vault Cabinet,Wholesale,1,249.95,249.95,147.18,38.51,7.89
103215,2026-02-01,West,WA,Lighting,Aria Desk Lamp,Online,4,68.64,274.56,147.37,29.25,14.39
103134,2026-02-01,Northeast,PA,Furniture,Nimbus Chair,Wholesale,5,323.39,1616.94,984.44,187.38,56.15
103314,2026-02-01,Southwest,AZ,Lighting,Halo Monitor Arm,Wholesale,2,87.23,174.45,87.0,22.07,6.07
103163,2026-02-01,Northeast,PA,Lighting,Halo Monitor Arm,Online,2,91.73,183.46,94.2,28.27,8.24
103306,2026-02-02,Southwest,NM,Furniture,Nimbus Chair,Retail,3,316.73,950.18,611.82,121.45,52.41
103291,2026-02-02,Southeast,NC,Furniture,Nimbus Chair,Retail,3,328.05,984.16,601.93,130.88,54.19
103288,2026-02-02,Southeast,NC,Lighting,Halo Monitor Arm,Retail,4,94.69,378.76,205.3,55.57,18.48
103248,2026-02-02,Midwest,MI,Furniture,Aster Bookcase,Online,3,393.24,1179.72,729.01,135.48,79.32
103225,2026-02-02,West,WA,Storage,Cascade Shelf,Wholesale,5,188.03,940.16,572.49,99.57,46.18
103317,2026-02-02,Southwest,OK,Storage,Loop Bin Set,Online,5,52.86,264.28,161.93,36.73,12.61
103149,2026-02-02,Northeast,NJ,Furniture,Nimbus Chair,Retail,3,328.22,984.66,575.82,145.85,53.18
103279,2026-02-03,South,AL,Furniture,Aster Bookcase,Retail,3,427.52,1282.55,830.65,167.87,86.73
103321,2026-02-03,Southwest,AZ,Furniture,Aster Bookcase,Wholesale,3,393.75,1181.25,718.05,159.97,60.54
103320,2026-02-03,Southwest,NM,Storage,Cascade Shelf,Wholesale,5,193.49,967.45,545.72,115.29,54.3
103312,2026-02-03,Southwest,OK,Storage,Loop Bin Set,Retail,4,54.65,218.62,124.34,34.98,13.42
103141,2026-02-03,Northeast,NY,Furniture,Nimbus Chair,Online,3,322.11,966.34,624.96,153.68,42.73
103145,2026-02-03,Northeast,NY,Lighting,Halo Monitor Arm,Online,5,89.62,448.11,219.92,45.94,25.84
103130,2026-02-03,Northeast,PA,Storage,Loop Bin Set,Wholesale,2,55.36,110.71,66.17,16.05,6.82
103273,2026-02-04,South,AL,Storage,Loop Bin Set,Online,1,57.29,57.29,34.04,6.03,2.06
103197,2026-02-04,West,CA,Storage,Cascade Shelf,Wholesale,3,173.52,520.56,318.68,60.03,25.87
103140,2026-02-04,Northeast,NY,Storage,Cascade Shelf,Online,2,178.46,356.93,209.59,48.81,14.05
103146,2026-02-04,Northeast,NJ,Furniture,Nimbus Chair,Retail,1,308.67,308.67,189.26,45.27,21.28
103160,2026-02-04,Northeast,MA,Furniture,Aster Bookcase,Online,1,401.12,401.12,243.94,63.53,19.62
103194,2026-02-04,West,OR,Lighting,Halo Monitor Arm,Online,3,92.19,276.58,142.01,40.36,17.11
103212,2026-02-04,West,WA,Storage,Cascade Shelf,Wholesale,4,190.85,763.39,419.97,117.99,46.22
103154,2026-02-04,Northeast,PA,Furniture,Aster Bookcase,Online,5,424.32,2121.6,1258.02,302.24,140.28
103180,2026-02-04,Northeast,MA,Furniture,Nimbus Chair,Online,1,333.95,333.95,207.98,39.81,16.41
103267,2026-02-04,South,GA,Furniture,Drift Side Table,Wholesale,1,148.08,148.08,90.8,16.92,7.75
103208,2026-02-05,West,OR,Furniture,Drift Side Table,Wholesale,5,138.55,692.75,405.97,85.64,27.94
103300,2026-02-05,Southeast,SC,Storage,Cascade Shelf,Retail,5,194.18,970.92,584.08,129.94,45.93
103272,2026-02-05,South,AL,Lighting,Ember Floor Lamp,Wholesale,3,111.13,333.39,181.83,46.05,15.02
103252,2026-02-05,Midwest,WI,Furniture,Aster Bookcase,Wholesale,2,425.36,850.72,503.66,101.03,52.62
103322,2026-02-05,Southwest,AZ,Storage,Loop Bin Set,Online,4,56.84,227.36,135.72,24.83,14.41
103196,2026-02-06,West,NV,Furniture,Drift Side Table,Wholesale,4,150.22,600.87,371.49,85.3,35.09
103178,2026-02-06,Northeast,NY,Furniture,Aster Bookcase,Online,5,442.25,2211.27,1300.42,321.14,113.04
103287,2026-02-06,Southeast,SC,Storage,Cascade Shelf,Retail,5,183.3,916.49,549.19,133.65,55.3
103142,2026-02-06,Northeast,MA,Lighting,Ember Floor Lamp,Wholesale,5,106.79,533.96,279.55,70.69,21.21
103307,2026-02-06,Southwest,NM,Storage,Vault Cabinet,Retail,3,252.76,758.27,454.71,114.96,44.36
103311,2026-02-07,Southwest,AZ,Furniture,Aster Bookcase,Online,5,420.11,2100.56,1363.53,275.6,77.46
103246,2026-02-07,Midwest,IL,Furniture,Drift Side Table,Online,3,144.12,432.37,263.09,64.29,17.22
103214,2026-02-07,West,OR,Lighting,Aria Desk Lamp,Retail,2,72.09,144.18,75.35,14.5,4.59
103188,2026-02-07,West,NV,Lighting,Halo Monitor Arm,Wholesale,5,92.58,462.92,227.2,67.71,28.18
103205,2026-02-08,West,OR,Furniture,Drift Side Table,Wholesale,1,142.4,142.4,88.09,20.59,4.33
103258,2026-02-08,Midwest,OH,Storage,Cascade Shelf,Online,1,174.7,174.7,96.63,26.83,9.98
103222,2026-02-08,West,WA,Furniture,Drift Side Table,Online,3,155.74,467.23,304.17,58.55,19.1
103308,2026-02-08,Southwest,OK,Storage,Cascade Shelf,Online,2,176.6,353.19,198.28,37.19,24.41
103289,2026-02-09,Southeast,NC,Lighting,Ember Floor Lamp,Online,4,116.42,465.69,253.41,72.75,21.46
103234,2026-02-09,Midwest,WI,Storage,Cascade Shelf,Online,5,181.74,908.68,512.9,104.65,34.74
103237,2026-02-09,Midwest,WI,Furniture,Aster Bookcase,Online,4,423.32,1693.26,1051.91,170.63,97.75
103242,2026-02-09,Midwest,MI,Furniture,Drift Side Table,Retail,3,143.27,429.81,262.44,43.54,18.4
103262,2026-02-09,Midwest,IL,Storage,Vault Cabinet,Retail,3,277.23,831.7,497.37,100.81,57.1
103261,2026-02-09,Midwest,IL,Furniture,Nimbus Chair,Online,4,314.29,1257.14,790.65,134.57,55.07
103259,2026-02-09,Midwest,MI,Storage,Vault Cabinet,Wholesale,5,264.32,1321.62,753.71,184.29,90.02
103167,2026-02-10,Northeast,NY,Furniture,Nimbus Chair,Online,1,317.72,317.72,191.94,45.21,19.02
103161,2026-02-10,Northeast,NY,Furniture,Nimbus Chair,Online,5,325.38,1626.89,1029.89,210.99,89.43
103277,2026-02-10,South,GA,Furniture,Drift Side Table,Online,1,143.59,143.59,91.59,21.12,5.64
103216,2026-02-10,West,CA,Lighting,Aria Desk Lamp,Wholesale,3,69.92,209.75,104.29,21.74,12.39
103278,2026-02-10,South,GA,Furniture,Aster Bookcase,Online,1,441.93,441.93,260.04,65.12,21.19
103158,2026-02-10,Northeast,NY,Storage,Loop Bin Set,Retail,2,54.62,109.24,65.0,13.88,4.04
103233,2026-02-10,Midwest,WI,Lighting,Ember Floor Lamp,Online,1,107.93,107.93,58.89,12.03,6.32
103173,2026-02-10,Northeast,PA,Furniture,Nimbus Chair,Online,2,310.05,620.11,379.7,63.73,22.2
103217,2026-02-10,West,WA,Storage,Vault Cabinet,Retail,4,280.0,1120.02,630.56,156.8,63.88
103148,2026-02-10,Northeast,PA,Lighting,Ember Floor Lamp,Wholesale,5,118.97,594.87,310.36,92.99,22.83
103250,2026-02-11,Midwest,OH,Furniture,Drift Side Table,Wholesale,4,149.05,596.22,374.55,62.22,18.11
103153,2026-02-11,Northeast,NY,Lighting,Aria Desk Lamp,Wholesale,1,66.5,66.5,35.77,10.25,3.83
103240,2026-02-11,Midwest,OH,Storage,Loop Bin Set,Online,3,55.88,167.64,96.88,18.75,9.65
103199,2026-02-11,West,WA,Furniture,Aster Bookcase,Wholesale,2,439.65,879.3,576.56,112.31,38.66
103260,2026-02-11,Midwest,OH,Storage,Cascade Shelf,Wholesale,4,176.19,704.77,414.85,99.14,35.67
103131,2026-02-11,Northeast,PA,Storage,Vault Cabinet,Wholesale,2,259.29,518.58,304.66,64.67,19.74
103132,2026-02-12,Northeast,NY,Lighting,Aria Desk Lamp,Online,5,67.17,335.86,174.25,39.4,19.31
103221,2026-02-12,West,WA,Furniture,Aster Bookcase,Online,4,422.62,1690.48,1100.25,225.16,110.82
103227,2026-02-12,West,OR,Furniture,Nimbus Chair,Retail,5,336.16,1680.82,1060.86,194.54,56.25
103296,2026-02-12,Southeast,SC,Storage,Loop Bin Set,Wholesale,4,57.3,229.2,125.12,32.09,7.8
103236,2026-02-12,Midwest,WI,Lighting,Ember Floor Lamp,Online,5,114.48,572.4,297.73,88.42,26.17
103174,2026-02-12,Northeast,NY,Furniture,Drift Side Table,Retail,1,141.11,141.11,85.44,18.89,8.43
103299,2026-02-12,Southeast,NC,Lighting,Aria Desk Lamp,Online,2,65.75,131.5,65.86,19.41,8.94
103263,2026-02-12,Midwest,IL,Furniture,Drift Side Table,Wholesale,5,147.06,735.3,463.2,78.52,45.75
103164,2026-02-13,Northeast,NJ,Lighting,Aria Desk Lamp,Wholesale,4,68.01,272.03,145.88,42.69,12.91
103224,2026-02-13,West,CA,Storage,Cascade Shelf,Retail,2,178.97,357.94,215.59,55.6,15.15
103244,2026-02-13,Midwest,OH,Lighting,Ember Floor Lamp,Retail,1,118.17,118.17,59.99,14.96,7.02
103152,2026-02-13,Northeast,PA,Lighting,Aria Desk Lamp,Wholesale,4,73.12,292.47,148.79,29.49,16.16
103230,2026-02-13,Midwest,MI,Lighting,Ember Floor Lamp,Online,5,110.42,552.1,298.36,66.77,30.5
103159,2026-02-13,Northeast,NJ,Lighting,Ember Floor Lamp,Wholesale,3,115.73,347.19,177.99,54.92,21.4
103305,2026-02-13,Southeast,FL,Furniture,Nimbus Chair,Retail,5,332.79,1663.95,1066.99,253.53,83.3
103137,2026-02-13,Northeast,NY,Lighting,Ember Floor Lamp,Online,5,108.91,544.53,272.02,81.05,34.07
103203,2026-02-13,West,WA,Furniture,Nimbus Chair,Wholesale,3,305.47,916.42,590.57,129.23,51.15
103292,2026-02-13,Southeast,NC,Storage,Cascade Shelf,Wholesale,2,191.47,382.94,209.51,52.18,25.33
103191,2026-02-13,West,OR,Furniture,Drift Side Table,Online,4,141.94,567.77,332.2,70.96,35.19
103297,2026-02-13,Southeast,SC,Storage,Loop Bin Set,Retail,2,53.88,107.76,63.66,15.84,6.5
103302,2026-02-13,Southeast,FL,Lighting,Halo Monitor Arm,Wholesale,2,89.14,178.28,96.74,19.92,12.34
103135,2026-02-14,Northeast,PA,Furniture,Drift Side Table,Online,3,156.28,468.85,291.56,47.53,20.25
103251,2026-02-14,Midwest,WI,Storage,Loop Bin Set,Online,2,54.43,108.85,62.26,12.05,5.91
103200,2026-02-14,West,NV,Furniture,Nimbus Chair,Online,5,315.14,1575.69,1004.39,229.78,93.93
103265,2026-02-14,South,AL,Lighting,Halo Monitor Arm,Wholesale,2,89.45,178.89,97.92,25.4,5.93
103139,2026-02-15,Northeast,NJ,Lighting,Aria Desk Lamp,Online,4,65.87,263.47,143.86,34.46,9.19
103319,2026-02-15,Southwest,OK,Lighting,Halo Monitor Arm,Online,2,88.53,177.06,88.58,26.52,9.07
103285,2026-02-15,Southeast,VA,Furniture,Nimbus Chair,Retail,3,331.07,993.21,615.27,114.19,44.19
103177,2026-02-15,Northeast,MA,Storage,Vault Cabinet,Wholesale,4,260.59,1042.34,617.95,125.07,39.39
103243,2026-02-15,Midwest,OH,Furniture,Aster Bookcase,Online,2,440.32,880.64,567.78,136.95,42.91
103241,2026-02-15,Midwest,MI,Furniture,Drift Side Table,Online,1,146.03,146.03,90.76,15.81,5.82
103249,2026-02-16,Midwest,MI,Furniture,Aster Bookcase,Online,1,400.13,400.13,235.17,60.54,26.05
103269,2026-02-16,South,GA,Furniture,Aster Bookcase,Online,3,399.73,1199.19,710.53,136.52,61.64
103189,2026-02-16,West,NV,Furniture,Nimbus Chair,Wholesale,3,335.01,1005.04,621.17,148.12,48.89
103316,2026-02-16,Southwest,AZ,Furniture,Drift Side Table,Online,1,141.1,141.1,91.56,15.68,5.51
103162,2026-02-16,Northeast,PA,Storage,Cascade Shelf,Retail,4,191.17,764.66,424.06,98.62,36.19
103185,2026-02-16,West,NV,Furniture,Nimbus Chair,Online,5,319.93,1599.65,1010.49,250.69,104.16
103281,2026-02-16,South,GA,Furniture,Aster Bookcase,Wholesale,4,422.99,1691.98,1010.02,189.82,54.23
103166,2026-02-17,Northeast,MA,Lighting,Aria Desk Lamp,Retail,2,71.14,142.28,70.85,16.41,7.91
103298,2026-02-17,Southeast,NC,Storage,Vault Cabinet,Wholesale,3,265.06,795.17,447.14,79.95,47.34
103256,2026-02-17,Midwest,OH,Furniture,Nimbus Chair,Online,1,323.17,323.17,191.02,34.41,18.91
103172,2026-02-17,Northeast,MA,Lighting,Aria Desk Lamp,Wholesale,2,71.6,143.19,71.39,16.54,9.7
103206,2026-02-17,West,WA,Furniture,Aster Bookcase,Retail,1,395.98,395.98,253.93,59.53,26.53
103193,2026-02-17,West,OR,Lighting,Halo Monitor Arm,Retail,3,84.98,254.95,134.27,27.5,13.16
103201,2026-02-17,West,CA,Lighting,Halo Monitor Arm,Online,1,93.27,93.27,51.31,9.48,2.92
103192,2026-02-17,West,WA,Furniture,Drift Side Table,Wholesale,4,140.74,562.94,362.1,80.74,36.65
103168,2026-02-18,Northeast,PA,Storage,Cascade Shelf,Online,1,178.29,178.29,97.41,20.03,9.53
103310,2026-02-18,Southwest,OK,Lighting,Halo Monitor Arm,Wholesale,4,93.06,372.25,193.54,39.55,11.74
103283,2026-02-19,South,GA,Lighting,Aria Desk Lamp,Retail,5,67.78,338.92,174.61,45.7,14.91
103179,2026-02-19,Northeast,PA,Lighting,Halo Monitor Arm,Wholesale,1,85.49,85.49,42.96,9.61,3.39
103144,2026-02-19,Northeast,NJ,Furniture,Nimbus Chair,Wholesale,1,338.19,338.19,198.69,53.39,23.22
103133,2026-02-19,Northeast,NJ,Furniture,Nimbus Chair,Online,2,306.57,613.15,398.67,89.42,39.61
103232,2026-02-19,Midwest,OH,Furniture,Nimbus Chair,Wholesale,3,340.54,1021.63,618.37,162.69,57.35
103238,2026-02-19,Midwest,WI,Furniture,Aster Bookcase,Online,3,399.74,1199.21,709.02,174.44,66.55
103138,2026-02-20,Northeast,NY,Lighting,Halo Monitor Arm,Online,2,93.88,187.77,92.83,28.37,11.0
103315,2026-02-20,Southwest,NM,Lighting,Ember Floor Lamp,Retail,5,117.29,586.45,322.81,89.61,36.84
103274,2026-02-20,South,GA,Lighting,Ember Floor Lamp,Online,2,119.03,238.06,120.23,25.62,9.62
103290,2026-02-20,Southeast,FL,Storage,Loop Bin Set,Retail,3,52.47,157.42,87.07,24.63,7.98
103147,2026-02-20,Northeast,MA,Lighting,Ember Floor Lamp,Wholesale,4,115.37,461.47,248.11,57.64,16.71
103226,2026-02-20,West,WA,Lighting,Ember Floor Lamp,Retail,1,117.14,117.14,61.51,12.66,4.45
103231,2026-02-20,Midwest,OH,Lighting,Halo Monitor Arm,Retail,2,85.92,171.84,87.41,23.09,6.26
103255,2026-02-21,Midwest,IL,Lighting,Halo Monitor Arm,Online,3,87.55,262.64,137.42,39.05,9.85
103170,2026-02-21,Northeast,PA,Furniture,Drift Side Table,Online,3,141.86,425.58,273.87,46.33,22.37
103171,2026-02-21,Northeast,NJ,Storage,Loop Bin Set,Online,2,56.43,112.86,61.53,13.28,7.79
103309,2026-02-21,Southwest,AZ,Furniture,Nimbus Chair,Online,2,318.92,637.85,386.23,76.72,39.83
103181,2026-02-21,Northeast,NY,Storage,Loop Bin Set,Online,2,56.85,113.71,62.57,16.04,5.28
103183,2026-02-21,West,WA,Lighting,Aria Desk Lamp,Online,4,65.91,263.64,132.83,31.2,11.52
103190,2026-02-21,West,WA,Storage,Vault Cabinet,Wholesale,4,278.66,1114.63,683.67,157.78,44.05
103210,2026-02-21,West,NV,Furniture,Nimbus Chair,Retail,1,326.93,326.93,197.17,49.8,21.78
103143,2026-02-21,Northeast,NJ,Storage,Vault Cabinet,Retail,4,250.24,1000.95,606.41,137.68,37.98
103218,2026-02-21,West,OR,Lighting,Ember Floor Lamp,Online,3,112.47,337.4,180.66,50.21,14.28
103280,2026-02-21,South,TN,Storage,Vault Cabinet,Retail,2,273.07,546.15,317.55,80.95,36.45
103176,2026-02-21,Northeast,NJ,Storage,Loop Bin Set,Online,5,57.23,286.13,164.64,30.57,14.86
103268,2026-02-21,South,TN,Furniture,Nimbus Chair,Wholesale,3,323.89,971.66,615.63,125.53,40.93
103295,2026-02-22,Southeast,VA,Furniture,Drift Side Table,Online,5,147.8,738.98,459.65,96.19,27.51
103187,2026-02-22,West,WA,Lighting,Halo Monitor Arm,Retail,1,94.45,94.45,49.11,10.28,3.26
103156,2026-02-22,Northeast,NY,Furniture,Nimbus Chair,Online,4,313.34,1253.38,775.6,129.68,45.62
103304,2026-02-22,Southeast,NC,Lighting,Aria Desk Lamp,Wholesale,4,67.23,268.9,137.19,33.33,16.08
103186,2026-02-22,West,OR,Lighting,Aria Desk Lamp,Online,1,68.87,68.87,37.6,6.9,4.48
103266,2026-02-22,South,AL,Lighting,Halo Monitor Arm,Online,1,92.62,92.62,46.4,9.55,5.9
103245,2026-02-23,Midwest,IL,Furniture,Drift Side Table,Wholesale,3,138.4,415.21,269.89,53.38,20.05
103198,2026-02-23,West,WA,Storage,Vault Cabinet,Online,4,266.79,1067.17,584.26,144.26,50.37
103157,2026-02-23,Northeast,NY,Storage,Loop Bin Set,Online,3,57.08,171.23,102.66,20.71,8.29
103282,2026-02-23,South,GA,Furniture,Nimbus Chair,Wholesale,2,308.27,616.53,376.22,89.67,25.93
103223,2026-02-23,West,NV,Storage,Vault Cabinet,Wholesale,1,267.67,267.67,154.17,27.47,17.03
103271,2026-02-23,South,AL,Lighting,Halo Monitor Arm,Wholesale,3,88.84,266.53,138.64,40.03,9.59
103155,2026-02-23,Northeast,NJ,Lighting,Aria Desk Lamp,Wholesale,5,68.47,342.36,169.23,52.98,22.74
103257,2026-02-23,Midwest,WI,Storage,Cascade Shelf,Online,1,176.37,176.37,102.37,23.68,9.15
103284,2026-02-23,South,TN,Lighting,Aria Desk Lamp,Online,3,64.82,194.45,95.08,27.66,12.88
103253,2026-02-24,Midwest,OH,Furniture,Nimbus Chair,Wholesale,4,323.63,1294.51,844.45,161.1,76.44
103247,2026-02-24,Midwest,MI,Storage,Cascade Shelf,Online,5,186.59,932.96,562.75,113.77,38.54
103318,2026-02-24,Southwest,OK,Lighting,Halo Monitor Arm,Online,4,85.85,343.41,182.98,37.51,20.68
103165,2026-02-24,Northeast,PA,Storage,Cascade Shelf,Wholesale,5,188.84,944.2,548.44,125.72,44.1
103275,2026-02-24,South,TX,Storage,Loop Bin Set,Online,4,57.72,230.87,126.29,29.95,7.29
103235,2026-02-25,Midwest,MI,Lighting,Ember Floor Lamp,Wholesale,1,114.71,114.71,62.98,17.7,7.08
103151,2026-02-25,Northeast,NY,Lighting,Halo Monitor Arm,Retail,4,91.15,364.6,181.32,53.11,22.33
103136,2026-02-25,Northeast,MA,Lighting,Aria Desk Lamp,Online,3,66.66,199.99,108.19,29.69,7.45
103184,2026-02-25,West,WA,Furniture,Nimbus Chair,Online,3,304.39,913.16,548.24,134.52,36.57
103229,2026-02-26,Midwest,MI,Furniture,Drift Side Table,Online,4,140.19,560.74,331.09,60.41,26.67
103264,2026-02-26,South,TN,Lighting,Aria Desk Lamp,Wholesale,4,68.83,275.31,136.81,40.31,12.92
103286,2026-02-26,Southeast,VA,Storage,Loop Bin Set,Retail,4,57.37,229.47,133.11,36.03,15.02
103270,2026-02-26,South,AL,Storage,Cascade Shelf,Online,2,189.52,379.05,220.3,48.73,21.24
103204,2026-02-26,West,NV,Storage,Cascade Shelf,Retail,1,177.08,177.08,107.01,21.77,10.93
103207,2026-02-26,West,OR,Furniture,Nimbus Chair,Online,3,306.03,918.08,563.91,129.86,58.36
103294,2026-02-26,Southeast,VA,Lighting,Halo Monitor Arm,Retail,3,94.53,283.58,142.84,28.82,13.37
103276,2026-02-26,South,TN,Furniture,Nimbus Chair,Retail,4,310.86,1243.43,791.63,152.93,72.38
103202,2026-02-26,West,WA,Furniture,Aster Bookcase,Online,5,441.62,2208.12,1407.53,306.34,86.86
103239,2026-02-26,Midwest,WI,Furniture,Aster Bookcase,Retail,5,400.24,2001.18,1279.97,238.51,127.22
103213,2026-02-26,West,NV,Furniture,Drift Side Table,Online,5,143.61,718.07,454.18,109.69,47.04
103228,2026-02-27,Midwest,OH,Furniture,Drift Side Table,Retail,5,142.2,711.0,453.67,111.66,33.04
103303,2026-02-27,Southeast,VA,Lighting,Halo Monitor Arm,Wholesale,4,92.99,371.96,182.72,43.3,14.58
103301,2026-02-27,Southeast,NC,Furniture,Aster Bookcase,Retail,4,437.34,1749.35,1099.81,260.26,105.96
103150,2026-02-27,Northeast,PA,Storage,Cascade Shelf,Wholesale,2,185.44,370.87,206.22,38.2,12.78
103313,2026-02-27,Southwest,AZ,Lighting,Halo Monitor Arm,Online,4,96.07,384.3,206.67,43.26,22.06
103254,2026-02-28,Midwest,OH,Furniture,Nimbus Chair,Online,3,316.9,950.7,566.27,149.75,59.27
103169,2026-02-28,Northeast,MA,Furniture,Drift Side Table,Wholesale,3,149.82,449.46,271.27,59.48,14.74
103219,2026-02-28,West,NV,Storage,Cascade Shelf,Wholesale,2,178.13,356.27,217.35,38.0,14.8
103175,2026-02-28,Northeast,NY,Lighting,Aria Desk Lamp,Online,5,67.04,335.18,165.88,53.13,17.7
103195,2026-02-28,West,CA,Furniture,Drift Side Table,Wholesale,2,150.54,301.07,185.04,35.67,18.26
103293,2026-02-28,Southeast,FL,Furniture,Aster Bookcase,Wholesale,1,425.54,425.54,259.52,48.65,29.19
103220,2026-02-28,West,OR,Storage,Loop Bin Set,Online,5,54.84,274.2,150.09,32.05,15.43
103356,2026-03-01,Northeast,MA,Storage,Loop Bin Set,Online,3,55.53,166.58,101.73,19.35,10.25
103523,2026-03-01,Southeast,VA,Furniture,Aster Bookcase,Retail,4,417.52,1670.08,979.42,168.45,94.56
103494,2026-03-01,South,TX,Furniture,Aster Bookcase,Online,4,426.82,1707.27,1066.62,241.05,61.93
103361,2026-03-01,Northeast,PA,Furniture,Drift Side Table,Wholesale,1,152.39,152.39,93.08,19.18,8.59
103467,2026-03-01,Midwest,IL,Furniture,Aster Bookcase,Online,5,426.4,2131.99,1369.26,315.79,110.27
103372,2026-03-01,Northeast,PA,Storage,Vault Cabinet,Wholesale,5,253.85,1269.27,757.79,151.16,54.8
103465,2026-03-01,Midwest,WI,Furniture,Drift Side Table,Wholesale,4,156.36,625.45,408.76,65.33,25.82
103427,2026-03-01,West,NV,Lighting,Aria Desk Lamp,Retail,1,68.12,68.12,36.82,8.91,3.26
103338,2026-03-01,Northeast,NY,Furniture,Aster Bookcase,Online,1,430.39,430.39,265.45,53.99,19.14
103384,2026-03-01,Northeast,NY,Lighting,Aria Desk Lamp,Wholesale,4,65.27,261.08,127.96,31.78,8.44
103557,2026-03-01,Southwest,NM,Storage,Vault Cabinet,Retail,5,263.46,1317.32,726.65,165.37,62.7
103360,2026-03-01,Northeast,MA,Lighting,Aria Desk Lamp,Online,3,70.07,210.2,104.81,26.23,13.81
103408,2026-03-01,West,NV,Storage,Cascade Shelf,Retail,5,181.56,907.79,549.98,121.12,62.53
103419,2026-03-01,West,NV,Storage,Vault Cabinet,Online,4,261.19,1044.77,632.96,129.04,66.5
103416,2026-03-01,West,WA,Furniture,Drift Side Table,Retail,2,152.51,305.02,190.87,38.89,20.07
103358,2026-03-02,Northeast,MA,Furniture,Nimbus Chair,Retail,2,329.59,659.18,403.67,72.91,19.78
103490,2026-03-02,South,TX,Storage,Cascade Shelf,Online,3,171.55,514.65,303.07,66.47,17.54
103487,2026-03-02,South,TN,Furniture,Nimbus Chair,Online,2,314.55,629.1,407.65,88.64,28.66
103422,2026-03-02,West,CA,Lighting,Aria Desk Lamp,Online,4,65.71,262.83,134.17,40.67,15.1
103510,2026-03-02,South,GA,Lighting,Halo Monitor Arm,Wholesale,1,87.88,87.88,44.25,11.55,3.36
103502,2026-03-02,South,AL,Furniture,Aster Bookcase,Retail,4,402.68,1610.73,998.65,173.93,87.92
103521,2026-03-02,South,GA,Furniture,Drift Side Table,Retail,5,149.79,748.96,476.82,105.52,36.3
103527,2026-03-02,Southeast,NC,Lighting,Halo Monitor Arm,Retail,2,88.5,177.01,86.86,25.87,9.74
103447,2026-03-02,Midwest,IL,Furniture,Aster Bookcase,Online,5,439.66,2198.28,1284.99,236.63,139.43
103339,2026-03-02,Northeast,NY,Lighting,Ember Floor Lamp,Online,4,114.54,458.17,249.16,50.94,21.04
103417,2026-03-02,West,OR,Furniture,Nimbus Chair,Online,4,313.09,1252.36,739.63,169.38,66.36
103420,2026-03-02,West,CA,Lighting,Aria Desk Lamp,Online,3,70.0,209.99,112.17,33.22,10.57
103507,2026-03-03,South,TX,Furniture,Nimbus Chair,Online,5,321.7,1608.5,976.58,249.61,108.68
103449,2026-03-03,Midwest,WI,Storage,Cascade Shelf,Retail,1,194.31,194.31,108.36,23.97,12.62
103327,2026-03-03,Northeast,NY,Storage,Cascade Shelf,Wholesale,3,176.32,528.96,321.08,78.88,36.4
103324,2026-03-03,Northeast,NJ,Lighting,Halo Monitor Arm,Retail,2,87.46,174.92,93.33,27.38,6.0
103411,2026-03-03,West,NV,Storage,Cascade Shelf,Online,3,193.99,581.98,329.65,59.76,40.6
103480,2026-03-03,Midwest,IL,Furniture,Aster Bookcase,Online,5,407.3,2036.48,1192.07,313.76,117.87
103407,2026-03-03,West,CA,Lighting,Aria Desk Lamp,Wholesale,3,71.67,215.01,106.88,30.61,9.21
103359,2026-03-03,Northeast,PA,Lighting,Ember Floor Lamp,Wholesale,5,117.56,587.8,295.9,82.67,37.11
103485,2026-03-04,Midwest,WI,Storage,Loop Bin Set,Retail,1,54.62,54.62,31.63,8.66,3.07
103415,2026-03-04,West,WA,Furniture,Aster Bookcase,Retail,1,401.89,401.89,258.15,47.34,18.88
103385,2026-03-04,Northeast,PA,Furniture,Aster Bookcase,Online,4,411.07,1644.29,1044.8,253.41,59.5
103543,2026-03-04,Southeast,SC,Lighting,Halo Monitor Arm,Retail,1,87.75,87.75,44.89,10.2,3.23
103501,2026-03-04,South,TX,Lighting,Ember Floor Lamp,Online,3,109.17,327.51,171.07,38.08,11.3
103531,2026-03-04,Southeast,VA,Furniture,Aster Bookcase,Retail,3,412.76,1238.27,734.75,149.88,37.15
103506,2026-03-04,South,AL,Furniture,Nimbus Chair,Online,3,326.67,980.02,574.75,122.4,63.01
103331,2026-03-04,Northeast,NY,Furniture,Nimbus Chair,Online,3,336.84,1010.52,650.44,150.12,54.18
103559,2026-03-04,Southwest,NM,Furniture,Drift Side Table,Retail,4,148.41,593.65,367.28,91.52,27.64
103561,2026-03-04,Southwest,NM,Lighting,Halo Monitor Arm,Retail,4,92.4,369.62,195.13,46.19,16.87
103542,2026-03-05,Southeast,NC,Furniture,Aster Bookcase,Retail,5,414.13,2070.67,1336.36,319.94,75.92
103516,2026-03-05,South,GA,Furniture,Aster Bookcase,Wholesale,2,418.12,836.24,539.18,125.68,33.76
103562,2026-03-05,Southwest,NM,Lighting,Aria Desk Lamp,Retail,3,64.83,194.49,96.74,22.5,10.59
103396,2026-03-05,West,WA,Furniture,Aster Bookcase,Online,1,438.82,438.82,261.96,56.89,16.59
103354,2026-03-05,Northeast,NY,Storage,Cascade Shelf,Wholesale,3,187.98,563.94,310.78,79.72,29.54
103497,2026-03-06,South,TX,Lighting,Aria Desk Lamp,Wholesale,1,71.98,71.98,38.03,10.66,3.76
103393,2026-03-06,West,CA,Lighting,Aria Desk Lamp,Retail,1,67.24,67.24,34.62,7.02,3.87
103565,2026-03-06,Southwest,NM,Furniture,Drift Side Table,Online,1,147.88,147.88,96.3,17.03,8.19
103377,2026-03-06,Northeast,NJ,Lighting,Ember Floor Lamp,Online,4,110.93,443.73,235.67,64.06,18.87
103378,2026-03-06,Northeast,MA,Lighting,Ember Floor Lamp,Online,4,111.25,445.01,238.04,49.67,28.91
103443,2026-03-06,West,OR,Lighting,Halo Monitor Arm,Retail,5,93.95,469.77,244.81,73.94,24.57
103493,2026-03-06,South,GA,Furniture,Aster Bookcase,Online,4,437.39,1749.56,1141.44,215.15,55.0
103413,2026-03-06,West,WA,Lighting,Halo Monitor Arm,Retail,4,86.8,347.19,170.79,41.21,23.05
103492,2026-03-06,South,TX,Lighting,Ember Floor Lamp,Retail,2,119.44,238.88,129.74,33.09,11.88
103336,2026-03-07,Northeast,MA,Lighting,Ember Floor Lamp,Online,1,112.76,112.76,59.45,16.67,5.86
103380,2026-03-07,Northeast,NY,Furniture,Drift Side Table,Wholesale,1,147.55,147.55,94.55,18.59,9.98
103431,2026-03-07,West,CA,Lighting,Halo Monitor Arm,Retail,2,89.6,179.21,90.95,23.69,10.35
103466,2026-03-07,Midwest,MI,Furniture,Nimbus Chair,Wholesale,1,339.22,339.22,220.18,48.46,16.15
103495,2026-03-07,South,AL,Lighting,Halo Monitor Arm,Online,3,85.13,255.38,138.85,30.48,16.53
103334,2026-03-08,Northeast,MA,Storage,Vault Cabinet,Online,3,257.04,771.13,445.17,87.79,39.09
103513,2026-03-08,South,AL,Furniture,Aster Bookcase,Wholesale,3,437.15,1311.45,842.26,153.96,41.72
103533,2026-03-08,Southeast,FL,Lighting,Ember Floor Lamp,Retail,4,119.24,476.96,254.37,69.1,22.21
103346,2026-03-08,Northeast,PA,Lighting,Ember Floor Lamp,Online,4,115.13,460.51,229.6,61.29,23.38
103470,2026-03-08,Midwest,MI,Furniture,Drift Side Table,Retail,4,142.17,568.66,340.78,66.44,25.78
103478,2026-03-08,Midwest,IL,Storage,Loop Bin Set,Online,3,51.89,155.67,88.9,20.49,8.69
103352,2026-03-08,Northeast,NY,Furniture,Drift Side Table,Online,5,146.1,730.5,462.92,116.33,34.93
103423,2026-03-08,West,OR,Furniture,Nimbus Chair,Wholesale,1,316.22,316.22,198.82,34.52,21.24
103458,2026-03-09,Midwest,MI,Storage,Loop Bin Set,Online,4,55.42,221.69,121.65,24.86,11.25
103500,2026-03-09,South,TX,Lighting,Halo Monitor Arm,Online,4,95.32,381.27,188.09,48.24,16.49
103496,2026-03-09,South,GA,Lighting,Aria Desk Lamp,Retail,5,73.14,365.71,182.01,48.21,16.8
103399,2026-03-09,West,OR,Furniture,Aster Bookcase,Online,3,402.87,1208.62,756.98,169.44,39.97
103472,2026-03-09,Midwest,OH,Lighting,Ember Floor Lamp,Online,2,119.4,238.79,130.47,29.01,7.96
103357,2026-03-09,Northeast,PA,Furniture,Aster Bookcase,Wholesale,2,424.61,849.23,549.85,126.75,46.45
103375,2026-03-10,Northeast,NY,Lighting,Halo Monitor Arm,Online,5,88.47,442.36,238.91,66.98,17.41
103453,2026-03-10,Midwest,OH,Furniture,Aster Bookcase,Wholesale,5,415.51,2077.57,1337.82,212.18,132.22
103350,2026-03-10,Northeast,MA,Furniture,Aster Bookcase,Online,4,434.03,1736.14,1018.59,191.81,56.01
103461,2026-03-10,Midwest,OH,Furniture,Nimbus Chair,Wholesale,3,325.4,976.19,579.91,130.14,37.88
103444,2026-03-10,Midwest,OH,Storage,Vault Cabinet,Retail,4,265.87,1063.46,610.95,118.83,68.28
103437,2026-03-10,West,WA,Storage,Cascade Shelf,Wholesale,2,181.34,362.68,221.84,40.63,21.38
103332,2026-03-10,Northeast,NJ,Furniture,Aster Bookcase,Online,1,432.75,432.75,277.19,45.38,23.98
103428,2026-03-10,West,OR,Furniture,Aster Bookcase,Retail,2,441.8,883.61,571.66,89.58,60.35
103367,2026-03-10,Northeast,MA,Storage,Vault Cabinet,Retail,3,251.39,754.18,424.22,103.86,51.42
103421,2026-03-10,West,CA,Furniture,Drift Side Table,Retail,1,146.56,146.56,85.78,21.07,5.25
103549,2026-03-10,Southwest,AZ,Furniture,Nimbus Chair,Wholesale,2,331.83,663.65,416.78,71.83,40.01
103503,2026-03-10,South,GA,Furniture,Nimbus Chair,Online,5,335.68,1678.4,1066.78,224.96,60.09
103455,2026-03-10,Midwest,WI,Lighting,Aria Desk Lamp,Online,3,68.99,206.97,112.04,25.11,8.77
103401,2026-03-10,West,OR,Lighting,Ember Floor Lamp,Online,1,109.41,109.41,53.58,16.47,7.43
103504,2026-03-11,South,GA,Storage,Loop Bin Set,Wholesale,2,57.57,115.15,64.83,14.26,7.16
103430,2026-03-11,West,OR,Lighting,Halo Monitor Arm,Online,1,94.06,94.06,49.55,9.72,6.57
103446,2026-03-11,Midwest,WI,Storage,Vault Cabinet,Online,4,255.33,1021.32,591.62,145.58,37.44
103538,2026-03-11,Southeast,VA,Furniture,Nimbus Chair,Wholesale,4,341.72,1366.87,868.21,179.33,46.79
103340,2026-03-11,Northeast,PA,Furniture,Aster Bookcase,Online,2,415.37,830.74,506.86,122.37,44.92
103391,2026-03-11,West,CA,Furniture,Aster Bookcase,Online,2,398.75,797.51,480.77,127.5,40.24
103499,2026-03-12,South,TN,Furniture,Drift Side Table,Online,3,144.76,434.27,263.78,64.75,29.15
103410,2026-03-12,West,OR,Storage,Cascade Shelf,Wholesale,4,176.41,705.64,428.68,105.89,24.82
103511,2026-03-12,South,TN,Storage,Vault Cabinet,Retail,4,274.07,1096.27,622.21,167.44,39.21
103442,2026-03-12,West,OR,Furniture,Aster Bookcase,Online,5,400.43,2002.17,1312.32,258.46,124.13
103441,2026-03-13,West,WA,Furniture,Drift Side Table,Online,4,148.82,595.27,363.34,80.64,41.18
103369,2026-03-13,Northeast,NJ,Furniture,Nimbus Chair,Online,3,337.05,1011.14,615.99,107.85,31.34
103342,2026-03-13,Northeast,NJ,Furniture,Nimbus Chair,Online,2,307.34,614.68,374.44,75.96,25.02
103556,2026-03-14,Southwest,AZ,Furniture,Aster Bookcase,Retail,1,429.64,429.64,260.06,60.63,21.39
103370,2026-03-14,Northeast,NJ,Furniture,Drift Side Table,Wholesale,4,150.47,601.89,367.84,93.88,39.19
103475,2026-03-14,Midwest,WI,Furniture,Aster Bookcase,Retail,4,413.61,1654.43,1010.13,175.35,108.62
103518,2026-03-14,South,AL,Furniture,Aster Bookcase,Online,4,431.49,1725.95,1013.66,200.03,108.03
103379,2026-03-14,Northeast,PA,Furniture,Aster Bookcase,Retail,5,397.8,1989.02,1257.09,315.16,63.85
103330,2026-03-14,Northeast,NJ,Storage,Vault Cabinet,Retail,5,248.87,1244.35,678.42,165.14,70.17
103477,2026-03-14,Midwest,IL,Storage,Loop Bin Set,Retail,5,51.71,258.54,146.5,37.68,15.94
103344,2026-03-14,Northeast,NJ,Furniture,Aster Bookcase,Online,3,393.79,1181.36,695.04,135.18,45.73
103508,2026-03-14,South,TX,Lighting,Halo Monitor Arm,Online,1,89.83,89.83,44.34,11.04,4.03
103552,2026-03-14,Southwest,AZ,Storage,Vault Cabinet,Online,1,280.57,280.57,161.49,32.2,16.97
103456,2026-03-14,Midwest,OH,Furniture,Drift Side Table,Wholesale,1,155.62,155.62,91.97,16.86,9.09
103558,2026-03-14,Southwest,NM,Storage,Vault Cabinet,Wholesale,5,248.95,1244.74,680.04,152.98,81.56
103481,2026-03-14,Midwest,OH,Lighting,Halo Monitor Arm,Online,3,87.49,262.47,141.8,37.95,10.85
103402,2026-03-15,West,OR,Storage,Loop Bin Set,Wholesale,2,54.78,109.55,62.0,16.44,5.8
103482,2026-03-15,Midwest,IL,Storage,Cascade Shelf,Online,1,175.74,175.74,98.58,27.07,7.57
103534,2026-03-15,Southeast,FL,Lighting,Ember Floor Lamp,Retail,3,111.25,333.75,169.96,41.5,18.22
103448,2026-03-16,Midwest,OH,Lighting,Halo Monitor Arm,Wholesale,2,93.52,187.05,101.95,23.9,7.57
103398,2026-03-16,West,WA,Lighting,Ember Floor Lamp,Retail,1,109.9,109.9,57.24,16.35,3.5
103563,2026-03-16,Southwest,AZ,Lighting,Aria Desk Lamp,Wholesale,4,68.92,275.7,145.31,33.72,11.65
103366,2026-03-16,Northeast,PA,Storage,Vault Cabinet,Retail,4,253.77,1015.09,608.07,131.67,51.28
103371,2026-03-16,Northeast,NY,Furniture,Nimbus Chair,Retail,4,338.1,1352.39,821.78,215.47,79.3
103349,2026-03-16,Northeast,PA,Lighting,Aria Desk Lamp,Online,2,65.22,130.45,71.24,17.96,7.93
103347,2026-03-16,Northeast,MA,Lighting,Halo Monitor Arm,Wholesale,3,93.23,279.69,142.83,28.25,9.66
103429,2026-03-16,West,OR,Lighting,Aria Desk Lamp,Online,1,70.84,70.84,35.96,7.99,3.9
103388,2026-03-16,Northeast,NY,Storage,Cascade Shelf,Wholesale,2,178.23,356.45,198.24,44.43,22.08
103517,2026-03-17,South,TX,Storage,Loop Bin Set,Retail,5,58.0,289.99,160.51,33.64,15.67
103457,2026-03-17,Midwest,WI,Furniture,Drift Side Table,Retail,2,155.79,311.58,184.0,37.33,20.51
103491,2026-03-17,South,TN,Lighting,Halo Monitor Arm,Online,5,89.63,448.15,245.05,47.93,16.25
103400,2026-03-17,West,OR,Lighting,Halo Monitor Arm,Retail,4,89.81,359.26,186.02,37.63,19.88
103555,2026-03-17,Southwest,OK,Storage,Cascade Shelf,Retail,5,182.89,914.43,534.03,128.04,62.8
103404,2026-03-17,West,NV,Lighting,Halo Monitor Arm,Wholesale,3,90.73,272.19,139.73,36.54,14.33
103525,2026-03-17,Southeast,SC,Furniture,Aster Bookcase,Retail,2,391.71,783.41,511.99,108.35,23.6
103544,2026-03-17,Southeast,NC,Furniture,Drift Side Table,Wholesale,1,142.67,142.67,92.78,16.37,7.09
103519,2026-03-17,South,AL,Furniture,Drift Side Table,Wholesale,2,156.14,312.28,186.03,36.01,12.31
103390,2026-03-17,Northeast,PA,Lighting,Halo Monitor Arm,Online,4,91.21,364.82,192.26,49.87,15.05
103333,2026-03-17,Northeast,PA,Storage,Vault Cabinet,Online,5,267.73,1338.66,791.9,181.15,54.39
103471,2026-03-18,Midwest,MI,Storage,Cascade Shelf,Online,5,180.05,900.25,516.98,116.62,42.92
103462,2026-03-18,Midwest,MI,Storage,Vault Cabinet,Retail,5,251.35,1256.74,707.19,172.91,60.96
103392,2026-03-18,West,OR,Furniture,Nimbus Chair,Online,4,323.53,1294.12,783.49,173.76,47.79
103469,2026-03-18,Midwest,OH,Storage,Vault Cabinet,Retail,3,248.52,745.55,434.32,92.96,24.28
103547,2026-03-19,Southeast,VA,Furniture,Nimbus Chair,Online,4,334.07,1336.3,835.95,147.37,55.36
103539,2026-03-19,Southeast,FL,Lighting,Halo Monitor Arm,Retail,3,85.3,255.9,134.61,32.85,16.63
103328,2026-03-19,Northeast,MA,Furniture,Drift Side Table,Online,3,140.94,422.81,265.21,53.38,29.01
103326,2026-03-19,Northeast,PA,Storage,Loop Bin Set,Wholesale,3,55.04,165.12,92.28,24.48,8.36
103405,2026-03-19,West,WA,Lighting,Ember Floor Lamp,Retail,1,116.78,116.78,63.65,18.57,7.3
103364,2026-03-19,Northeast,PA,Lighting,Ember Floor Lamp,Online,3,108.09,324.27,173.54,38.74,21.77
103476,2026-03-19,Midwest,MI,Furniture,Nimbus Chair,Online,3,316.31,948.94,612.58,135.9,47.95
103498,2026-03-19,South,GA,Storage,Vault Cabinet,Retail,3,256.14,768.43,432.52,113.13,42.04
103473,2026-03-19,Midwest,IL,Furniture,Drift Side Table,Retail,4,148.35,593.4,353.08,73.45,28.44
103373,2026-03-19,Northeast,PA,Furniture,Drift Side Table,Online,2,138.93,277.86,180.58,28.48,8.52
103438,2026-03-19,West,CA,Lighting,Ember Floor Lamp,Online,2,116.85,233.7,118.04,25.02,7.33
103436,2026-03-20,West,OR,Furniture,Aster Bookcase,Online,3,419.36,1258.09,794.09,143.45,87.55
103460,2026-03-20,Midwest,MI,Storage,Cascade Shelf,Online,1,188.35,188.35,106.17,27.31,9.56
103348,2026-03-20,Northeast,NJ,Furniture,Nimbus Chair,Online,4,337.19,1348.77,823.76,199.46,65.65
103463,2026-03-20,Midwest,OH,Lighting,Halo Monitor Arm,Retail,3,91.15,273.44,145.99,35.32,15.45
103528,2026-03-20,Southeast,SC,Furniture,Nimbus Chair,Wholesale,5,341.37,1706.87,1024.63,188.49,115.97
103532,2026-03-20,Southeast,NC,Furniture,Drift Side Table,Online,4,154.26,617.05,369.25,66.99,40.33
103554,2026-03-20,Southwest,NM,Storage,Cascade Shelf,Wholesale,3,175.26,525.79,294.18,55.84,18.38
103520,2026-03-20,South,TX,Furniture,Nimbus Chair,Retail,5,310.91,1554.53,968.88,162.06,50.48
103514,2026-03-20,South,AL,Lighting,Aria Desk Lamp,Online,2,70.39,140.78,72.1,17.27,8.5
103424,2026-03-20,West,OR,Storage,Vault Cabinet,Online,2,260.67,521.33,297.83,58.7,29.55
103425,2026-03-20,West,WA,Lighting,Ember Floor Lamp,Online,3,113.49,340.46,183.42,46.13,22.75
103365,2026-03-20,Northeast,NJ,Storage,Loop Bin Set,Online,5,55.98,279.9,170.16,41.9,18.37
103512,2026-03-21,South,GA,Furniture,Drift Side Table,Retail,5,155.85,779.27,460.93,108.77,24.35
103329,2026-03-21,Northeast,PA,Furniture,Aster Bookcase,Online,3,426.84,1280.53,813.81,182.78,72.99
103374,2026-03-21,Northeast,NY,Lighting,Aria Desk Lamp,Wholesale,4,69.98,279.91,145.23,43.37,15.31
103468,2026-03-21,Midwest,MI,Storage,Loop Bin Set,Retail,2,57.91,115.83,70.54,17.36,4.81
103343,2026-03-22,Northeast,MA,Lighting,Aria Desk Lamp,Online,4,71.95,287.78,144.17,45.62,12.21
103335,2026-03-22,Northeast,MA,Furniture,Aster Bookcase,Online,2,395.88,791.76,485.22,113.61,39.06
103526,2026-03-22,Southeast,VA,Storage,Cascade Shelf,Online,2,187.71,375.43,228.92,39.33,19.44
103325,2026-03-22,Northeast,NY,Lighting,Ember Floor Lamp,Online,2,118.29,236.59,127.04,28.69,13.55
103362,2026-03-22,Northeast,PA,Storage,Cascade Shelf,Retail,1,192.11,192.11,105.9,29.8,9.82
103445,2026-03-22,Midwest,OH,Lighting,Ember Floor Lamp,Wholesale,5,111.02,555.11,283.59,87.51,31.2
103351,2026-03-22,Northeast,NJ,Lighting,Ember Floor Lamp,Wholesale,4,107.98,431.93,226.66,68.55,28.2
103383,2026-03-22,Northeast,NY,Furniture,Drift Side Table,Online,1,150.5,150.5,91.81,22.88,8.3
103484,2026-03-22,Midwest,MI,Lighting,Ember Floor Lamp,Retail,5,106.58,532.91,279.94,75.43,26.83
103551,2026-03-23,Southwest,NM,Lighting,Aria Desk Lamp,Retail,1,69.11,69.11,36.54,10.95,4.3
103363,2026-03-23,Northeast,NY,Furniture,Nimbus Chair,Online,2,316.19,632.38,380.99,82.08,35.84
103459,2026-03-23,Midwest,WI,Furniture,Drift Side Table,Online,2,140.62,281.24,183.73,30.91,11.04
103548,2026-03-24,Southeast,VA,Furniture,Nimbus Chair,Retail,2,335.05,670.1,416.0,81.1,21.92
103341,2026-03-24,Northeast,PA,Furniture,Aster Bookcase,Online,5,439.18,2195.9,1382.83,307.83,68.62
103368,2026-03-24,Northeast,MA,Furniture,Drift Side Table,Retail,2,146.52,293.05,180.06,41.63,20.34
103483,2026-03-24,Midwest,IL,Furniture,Nimbus Chair,Online,1,306.74,306.74,186.63,34.1,11.39
103382,2026-03-24,Northeast,NY,Furniture,Drift Side Table,Retail,3,154.19,462.56,298.44,58.23,15.41
103394,2026-03-24,West,CA,Lighting,Halo Monitor Arm,Wholesale,5,90.74,453.7,242.78,57.14,20.43
103323,2026-03-24,Northeast,MA,Furniture,Nimbus Chair,Online,4,322.19,1288.77,813.11,205.28,54.13
103386,2026-03-25,Northeast,MA,Storage,Cascade Shelf,Online,4,184.19,736.76,411.85,105.4,42.84
103530,2026-03-25,Southeast,FL,Storage,Cascade Shelf,Online,3,188.44,565.31,313.9,68.06,24.74
103535,2026-03-25,Southeast,SC,Storage,Cascade Shelf,Online,4,187.99,751.96,415.4,96.1,43.31
103550,2026-03-25,Southwest,AZ,Lighting,Halo Monitor Arm,Retail,4,85.29,341.15,177.31,54.37,11.47
103414,2026-03-25,West,NV,Furniture,Aster Bookcase,Online,2,439.65,879.3,570.04,112.75,39.92
103522,2026-03-25,South,GA,Lighting,Halo Monitor Arm,Wholesale,5,95.66,478.31,234.78,54.41,18.12
103564,2026-03-25,Southwest,OK,Storage,Loop Bin Set,Online,5,52.59,262.95,146.46,40.94,10.81
103403,2026-03-25,West,CA,Lighting,Ember Floor Lamp,Retail,5,120.92,604.62,318.91,83.82,31.98
103529,2026-03-26,Southeast,SC,Storage,Cascade Shelf,Online,4,182.95,731.78,399.45,96.2,41.82
103355,2026-03-26,Northeast,NY,Lighting,Aria Desk Lamp,Online,3,71.02,213.06,107.29,26.63,12.87
103540,2026-03-26,Southeast,FL,Furniture,Nimbus Chair,Retail,1,326.93,326.93,205.46,50.46,19.49
103479,2026-03-26,Midwest,OH,Furniture,Nimbus Chair,Wholesale,1,311.2,311.2,185.23,39.17,12.42
103505,2026-03-26,South,TX,Furniture,Aster Bookcase,Online,2,424.63,849.26,543.11,111.54,44.42
103409,2026-03-26,West,NV,Lighting,Aria Desk Lamp,Wholesale,1,69.57,69.57,34.46,8.8,3.72
103452,2026-03-26,Midwest,MI,Lighting,Halo Monitor Arm,Online,5,93.11,465.55,250.18,63.82,14.5
103434,2026-03-26,West,OR,Storage,Cascade Shelf,Retail,2,178.42,356.85,214.7,43.99,14.72
103536,2026-03-27,Southeast,NC,Furniture,Nimbus Chair,Retail,5,321.36,1606.78,1023.97,217.01,56.08
103389,2026-03-27,Northeast,PA,Lighting,Aria Desk Lamp,Online,2,68.32,136.63,74.19,16.3,7.97
103353,2026-03-27,Northeast,PA,Lighting,Aria Desk Lamp,Online,2,72.07,144.15,75.73,14.42,9.75
103488,2026-03-27,South,TN,Storage,Vault Cabinet,Online,5,270.17,1350.84,774.84,147.66,73.96
103450,2026-03-27,Midwest,OH,Storage,Vault Cabinet,Retail,5,256.48,1282.4,727.8,168.26,75.15
103489,2026-03-28,South,TN,Lighting,Ember Floor Lamp,Wholesale,2,119.93,239.86,118.15,24.23,13.34
103560,2026-03-28,Southwest,OK,Furniture,Drift Side Table,Retail,3,151.57,454.7,273.11,61.37,29.36
103418,2026-03-28,West,WA,Furniture,Aster Bookcase,Wholesale,5,394.43,1972.15,1182.05,210.56,114.34
103541,2026-03-28,Southeast,VA,Furniture,Nimbus Chair,Retail,2,327.19,654.39,386.48,86.89,45.48
103515,2026-03-28,South,TX,Lighting,Ember Floor Lamp,Retail,2,116.25,232.51,120.43,36.07,8.95
103345,2026-03-28,Northeast,NJ,Furniture,Drift Side Table,Wholesale,5,151.11,755.53,475.44,100.93,38.05
103435,2026-03-28,West,WA,Lighting,Halo Monitor Arm,Retail,4,96.03,384.14,190.96,61.16,22.05
103395,2026-03-29,West,OR,Lighting,Ember Floor Lamp,Online,5,117.4,587.01,294.88,80.55,27.06
103376,2026-03-29,Northeast,MA,Lighting,Aria Desk Lamp,Wholesale,3,65.83,197.49,107.17,28.76,8.25
103546,2026-03-29,Southeast,FL,Furniture,Drift Side Table,Wholesale,2,148.61,297.22,180.37,38.38,20.15
103387,2026-03-29,Northeast,PA,Furniture,Drift Side Table,Retail,2,154.74,309.47,202.43,34.79,17.05
103474,2026-03-30,Midwest,MI,Furniture,Drift Side Table,Retail,3,151.58,454.73,283.89,50.96,24.64
103464,2026-03-30,Midwest,IL,Furniture,Aster Bookcase,Online,3,414.44,1243.33,771.81,125.06,56.69
103486,2026-03-30,South,TX,Storage,Loop Bin Set,Wholesale,4,54.97,219.88,134.15,32.85,12.2
103451,2026-03-30,Midwest,OH,Lighting,Halo Monitor Arm,Wholesale,2,93.89,187.79,101.74,28.51,7.59
103337,2026-03-30,Northeast,NY,Furniture,Nimbus Chair,Online,2,343.83,687.66,407.21,109.92,45.55
103524,2026-03-30,Southeast,SC,Lighting,Halo Monitor Arm,Online,3,94.42,283.27,154.94,35.9,15.07
103381,2026-03-30,Northeast,PA,Furniture,Drift Side Table,Wholesale,5,148.24,741.2,451.07,109.85,36.67
103432,2026-03-30,West,OR,Furniture,Aster Bookcase,Online,3,401.29,1203.87,731.82,140.58,50.49
103537,2026-03-30,Southeast,NC,Storage,Cascade Shelf,Retail,4,182.05,728.19,435.98,90.79,45.29
103454,2026-03-30,Midwest,WI,Storage,Cascade Shelf,Wholesale,2,178.24,356.48,209.19,44.98,23.7
103406,2026-03-31,West,OR,Storage,Vault Cabinet,Wholesale,3,277.9,833.7,463.28,90.99,40.76
103397,2026-03-31,West,WA,Lighting,Halo Monitor Arm,Online,2,86.7,173.39,91.7,19.52,10.03
103439,2026-03-31,West,NV,Furniture,Nimbus Chair,Online,2,309.53,619.05,365.15,88.83,19.91
103509,2026-03-31,South,TN,Lighting,Ember Floor Lamp,Online,2,106.59,213.18,112.99,23.37,13.78
103553,2026-03-31,Southwest,OK,Furniture,Aster Bookcase,Online,3,404.92,1214.77,754.56,145.2,72.7
103545,2026-03-31,Southeast,NC,Furniture,Aster Bookcase,Online,1,422.84,422.84,259.26,62.02,19.45
103426,2026-03-31,West,NV,Lighting,Halo Monitor Arm,Online,4,89.85,359.42,190.47,55.56,19.66
103440,2026-03-31,West,OR,Furniture,Drift Side Table,Retail,3,144.95,434.84,263.45,48.56,27.34
103433,2026-03-31,West,OR,Lighting,Aria Desk Lamp,Retail,3,68.2,204.59,100.17,24.62,8.14
103412,2026-03-31,West,OR,Furniture,Aster Bookcase,Online,1,435.36,435.36,285.63,56.09,14.23
103596,2026-04-01,Northeast,PA,Furniture,Aster Bookcase,Online,5,413.95,2069.75,1297.8,263.05,131.47
103783,2026-04-01,Southwest,OK,Lighting,Halo Monitor Arm,Online,5,86.41,432.05,235.51,44.74,28.01
103781,2026-04-01,Southwest,AZ,Furniture,Drift Side Table,Wholesale,1,141.81,141.81,82.79,17.8,8.13
103776,2026-04-01,Southwest,NM,Furniture,Nimbus Chair,Retail,2,343.4,686.8,444.36,71.2,22.7
103685,2026-04-01,Midwest,OH,Furniture,Drift Side Table,Retail,3,143.06,429.19,275.96,54.88,24.9
103727,2026-04-01,South,TX,Lighting,Aria Desk Lamp,Retail,5,71.74,358.71,192.17,47.69,22.74
103710,2026-04-01,South,GA,Storage,Vault Cabinet,Online,4,255.04,1020.15,573.3,132.11,59.07
103716,2026-04-02,South,AL,Storage,Loop Bin Set,Retail,3,55.81,167.44,93.11,17.73,9.26
103721,2026-04-02,South,TN,Storage,Vault Cabinet,Retail,4,265.54,1062.17,583.41,148.31,32.09
103784,2026-04-02,Southwest,OK,Furniture,Drift Side Table,Wholesale,5,154.51,772.56,505.49,120.14,39.03
103752,2026-04-02,Southeast,VA,Storage,Cascade Shelf,Online,5,175.62,878.12,508.05,125.59,46.08
103683,2026-04-03,Midwest,OH,Lighting,Halo Monitor Arm,Online,3,90.11,270.32,145.99,43.07,18.49
103677,2026-04-03,Midwest,MI,Storage,Vault Cabinet,Retail,5,257.83,1289.13,778.34,161.41,87.75
103674,2026-04-03,Midwest,MI,Furniture,Nimbus Chair,Wholesale,1,327.7,327.7,206.03,41.33,12.1
103663,2026-04-03,Midwest,IL,Lighting,Aria Desk Lamp,Retail,1,71.62,71.62,37.85,9.74,4.41
103608,2026-04-03,Northeast,NJ,Lighting,Halo Monitor Arm,Wholesale,5,88.12,440.6,233.07,48.4,17.82
103729,2026-04-03,South,AL,Storage,Cascade Shelf,Online,2,171.31,342.62,191.84,48.13,21.1
103592,2026-04-03,Northeast,NY,Lighting,Ember Floor Lamp,Online,5,113.71,568.56,285.46,88.76,26.59
103586,2026-04-03,Northeast,NY,Storage,Vault Cabinet,Retail,3,275.35,826.06,480.13,98.1,39.73
103579,2026-04-03,Northeast,NY,Furniture,Aster Bookcase,Wholesale,3,416.17,1248.5,778.75,127.16,42.12
103758,2026-04-03,Southeast,NC,Storage,Vault Cabinet,Online,4,258.36,1033.45,623.18,133.97,36.6
103698,2026-04-04,Midwest,IL,Storage,Loop Bin Set,Online,1,53.31,53.31,29.18,7.0,1.79
103682,2026-04-04,Midwest,WI,Lighting,Ember Floor Lamp,Online,5,110.25,551.25,288.71,87.07,35.65
103620,2026-04-04,West,NV,Furniture,Drift Side Table,Wholesale,3,142.2,426.59,257.85,66.49,26.75
103761,2026-04-04,Southeast,FL,Storage,Cascade Shelf,Retail,4,189.32,757.27,454.98,97.42,52.02
103582,2026-04-04,Northeast,NJ,Lighting,Aria Desk Lamp,Retail,4,69.81,279.22,140.48,29.67,9.2
103623,2026-04-04,West,CA,Lighting,Ember Floor Lamp,Online,5,119.84,599.18,298.62,87.1,21.83
103664,2026-04-04,Midwest,OH,Storage,Cascade Shelf,Online,2,190.06,380.12,220.28,56.37,25.1
103657,2026-04-04,West,OR,Lighting,Ember Floor Lamp,Wholesale,4,112.03,448.14,221.06,60.82,15.14
103778,2026-04-04,Southwest,OK,Furniture,Nimbus Chair,Wholesale,4,323.72,1294.89,830.86,189.56,68.95
103775,2026-04-05,Southwest,NM,Furniture,Nimbus Chair,Wholesale,1,316.82,316.82,200.06,31.8,21.21
103617,2026-04-05,West,WA,Storage,Loop Bin Set,Online,4,55.63,222.5,136.12,27.95,13.0
103730,2026-04-05,South,TN,Storage,Vault Cabinet,Wholesale,1,247.32,247.32,135.94,25.13,15.44
103628,2026-04-05,West,WA,Storage,Cascade Shelf,Retail,1,183.9,183.9,109.41,25.52,7.54
103604,2026-04-05,Northeast,PA,Lighting,Halo Monitor Arm,Online,1,92.82,92.82,47.69,9.44,2.99
103701,2026-04-06,Midwest,OH,Lighting,Halo Monitor Arm,Online,4,89.25,356.99,180.77,50.22,20.27
103770,2026-04-06,Southwest,AZ,Lighting,Ember Floor Lamp,Wholesale,4,108.06,432.23,225.7,49.28,21.97
103695,2026-04-06,Midwest,WI,Storage,Vault Cabinet,Retail,5,271.18,1355.91,789.96,188.79,87.76
103645,2026-04-06,West,NV,Lighting,Aria Desk Lamp,Wholesale,4,67.25,269.0,146.38,40.7,18.11
103614,2026-04-06,West,OR,Lighting,Halo Monitor Arm,Online,5,86.38,431.89,233.56,60.09,23.16
103787,2026-04-07,Southwest,OK,Lighting,Halo Monitor Arm,Wholesale,1,85.2,85.2,42.58,12.0,3.68
103725,2026-04-07,South,TX,Storage,Loop Bin Set,Retail,2,51.92,103.84,60.67,11.94,3.8
103589,2026-04-07,Northeast,NJ,Lighting,Halo Monitor Arm,Wholesale,2,92.42,184.83,95.42,22.64,12.74
103668,2026-04-07,Midwest,IL,Storage,Cascade Shelf,Retail,5,188.32,941.58,542.74,109.3,47.55
103639,2026-04-07,West,CA,Storage,Cascade Shelf,Wholesale,1,190.02,190.02,116.79,19.05,12.1
103719,2026-04-08,South,TN,Lighting,Aria Desk Lamp,Retail,2,64.76,129.51,67.03,19.93,7.65
103723,2026-04-08,South,GA,Lighting,Ember Floor Lamp,Retail,5,116.53,582.66,295.79,74.41,35.38
103728,2026-04-08,South,TX,Lighting,Aria Desk Lamp,Wholesale,1,71.8,71.8,38.16,9.45,3.85
103612,2026-04-08,Northeast,NY,Storage,Vault Cabinet,Online,4,274.56,1098.22,666.9,168.11,71.75
103632,2026-04-08,West,CA,Lighting,Halo Monitor Arm,Retail,5,92.75,463.74,231.53,53.0,30.53
103681,2026-04-08,Midwest,OH,Lighting,Aria Desk Lamp,Wholesale,5,67.32,336.58,174.3,52.9,15.72
103580,2026-04-08,Northeast,MA,Furniture,Drift Side Table,Wholesale,4,138.52,554.1,357.5,62.79,24.11
103669,2026-04-08,Midwest,WI,Storage,Loop Bin Set,Wholesale,2,52.43,104.86,62.86,11.36,5.46
103636,2026-04-09,West,WA,Lighting,Ember Floor Lamp,Wholesale,4,118.97,475.86,244.7,64.31,29.36
103638,2026-04-09,West,WA,Lighting,Halo Monitor Arm,Retail,4,85.66,342.64,175.63,36.25,21.38
103675,2026-04-10,Midwest,OH,Lighting,Halo Monitor Arm,Retail,3,88.08,264.25,131.94,34.09,10.98
103634,2026-04-10,West,CA,Furniture,Nimbus Chair,Retail,3,337.57,1012.72,646.19,103.34,54.86
103654,2026-04-10,West,WA,Furniture,Nimbus Chair,Online,3,304.67,914.0,593.98,112.25,37.42
103643,2026-04-10,West,OR,Storage,Cascade Shelf,Retail,1,178.99,178.99,108.0,20.52,10.09
103630,2026-04-10,West,WA,Lighting,Halo Monitor Arm,Online,4,89.31,357.25,185.95,56.09,21.11
103733,2026-04-10,South,TX,Lighting,Aria Desk Lamp,Wholesale,3,66.25,198.74,98.36,22.85,11.16
103642,2026-04-10,West,NV,Furniture,Drift Side Table,Online,5,137.94,689.72,408.67,101.8,30.36
103734,2026-04-10,South,TX,Furniture,Aster Bookcase,Online,1,414.67,414.67,261.91,57.43,14.46
103591,2026-04-11,Northeast,MA,Storage,Cascade Shelf,Wholesale,1,173.63,173.63,103.08,18.59,6.39
103732,2026-04-11,South,GA,Furniture,Nimbus Chair,Retail,1,320.21,320.21,202.53,36.13,14.7
103678,2026-04-11,Midwest,IL,Lighting,Ember Floor Lamp,Retail,5,107.61,538.07,293.63,61.39,31.49
103573,2026-04-11,Northeast,MA,Storage,Cascade Shelf,Retail,1,187.29,187.29,103.58,19.88,12.88
103613,2026-04-11,Northeast,NY,Storage,Vault Cabinet,Wholesale,3,264.32,792.97,475.54,117.94,42.1
103588,2026-04-11,Northeast,NY,Storage,Loop Bin Set,Online,2,53.05,106.11,58.34,11.6,5.68
103649,2026-04-11,West,CA,Lighting,Halo Monitor Arm,Wholesale,2,95.02,190.04,93.15,25.88,6.84
103709,2026-04-11,South,AL,Lighting,Halo Monitor Arm,Online,1,92.75,92.75,45.85,13.63,5.8
103750,2026-04-11,Southeast,VA,Storage,Cascade Shelf,Retail,4,193.72,774.88,429.08,104.94,38.64
103751,2026-04-11,Southeast,VA,Furniture,Aster Bookcase,Online,1,397.68,397.68,260.33,61.05,27.66
103713,2026-04-12,South,TX,Lighting,Ember Floor Lamp,Retail,2,120.84,241.68,130.64,35.1,12.08
103772,2026-04-12,Southwest,AZ,Furniture,Drift Side Table,Retail,1,139.99,139.99,81.75,16.37,7.05
103717,2026-04-12,South,GA,Storage,Cascade Shelf,Retail,5,180.36,901.79,511.67,91.49,36.08
103671,2026-04-12,Midwest,IL,Storage,Loop Bin Set,Online,3,54.74,164.22,91.75,23.93,6.4
103584,2026-04-12,Northeast,NJ,Furniture,Drift Side Table,Online,3,145.5,436.49,268.63,49.49,24.73
103621,2026-04-12,West,CA,Storage,Loop Bin Set,Retail,1,57.15,57.15,34.16,6.54,3.54
103607,2026-04-12,Northeast,NJ,Lighting,Halo Monitor Arm,Retail,2,89.49,178.99,95.31,27.52,7.05
103661,2026-04-13,Midwest,WI,Lighting,Halo Monitor Arm,Wholesale,5,93.98,469.91,256.08,53.46,17.07
103684,2026-04-13,Midwest,MI,Storage,Cascade Shelf,Online,1,183.07,183.07,111.86,27.94,11.84
103692,2026-04-13,Midwest,WI,Lighting,Aria Desk Lamp,Retail,2,69.78,139.55,73.57,20.11,4.73
103747,2026-04-13,Southeast,SC,Lighting,Aria Desk Lamp,Online,2,65.08,130.16,64.36,17.21,7.1
103746,2026-04-13,Southeast,FL,Storage,Loop Bin Set,Retail,1,57.41,57.41,32.46,6.41,3.53
103611,2026-04-13,Northeast,PA,Furniture,Nimbus Chair,Online,3,331.04,993.13,586.98,150.53,52.13
103606,2026-04-13,Northeast,NY,Lighting,Ember Floor Lamp,Online,3,109.69,329.07,178.51,42.7,9.91
103631,2026-04-13,West,CA,Furniture,Drift Side Table,Retail,2,147.58,295.17,192.56,45.53,19.76
103736,2026-04-13,South,AL,Storage,Cascade Shelf,Retail,4,183.82,735.28,408.7,88.84,34.44
103615,2026-04-13,West,WA,Furniture,Drift Side Table,Online,3,154.53,463.59,282.51,56.45,21.41
103622,2026-04-14,West,CA,Lighting,Ember Floor Lamp,Wholesale,3,106.74,320.22,173.1,45.24,10.5
103585,2026-04-14,Northeast,PA,Lighting,Ember Floor Lamp,Online,2,109.76,219.52,112.44,22.48,13.72
103768,2026-04-14,Southeast,VA,Lighting,Aria Desk Lamp,Online,1,70.48,70.48,38.58,7.44,3.67
103711,2026-04-14,South,GA,Lighting,Ember Floor Lamp,Online,5,116.72,583.6,306.52,73.48,22.69
103644,2026-04-14,West,CA,Furniture,Nimbus Chair,Online,4,342.82,1371.29,879.54,209.55,76.69
103680,2026-04-14,Midwest,MI,Lighting,Aria Desk Lamp,Online,4,69.92,279.67,151.56,28.32,9.81
103587,2026-04-14,Northeast,NJ,Storage,Cascade Shelf,Online,2,176.05,352.1,192.33,54.38,11.43
103635,2026-04-14,West,WA,Lighting,Aria Desk Lamp,Online,2,68.55,137.1,72.31,16.05,4.37
103652,2026-04-14,West,NV,Storage,Loop Bin Set,Online,5,52.8,263.98,151.9,39.63,16.81
103653,2026-04-14,West,WA,Furniture,Nimbus Chair,Retail,1,319.25,319.25,203.56,42.44,19.86
103755,2026-04-15,Southeast,FL,Lighting,Aria Desk Lamp,Online,3,69.48,208.43,102.32,30.17,7.29
103740,2026-04-15,Southeast,SC,Lighting,Ember Floor Lamp,Wholesale,2,119.04,238.07,126.91,30.85,7.88
103624,2026-04-15,West,OR,Furniture,Nimbus Chair,Online,2,344.22,688.45,408.6,94.5,36.66
103595,2026-04-15,Northeast,MA,Storage,Vault Cabinet,Wholesale,5,267.87,1339.33,738.4,137.76,84.83
103633,2026-04-15,West,WA,Lighting,Aria Desk Lamp,Online,5,69.61,348.04,172.55,53.63,14.32
103655,2026-04-15,West,WA,Lighting,Halo Monitor Arm,Online,4,90.12,360.48,180.38,43.89,13.24
103738,2026-04-15,South,TN,Lighting,Halo Monitor Arm,Online,3,94.33,282.98,149.01,32.48,9.05
103724,2026-04-15,South,TX,Lighting,Ember Floor Lamp,Retail,4,115.54,462.15,235.23,61.78,14.17
103641,2026-04-15,West,CA,Lighting,Aria Desk Lamp,Online,1,65.64,65.64,35.54,8.12,3.25
103670,2026-04-15,Midwest,IL,Furniture,Drift Side Table,Wholesale,4,150.35,601.41,393.67,67.89,21.03
103566,2026-04-16,Northeast,NJ,Lighting,Ember Floor Lamp,Wholesale,2,116.32,232.65,127.05,26.63,8.18
103767,2026-04-16,Southeast,SC,Storage,Loop Bin Set,Retail,5,52.39,261.93,149.74,34.68,17.55
103745,2026-04-16,Southeast,FL,Storage,Cascade Shelf,Online,1,179.27,179.27,99.56,19.02,8.89
103720,2026-04-16,South,TN,Lighting,Aria Desk Lamp,Wholesale,1,72.34,72.34,38.83,9.43,2.85
103757,2026-04-16,Southeast,FL,Lighting,Ember Floor Lamp,Online,1,111.0,111.0,59.19,15.46,4.26
103627,2026-04-16,West,WA,Furniture,Aster Bookcase,Online,5,436.46,2182.3,1326.51,283.47,143.07
103656,2026-04-16,West,NV,Lighting,Ember Floor Lamp,Online,5,110.1,550.51,288.6,79.16,36.09
103575,2026-04-16,Northeast,MA,Lighting,Halo Monitor Arm,Wholesale,2,93.54,187.09,93.89,25.78,7.53
103569,2026-04-17,Northeast,NJ,Furniture,Drift Side Table,Wholesale,5,147.73,738.65,479.63,106.83,39.2
103687,2026-04-17,Midwest,MI,Furniture,Nimbus Chair,Online,1,328.35,328.35,198.23,32.85,19.93
103666,2026-04-18,Midwest,MI,Furniture,Nimbus Chair,Retail,3,345.42,1036.25,680.68,126.46,42.4
103702,2026-04-18,Midwest,MI,Storage,Cascade Shelf,Online,1,181.94,181.94,100.71,23.56,10.24
103743,2026-04-18,Southeast,NC,Storage,Cascade Shelf,Retail,4,188.99,755.96,461.35,104.79,28.79
103693,2026-04-18,Midwest,IL,Storage,Vault Cabinet,Wholesale,3,276.29,828.87,505.47,116.29,49.37
103691,2026-04-18,Midwest,OH,Lighting,Halo Monitor Arm,Online,3,89.57,268.71,137.16,31.01,11.46
103707,2026-04-18,South,GA,Lighting,Aria Desk Lamp,Retail,1,70.18,70.18,37.62,7.5,2.95
103605,2026-04-18,Northeast,MA,Furniture,Nimbus Chair,Online,3,311.11,933.33,599.79,137.24,53.54
103637,2026-04-18,West,NV,Lighting,Aria Desk Lamp,Online,5,70.24,351.18,174.96,54.84,15.32
103731,2026-04-19,South,TX,Storage,Vault Cabinet,Retail,3,259.56,778.69,473.26,89.83,29.31
103640,2026-04-19,West,NV,Lighting,Ember Floor Lamp,Online,5,111.32,556.61,296.75,75.72,31.05
103662,2026-04-19,Midwest,WI,Furniture,Drift Side Table,Wholesale,4,155.35,621.39,400.56,81.48,29.88
103603,2026-04-19,Northeast,NJ,Lighting,Halo Monitor Arm,Online,3,85.41,256.22,136.35,35.72,17.05
103629,2026-04-20,West,NV,Furniture,Nimbus Chair,Online,5,317.55,1587.76,1026.62,225.36,66.94
103581,2026-04-20,Northeast,PA,Lighting,Aria Desk Lamp,Wholesale,2,69.09,138.17,74.74,14.53,7.51
103648,2026-04-20,West,NV,Furniture,Drift Side Table,Online,3,146.54,439.63,259.21,69.72,13.75
103650,2026-04-20,West,WA,Furniture,Nimbus Chair,Online,5,330.33,1651.64,981.93,244.96,51.44
103744,2026-04-20,Southeast,NC,Furniture,Aster Bookcase,Wholesale,3,436.5,1309.5,830.25,131.08,56.71
103609,2026-04-20,Northeast,NY,Lighting,Aria Desk Lamp,Online,5,64.81,324.05,166.93,47.35,16.24
103646,2026-04-20,West,WA,Furniture,Aster Bookcase,Online,5,402.75,2013.75,1208.44,254.35,101.13
103570,2026-04-20,Northeast,PA,Furniture,Aster Bookcase,Retail,4,421.07,1684.28,1010.7,209.3,58.9
103659,2026-04-20,West,OR,Lighting,Aria Desk Lamp,Online,3,72.77,218.3,119.27,31.23,9.42
103660,2026-04-21,West,OR,Furniture,Drift Side Table,Online,5,146.0,730.0,435.55,98.49,50.85
103739,2026-04-21,South,TX,Lighting,Halo Monitor Arm,Online,3,92.11,276.34,151.94,29.52,19.34
103576,2026-04-21,Northeast,MA,Furniture,Nimbus Chair,Wholesale,4,325.34,1301.35,780.24,180.15,75.53
103700,2026-04-21,Midwest,WI,Lighting,Ember Floor Lamp,Online,5,111.55,557.77,294.83,88.11,34.41
103574,2026-04-21,Northeast,NY,Lighting,Halo Monitor Arm,Online,2,94.19,188.39,94.41,27.47,8.73
103676,2026-04-21,Midwest,IL,Lighting,Ember Floor Lamp,Retail,1,118.82,118.82,59.07,18.62,6.12
103754,2026-04-21,Southeast,VA,Lighting,Aria Desk Lamp,Retail,3,73.0,218.99,118.63,33.61,13.26
103572,2026-04-21,Northeast,NY,Furniture,Aster Bookcase,Online,5,415.83,2079.17,1315.98,217.85,93.9
103785,2026-04-21,Southwest,AZ,Lighting,Ember Floor Lamp,Retail,1,109.55,109.55,59.99,12.45,3.67
103759,2026-04-22,Southeast,VA,Furniture,Aster Bookcase,Retail,2,410.99,821.98,495.07,98.39,25.45
103726,2026-04-22,South,TN,Lighting,Halo Monitor Arm,Online,2,91.2,182.39,93.95,18.8,10.77
103618,2026-04-22,West,CA,Storage,Cascade Shelf,Online,4,176.44,705.77,432.4,105.92,32.58
103598,2026-04-22,Northeast,PA,Furniture,Drift Side Table,Retail,4,144.97,579.88,339.75,65.12,33.64
103749,2026-04-23,Southeast,VA,Lighting,Ember Floor Lamp,Retail,4,116.84,467.36,254.03,55.36,17.43
103599,2026-04-23,Northeast,PA,Lighting,Aria Desk Lamp,Online,3,64.62,193.86,105.49,26.06,10.01
103672,2026-04-23,Midwest,MI,Storage,Vault Cabinet,Wholesale,4,275.68,1102.73,636.99,170.95,51.9
103578,2026-04-23,Northeast,MA,Furniture,Aster Bookcase,Online,4,419.73,1678.92,988.35,205.52,102.01
103688,2026-04-23,Midwest,OH,Furniture,Aster Bookcase,Online,2,402.04,804.09,517.23,111.78,28.82
103619,2026-04-23,West,NV,Storage,Loop Bin Set,Online,1,51.6,51.6,28.71,5.37,1.93
103780,2026-04-24,Southwest,NM,Furniture,Aster Bookcase,Retail,2,398.57,797.13,483.12,102.94,41.04
103690,2026-04-24,Midwest,WI,Furniture,Aster Bookcase,Retail,4,394.8,1579.18,949.05,193.89,89.12
103593,2026-04-24,Northeast,NJ,Storage,Vault Cabinet,Online,5,262.24,1311.19,715.78,198.47,61.01
103594,2026-04-24,Northeast,PA,Furniture,Nimbus Chair,Retail,3,318.85,956.54,575.75,125.93,44.19
103704,2026-04-24,South,TN,Furniture,Nimbus Chair,Retail,3,331.15,993.45,648.49,122.76,49.27
103625,2026-04-24,West,CA,Storage,Loop Bin Set,Online,4,52.15,208.59,117.22,33.02,10.06
103718,2026-04-24,South,TX,Furniture,Drift Side Table,Wholesale,2,143.19,286.39,184.37,43.41,13.9
103712,2026-04-24,South,TX,Lighting,Aria Desk Lamp,Online,4,67.77,271.07,138.64,31.08,16.41
103571,2026-04-25,Northeast,NJ,Furniture,Nimbus Chair,Retail,3,339.68,1019.05,667.29,104.9,54.91
103715,2026-04-25,South,TX,Furniture,Drift Side Table,Wholesale,5,151.35,756.74,493.99,86.07,32.76
103600,2026-04-25,Northeast,PA,Lighting,Aria Desk Lamp,Online,4,71.66,286.62,144.46,29.21,9.45
103567,2026-04-25,Northeast,NJ,Furniture,Nimbus Chair,Wholesale,4,311.77,1247.1,740.54,145.91,63.56
103689,2026-04-25,Midwest,IL,Furniture,Nimbus Chair,Online,5,314.39,1571.97,1006.68,226.85,69.02
103756,2026-04-25,Southeast,VA,Lighting,Aria Desk Lamp,Retail,1,65.19,65.19,33.31,10.11,1.98
103679,2026-04-25,Midwest,OH,Furniture,Nimbus Chair,Wholesale,2,317.31,634.61,408.42,93.49,44.22
103696,2026-04-26,Midwest,MI,Storage,Cascade Shelf,Retail,4,183.56,734.24,436.11,97.48,27.47
103782,2026-04-26,Southwest,OK,Storage,Cascade Shelf,Retail,3,184.38,553.14,326.21,78.24,18.78
103771,2026-04-26,Southwest,OK,Lighting,Halo Monitor Arm,Online,2,90.4,180.81,94.52,27.61,5.78
103651,2026-04-26,West,OR,Furniture,Aster Bookcase,Online,2,441.78,883.56,546.36,131.64,34.08
103722,2026-04-26,South,TX,Furniture,Aster Bookcase,Wholesale,1,407.63,407.63,248.41,59.34,26.3
103764,2026-04-26,Southeast,SC,Furniture,Drift Side Table,Wholesale,4,152.69,610.74,389.06,83.85,28.83
103763,2026-04-26,Southeast,SC,Furniture,Aster Bookcase,Wholesale,4,418.56,1674.25,1037.63,169.3,61.41
103714,2026-04-26,South,AL,Furniture,Nimbus Chair,Online,5,309.18,1545.9,993.13,213.02,46.86
103601,2026-04-26,Northeast,NY,Furniture,Drift Side Table,Online,2,140.15,280.29,164.15,33.81,17.63
103742,2026-04-27,Southeast,VA,Furniture,Aster Bookcase,Online,1,441.68,441.68,261.11,67.02,23.4
103748,2026-04-27,Southeast,VA,Lighting,Aria Desk Lamp,Retail,1,68.66,68.66,35.57,8.54,2.4
103779,2026-04-27,Southwest,OK,Storage,Cascade Shelf,Online,3,179.72,539.15,307.87,79.5,37.37
103773,2026-04-27,Southwest,NM,Lighting,Aria Desk Lamp,Online,3,73.11,219.33,110.67,32.55,8.23
103762,2026-04-27,Southeast,NC,Furniture,Nimbus Chair,Retail,2,334.6,669.2,424.94,96.37,35.53
103706,2026-04-27,South,AL,Furniture,Aster Bookcase,Online,3,403.17,1209.51,793.2,126.01,42.15
103769,2026-04-27,Southwest,NM,Lighting,Halo Monitor Arm,Online,3,95.78,287.33,142.51,33.95,18.4
103602,2026-04-27,Northeast,NY,Lighting,Aria Desk Lamp,Online,1,67.91,67.91,34.78,8.16,3.38
103760,2026-04-28,Southeast,FL,Furniture,Aster Bookcase,Retail,4,440.83,1763.32,1144.43,265.06,66.23
103597,2026-04-28,Northeast,NJ,Lighting,Halo Monitor Arm,Online,2,92.87,185.74,94.04,26.0,8.66
103697,2026-04-28,Midwest,IL,Furniture,Nimbus Chair,Online,3,312.49,937.47,556.56,141.18,48.46
103737,2026-04-28,South,TX,Storage,Cascade Shelf,Online,1,173.61,173.61,102.93,21.12,11.08
103753,2026-04-28,Southeast,NC,Furniture,Nimbus Chair,Retail,2,335.12,670.25,421.39,83.91,32.84
103665,2026-04-28,Midwest,OH,Furniture,Aster Bookcase,Wholesale,4,436.27,1745.09,1039.49,226.75,115.25
103667,2026-04-28,Midwest,OH,Furniture,Nimbus Chair,Online,4,310.77,1243.07,774.49,187.27,63.61
103703,2026-04-28,Midwest,WI,Furniture,Aster Bookcase,Online,4,403.66,1614.64,944.02,187.89,108.87
103568,2026-04-28,Northeast,PA,Lighting,Aria Desk Lamp,Wholesale,3,66.52,199.56,99.46,20.01,12.07
103590,2026-04-28,Northeast,NJ,Storage,Cascade Shelf,Retail,5,185.25,926.23,535.91,104.49,64.29
103583,2026-04-28,Northeast,NJ,Furniture,Nimbus Chair,Online,4,321.33,1285.31,835.16,170.09,62.13
103686,2026-04-28,Midwest,WI,Storage,Loop Bin Set,Wholesale,2,55.67,111.33,61.96,15.68,5.28
103658,2026-04-29,West,OR,Lighting,Ember Floor Lamp,Retail,1,115.53,115.53,61.15,13.29,4.94
103774,2026-04-29,Southwest,NM,Storage,Loop Bin Set,Retail,4,55.21,220.84,120.73,34.21,13.65
103741,2026-04-29,Southeast,VA,Storage,Vault Cabinet,Online,1,263.74,263.74,157.3,36.31,8.7
103766,2026-04-29,Southeast,NC,Furniture,Aster Bookcase,Retail,5,442.14,2210.71,1289.82,223.13,100.64
103765,2026-04-29,Southeast,SC,Lighting,Aria Desk Lamp,Wholesale,3,68.61,205.83,101.9,27.05,14.02
103786,2026-04-29,Southwest,AZ,Furniture,Drift Side Table,Retail,1,140.88,140.88,90.5,17.51,8.25
103708,2026-04-29,South,TX,Storage,Loop Bin Set,Retail,1,53.3,53.3,30.84,8.01,2.17
103735,2026-04-29,South,GA,Furniture,Nimbus Chair,Wholesale,2,345.19,690.37,451.94,87.88,31.21
103577,2026-04-29,Northeast,NJ,Furniture,Nimbus Chair,Retail,3,309.14,927.42,548.35,124.35,28.5
103610,2026-04-29,Northeast,NY,Lighting,Halo Monitor Arm,Retail,4,90.52,362.07,177.49,54.17,17.8
103777,2026-04-30,Southwest,NM,Furniture,Aster Bookcase,Retail,2,427.29,854.58,547.81,101.72,28.56
103626,2026-04-30,West,OR,Storage,Vault Cabinet,Wholesale,1,276.75,276.75,153.12,42.22,18.26
103647,2026-04-30,West,OR,Furniture,Nimbus Chair,Retail,2,318.48,636.97,405.16,93.66,36.1
103673,2026-04-30,Midwest,WI,Furniture,Nimbus Chair,Retail,3,308.39,925.17,585.67,104.2,32.86
103694,2026-04-30,Midwest,MI,Lighting,Ember Floor Lamp,Online,2,118.05,236.1,116.49,27.22,13.93
103699,2026-04-30,Midwest,MI,Storage,Cascade Shelf,Wholesale,3,176.74,530.22,302.02,71.09,30.17
103705,2026-04-30,South,AL,Storage,Vault Cabinet,Wholesale,1,279.05,279.05,153.44,37.58,17.73
103616,2026-04-30,West,NV,Storage,Cascade Shelf,Online,3,185.21,555.62,309.84,59.66,25.73
103968,2026-05-01,Southeast,SC,Furniture,Aster Bookcase,Online,4,439.77,1759.09,1073.94,217.95,57.56
103963,2026-05-01,Southeast,FL,Furniture,Aster Bookcase,Retail,5,410.93,2054.63,1272.56,255.92,105.57
103912,2026-05-01,Midwest,IL,Furniture,Nimbus Chair,Retail,4,315.73,1262.93,769.07,134.91,65.71
103876,2026-05-01,West,CA,Lighting,Ember Floor Lamp,Wholesale,3,107.86,323.59,163.57,44.31,16.15
103870,2026-05-01,West,WA,Storage,Cascade Shelf,Online,4,172.63,690.53,391.2,90.59,41.05
103865,2026-05-01,West,OR,Storage,Cascade Shelf,Wholesale,5,192.0,960.01,534.25,98.1,34.61
103855,2026-05-01,West,CA,Storage,Cascade Shelf,Wholesale,5,191.57,957.84,542.44,136.47,49.33
103815,2026-05-01,Northeast,MA,Lighting,Halo Monitor Arm,Retail,4,95.95,383.81,197.99,47.65,18.43
103837,2026-05-01,West,NV,Lighting,Ember Floor Lamp,Retail,5,120.33,601.63,315.12,82.75,29.5
103792,2026-05-01,Northeast,PA,Storage,Cascade Shelf,Online,2,192.53,385.06,215.93,44.24,21.09
103862,2026-05-02,West,NV,Storage,Loop Bin Set,Retail,4,57.63,230.54,132.11,24.02,8.6
103937,2026-05-02,South,GA,Lighting,Ember Floor Lamp,Retail,3,114.52,343.55,176.6,39.97,14.97
103939,2026-05-02,South,TX,Lighting,Ember Floor Lamp,Online,4,120.57,482.29,261.66,69.37,15.78
103940,2026-05-02,South,TX,Furniture,Nimbus Chair,Retail,3,318.21,954.64,624.5,124.8,57.31
103832,2026-05-02,Northeast,NY,Furniture,Drift Side Table,Online,5,155.34,776.72,464.83,120.15,25.73
103884,2026-05-02,West,CA,Storage,Loop Bin Set,Retail,5,56.41,282.06,164.47,38.34,16.32
103806,2026-05-02,Northeast,PA,Lighting,Ember Floor Lamp,Online,2,108.59,217.18,114.66,28.71,10.82
103813,2026-05-03,Northeast,NY,Lighting,Aria Desk Lamp,Wholesale,2,65.76,131.52,71.76,14.6,4.04
103824,2026-05-03,Northeast,NJ,Lighting,Aria Desk Lamp,Online,1,67.68,67.68,34.79,9.72,4.52
103904,2026-05-03,Midwest,WI,Furniture,Nimbus Chair,Retail,1,310.16,310.16,201.71,32.58,19.4
103807,2026-05-04,Northeast,MA,Furniture,Drift Side Table,Wholesale,5,155.33,776.63,505.42,115.83,27.15
103830,2026-05-04,Northeast,MA,Lighting,Halo Monitor Arm,Retail,2,90.31,180.63,88.52,19.45,6.44
103914,2026-05-04,Midwest,OH,Lighting,Aria Desk Lamp,Wholesale,4,66.15,264.6,143.68,38.15,10.96
103949,2026-05-04,South,TX,Furniture,Aster Bookcase,Retail,2,416.76,833.52,500.99,97.43,41.17
103946,2026-05-04,South,GA,Storage,Vault Cabinet,Online,2,250.98,501.95,292.4,79.72,32.52
103861,2026-05-04,West,NV,Lighting,Halo Monitor Arm,Retail,4,94.42,377.68,197.76,53.87,22.97
103882,2026-05-05,West,OR,Furniture,Aster Bookcase,Retail,1,436.11,436.11,254.42,50.43,17.6
103995,2026-05-05,Southwest,NM,Lighting,Aria Desk Lamp,Online,2,71.23,142.45,77.25,17.57,9.05
103791,2026-05-06,Northeast,MA,Furniture,Aster Bookcase,Retail,4,439.85,1759.42,1041.21,255.46,116.93
103849,2026-05-06,West,CA,Storage,Loop Bin Set,Online,4,55.06,220.23,123.96,27.49,9.8
103839,2026-05-06,West,WA,Lighting,Aria Desk Lamp,Wholesale,4,65.43,261.72,142.05,26.35,17.63
103988,2026-05-06,Southwest,OK,Storage,Loop Bin Set,Wholesale,5,56.85,284.27,170.75,36.12,9.21
103986,2026-05-06,Southeast,FL,Lighting,Halo Monitor Arm,Retail,2,95.3,190.61,104.97,27.0,6.75
103987,2026-05-06,Southwest,AZ,Lighting,Halo Monitor Arm,Online,3,86.82,260.46,140.37,30.31,12.71
103908,2026-05-06,Midwest,MI,Storage,Vault Cabinet,Retail,5,268.71,1343.57,744.54,206.67,51.52
103854,2026-05-06,West,OR,Furniture,Aster Bookcase,Online,1,415.91,415.91,251.23,64.18,21.23
103928,2026-05-06,Midwest,IL,Furniture,Nimbus Chair,Online,5,318.82,1594.09,1002.46,212.79,89.13
103819,2026-05-06,Northeast,PA,Furniture,Nimbus Chair,Online,5,329.72,1648.6,986.24,173.9,55.22
103866,2026-05-07,West,CA,Furniture,Aster Bookcase,Wholesale,1,413.67,413.67,265.82,64.33,14.92
103947,2026-05-07,South,TN,Lighting,Aria Desk Lamp,Wholesale,4,67.11,268.43,133.93,42.15,13.49
103905,2026-05-07,Midwest,OH,Lighting,Aria Desk Lamp,Wholesale,2,71.02,142.03,74.99,16.43,5.43
103825,2026-05-08,Northeast,MA,Furniture,Nimbus Chair,Retail,1,317.99,317.99,187.1,33.14,18.44
103874,2026-05-08,West,NV,Furniture,Nimbus Chair,Online,1,344.94,344.94,202.29,38.23,11.22
103886,2026-05-08,West,NV,Furniture,Drift Side Table,Online,3,152.83,458.48,293.61,55.45,13.94
103936,2026-05-08,South,GA,Furniture,Nimbus Chair,Online,1,335.82,335.82,210.57,34.96,12.79
103979,2026-05-08,Southeast,VA,Lighting,Ember Floor Lamp,Retail,3,113.32,339.96,169.84,41.29,11.21
103906,2026-05-08,Midwest,MI,Furniture,Nimbus Chair,Online,1,334.11,334.11,216.34,50.38,14.02
103991,2026-05-09,Southwest,AZ,Storage,Loop Bin Set,Retail,5,57.11,285.56,157.17,31.93,13.67
103955,2026-05-09,South,GA,Furniture,Aster Bookcase,Wholesale,4,399.64,1598.56,981.72,225.3,104.55
103852,2026-05-09,West,WA,Storage,Cascade Shelf,Retail,3,182.0,546.01,314.0,75.97,30.35
103903,2026-05-09,Midwest,MI,Lighting,Halo Monitor Arm,Retail,2,85.13,170.26,90.29,22.77,7.44
103869,2026-05-09,West,NV,Lighting,Ember Floor Lamp,Online,1,109.84,109.84,59.96,12.77,5.38
103838,2026-05-09,West,WA,Storage,Loop Bin Set,Online,5,56.58,282.89,171.22,44.18,19.77
104001,2026-05-10,Southwest,NM,Storage,Vault Cabinet,Wholesale,5,276.67,1383.37,800.7,181.06,66.87
103930,2026-05-10,Midwest,WI,Furniture,Nimbus Chair,Retail,5,341.91,1709.54,1086.82,207.55,89.7
103877,2026-05-10,West,CA,Furniture,Nimbus Chair,Retail,5,311.86,1559.29,915.27,201.57,96.97
103799,2026-05-10,Northeast,NY,Furniture,Drift Side Table,Online,4,142.5,570.01,341.53,63.67,33.87
103898,2026-05-10,Midwest,IL,Furniture,Nimbus Chair,Online,1,334.3,334.3,197.04,37.94,13.38
103972,2026-05-10,Southeast,NC,Storage,Vault Cabinet,Online,2,263.35,526.7,295.5,53.62,24.57
103893,2026-05-11,Midwest,OH,Furniture,Nimbus Chair,Online,4,333.47,1333.89,813.0,163.23,63.82
103802,2026-05-11,Northeast,NY,Lighting,Ember Floor Lamp,Wholesale,4,119.03,476.11,261.91,75.64,32.74
103864,2026-05-11,West,NV,Storage,Vault Cabinet,Wholesale,4,255.45,1021.81,583.65,103.97,52.26
103989,2026-05-11,Southwest,AZ,Furniture,Drift Side Table,Online,3,142.75,428.26,267.18,51.86,17.28
103822,2026-05-12,Northeast,NJ,Furniture,Aster Bookcase,Online,1,429.56,429.56,264.87,64.05,15.12
103820,2026-05-12,Northeast,NY,Lighting,Aria Desk Lamp,Wholesale,5,66.57,332.85,170.04,46.34,20.99
103858,2026-05-12,West,WA,Furniture,Aster Bookcase,Online,3,400.99,1202.96,738.1,122.62,70.8
103941,2026-05-12,South,TN,Furniture,Aster Bookcase,Online,4,435.61,1742.46,1047.5,224.26,109.15
103798,2026-05-12,Northeast,NJ,Storage,Loop Bin Set,Online,3,54.53,163.59,96.65,19.93,8.3
103901,2026-05-12,Midwest,WI,Furniture,Nimbus Chair,Online,4,336.91,1347.64,811.23,205.36,79.31
103846,2026-05-12,West,CA,Furniture,Nimbus Chair,Wholesale,2,322.17,644.35,385.85,90.15,34.15
103793,2026-05-13,Northeast,MA,Lighting,Ember Floor Lamp,Wholesale,5,110.25,551.25,274.08,63.03,33.2
103994,2026-05-13,Southwest,NM,Storage,Loop Bin Set,Retail,4,52.77,211.06,127.21,33.56,7.38
103821,2026-05-13,Northeast,MA,Storage,Loop Bin Set,Online,4,54.55,218.19,132.98,29.45,9.54
103800,2026-05-13,Northeast,NJ,Lighting,Halo Monitor Arm,Wholesale,3,89.03,267.08,140.6,37.25,16.52
103967,2026-05-13,Southeast,SC,Storage,Vault Cabinet,Retail,1,254.53,254.53,138.92,27.63,8.59
103844,2026-05-13,West,WA,Lighting,Aria Desk Lamp,Online,4,66.95,267.8,138.93,30.15,15.36
103950,2026-05-13,South,TN,Storage,Cascade Shelf,Online,2,174.7,349.4,198.41,48.99,20.13
103935,2026-05-14,South,TN,Furniture,Aster Bookcase,Wholesale,5,399.27,1996.37,1285.78,208.04,136.84
103920,2026-05-14,Midwest,IL,Storage,Loop Bin Set,Online,1,57.22,57.22,32.45,8.25,3.78
103879,2026-05-14,West,NV,Furniture,Nimbus Chair,Online,1,326.08,326.08,192.86,41.04,15.37
103916,2026-05-14,Midwest,IL,Storage,Loop Bin Set,Online,3,57.96,173.87,95.86,21.93,9.57
103797,2026-05-14,Northeast,MA,Furniture,Aster Bookcase,Retail,2,441.74,883.49,545.79,126.47,57.73
103984,2026-05-14,Southeast,NC,Furniture,Nimbus Chair,Retail,1,316.08,316.08,204.99,36.34,18.14
103970,2026-05-14,Southeast,VA,Furniture,Nimbus Chair,Wholesale,1,313.15,313.15,200.39,42.78,17.77
103857,2026-05-14,West,NV,Furniture,Aster Bookcase,Online,1,410.34,410.34,259.65,62.51,20.59
103818,2026-05-14,Northeast,NY,Furniture,Aster Bookcase,Wholesale,4,434.19,1736.75,1069.73,177.71,96.06
103911,2026-05-15,Midwest,IL,Furniture,Nimbus Chair,Retail,5,307.68,1538.39,996.02,165.4,76.01
103966,2026-05-15,Southeast,FL,Furniture,Drift Side Table,Online,4,150.95,603.79,372.03,87.73,39.53
103892,2026-05-15,Midwest,OH,Furniture,Drift Side Table,Online,4,146.29,585.16,353.5,80.9,36.67
103990,2026-05-15,Southwest,OK,Lighting,Halo Monitor Arm,Online,2,90.06,180.12,97.64,18.9,11.31
103957,2026-05-15,South,TN,Lighting,Halo Monitor Arm,Online,3,85.19,255.57,133.05,29.31,16.79
103881,2026-05-15,West,NV,Lighting,Halo Monitor Arm,Online,1,90.32,90.32,44.4,9.32,5.69
103859,2026-05-16,West,OR,Lighting,Ember Floor Lamp,Online,1,116.74,116.74,61.6,15.17,6.99
103794,2026-05-16,Northeast,PA,Storage,Loop Bin Set,Retail,1,54.18,54.18,31.99,8.12,2.22
103889,2026-05-16,Midwest,IL,Furniture,Aster Bookcase,Online,2,413.58,827.16,488.56,124.86,54.01
103863,2026-05-16,West,OR,Lighting,Halo Monitor Arm,Online,1,86.37,86.37,43.11,11.62,4.88
103948,2026-05-16,South,GA,Furniture,Nimbus Chair,Online,4,313.73,1254.9,785.35,147.52,39.7
103788,2026-05-16,Northeast,NY,Furniture,Aster Bookcase,Retail,4,410.33,1641.3,967.86,187.69,80.26
103894,2026-05-17,Midwest,WI,Furniture,Drift Side Table,Online,3,151.93,455.79,273.03,57.87,24.64
104002,2026-05-17,Southwest,AZ,Furniture,Aster Bookcase,Online,2,394.32,788.63,498.7,107.9,41.31
103913,2026-05-17,Midwest,OH,Furniture,Aster Bookcase,Retail,5,411.69,2058.44,1238.44,310.35,124.18
103954,2026-05-17,South,TN,Lighting,Aria Desk Lamp,Retail,5,68.13,340.63,175.78,52.78,13.65
103805,2026-05-17,Northeast,MA,Lighting,Halo Monitor Arm,Wholesale,3,91.01,273.04,147.91,37.41,8.33
103983,2026-05-17,Southeast,SC,Storage,Vault Cabinet,Wholesale,3,254.75,764.25,444.47,110.64,32.42
103964,2026-05-17,Southeast,SC,Furniture,Nimbus Chair,Wholesale,1,305.83,305.83,192.88,47.38,15.91
103834,2026-05-18,Northeast,NJ,Lighting,Ember Floor Lamp,Online,3,118.45,355.34,177.99,53.82,23.51
103842,2026-05-18,West,OR,Furniture,Drift Side Table,Retail,1,151.95,151.95,92.56,23.21,7.27
103934,2026-05-18,South,GA,Furniture,Aster Bookcase,Online,1,442.02,442.02,267.29,66.4,16.74
103812,2026-05-18,Northeast,NY,Lighting,Aria Desk Lamp,Online,3,70.54,211.61,109.27,30.6,14.12
103960,2026-05-18,Southeast,FL,Furniture,Drift Side Table,Online,4,154.87,619.47,393.55,83.09,26.49
103980,2026-05-18,Southeast,NC,Furniture,Drift Side Table,Online,5,138.5,692.48,418.66,91.9,48.21
103808,2026-05-18,Northeast,MA,Furniture,Drift Side Table,Retail,2,151.51,303.02,181.8,38.62,17.16
103795,2026-05-18,Northeast,NY,Furniture,Aster Bookcase,Retail,1,439.43,439.43,281.79,59.42,19.64
103841,2026-05-19,West,NV,Storage,Cascade Shelf,Online,5,189.21,946.03,533.53,149.21,30.78
103835,2026-05-19,Northeast,NY,Lighting,Halo Monitor Arm,Retail,5,89.3,446.5,225.9,59.82,29.04
103938,2026-05-19,South,TX,Furniture,Nimbus Chair,Retail,3,311.19,933.56,548.24,109.3,44.38
103826,2026-05-19,Northeast,NY,Lighting,Ember Floor Lamp,Online,1,117.97,117.97,60.12,16.97,6.63
103976,2026-05-19,Southeast,NC,Furniture,Nimbus Chair,Retail,5,317.5,1587.48,993.17,210.29,64.2
103823,2026-05-19,Northeast,NJ,Furniture,Aster Bookcase,Wholesale,2,399.69,799.39,486.61,104.87,41.03
103915,2026-05-20,Midwest,MI,Lighting,Halo Monitor Arm,Online,5,84.98,424.9,216.7,50.59,25.47
103789,2026-05-20,Northeast,NY,Storage,Vault Cabinet,Online,4,252.41,1009.64,610.35,132.21,62.88
103982,2026-05-21,Southeast,FL,Furniture,Drift Side Table,Retail,4,152.6,610.42,363.08,88.09,34.13
103993,2026-05-21,Southwest,OK,Lighting,Ember Floor Lamp,Online,3,114.9,344.69,173.1,43.82,10.8
103843,2026-05-21,West,WA,Furniture,Aster Bookcase,Retail,4,417.72,1670.9,1062.15,170.66,82.96
103969,2026-05-21,Southeast,SC,Furniture,Aster Bookcase,Retail,2,427.79,855.57,531.68,103.12,34.01
103896,2026-05-21,Midwest,OH,Furniture,Nimbus Chair,Retail,4,333.86,1335.45,868.42,192.7,53.81
103868,2026-05-21,West,CA,Lighting,Aria Desk Lamp,Wholesale,3,66.42,199.25,107.84,28.31,7.74
103973,2026-05-21,Southeast,NC,Lighting,Halo Monitor Arm,Online,4,90.6,362.39,195.14,46.7,18.92
103897,2026-05-22,Midwest,WI,Furniture,Nimbus Chair,Retail,4,342.17,1368.7,836.59,169.32,78.61
103961,2026-05-22,Southeast,FL,Lighting,Aria Desk Lamp,Retail,5,66.88,334.4,183.19,49.52,16.79
103929,2026-05-22,Midwest,OH,Storage,Cascade Shelf,Online,1,175.63,175.63,97.23,21.88,11.0
103978,2026-05-23,Southeast,SC,Storage,Cascade Shelf,Online,5,191.22,956.09,526.32,103.42,46.26
103997,2026-05-23,Southwest,NM,Storage,Loop Bin Set,Online,4,57.98,231.92,130.32,27.0,8.31
103942,2026-05-23,South,TN,Lighting,Halo Monitor Arm,Wholesale,4,87.0,348.0,171.61,52.81,11.22
103887,2026-05-23,Midwest,MI,Furniture,Drift Side Table,Wholesale,1,139.69,139.69,89.94,18.69,7.65
103873,2026-05-23,West,WA,Storage,Vault Cabinet,Wholesale,4,253.09,1012.35,598.86,161.43,42.3
103847,2026-05-23,West,NV,Storage,Vault Cabinet,Retail,1,276.69,276.69,158.14,32.77,8.46
103977,2026-05-23,Southeast,SC,Storage,Vault Cabinet,Online,1,261.97,261.97,151.25,35.0,15.18
103790,2026-05-23,Northeast,MA,Furniture,Drift Side Table,Retail,3,148.96,446.88,268.4,56.18,30.83
103951,2026-05-24,South,TN,Furniture,Drift Side Table,Online,3,156.0,467.99,291.47,54.12,28.63
103931,2026-05-24,South,TN,Lighting,Ember Floor Lamp,Online,5,114.92,574.61,315.9,59.79,24.83
103921,2026-05-24,Midwest,OH,Lighting,Ember Floor Lamp,Wholesale,4,110.62,442.48,241.49,64.94,19.77
103891,2026-05-24,Midwest,OH,Lighting,Aria Desk Lamp,Online,5,66.12,330.6,166.04,52.74,17.3
103927,2026-05-24,Midwest,IL,Lighting,Ember Floor Lamp,Retail,1,120.52,120.52,62.08,17.2,3.94
103888,2026-05-24,Midwest,WI,Storage,Loop Bin Set,Wholesale,2,56.18,112.35,64.73,17.01,5.63
103801,2026-05-24,Northeast,NJ,Lighting,Ember Floor Lamp,Online,2,113.73,227.46,120.46,36.11,8.07
103810,2026-05-24,Northeast,NY,Storage,Cascade Shelf,Online,5,179.19,895.97,527.01,91.02,44.66
103871,2026-05-24,West,NV,Lighting,Halo Monitor Arm,Retail,2,93.07,186.15,92.31,23.14,8.52
103917,2026-05-24,Midwest,MI,Furniture,Aster Bookcase,Retail,3,425.98,1277.93,802.4,203.44,74.83
103909,2026-05-24,Midwest,MI,Lighting,Ember Floor Lamp,Wholesale,2,116.68,233.35,120.3,31.83,12.58
103959,2026-05-25,Southeast,FL,Lighting,Aria Desk Lamp,Retail,4,66.01,264.04,139.94,32.37,10.33
103880,2026-05-25,West,WA,Furniture,Nimbus Chair,Online,1,304.44,304.44,178.66,37.65,14.46
103944,2026-05-25,South,AL,Furniture,Drift Side Table,Wholesale,2,143.23,286.46,185.81,41.02,12.38
103981,2026-05-25,Southeast,FL,Lighting,Halo Monitor Arm,Wholesale,3,92.45,277.35,147.98,37.95,16.46
103814,2026-05-25,Northeast,PA,Furniture,Aster Bookcase,Wholesale,3,408.09,1224.26,724.23,168.36,55.77
103875,2026-05-25,West,NV,Storage,Cascade Shelf,Retail,1,192.6,192.6,110.49,25.33,5.99
103850,2026-05-25,West,NV,Lighting,Aria Desk Lamp,Online,3,71.02,213.06,115.35,25.59,9.77
103932,2026-05-25,South,TN,Furniture,Drift Side Table,Online,5,148.04,740.2,458.95,76.65,47.8
103925,2026-05-25,Midwest,IL,Furniture,Aster Bookcase,Online,3,405.02,1215.06,748.48,155.49,62.01
103856,2026-05-25,West,OR,Lighting,Halo Monitor Arm,Online,4,85.87,343.49,181.3,51.2,19.84
103890,2026-05-25,Midwest,OH,Storage,Vault Cabinet,Retail,3,278.61,835.83,483.29,96.33,45.59
103965,2026-05-26,Southeast,VA,Lighting,Ember Floor Lamp,Online,3,108.96,326.89,168.84,36.69,20.63
103848,2026-05-26,West,NV,Storage,Vault Cabinet,Online,1,254.64,254.64,143.93,31.97,15.25
103851,2026-05-26,West,NV,Storage,Loop Bin Set,Online,5,54.06,270.3,159.67,38.27,11.08
103998,2026-05-26,Southwest,NM,Furniture,Nimbus Chair,Online,4,310.53,1242.12,788.97,182.2,66.09
103996,2026-05-26,Southwest,AZ,Furniture,Drift Side Table,Online,5,152.67,763.34,474.43,107.04,26.84
103974,2026-05-26,Southeast,NC,Furniture,Aster Bookcase,Online,1,439.05,439.05,259.63,57.42,26.12
103924,2026-05-26,Midwest,MI,Lighting,Halo Monitor Arm,Online,1,93.9,93.9,50.86,12.09,3.85
103816,2026-05-26,Northeast,NY,Furniture,Aster Bookcase,Wholesale,2,442.15,884.3,579.82,130.45,26.63
104003,2026-05-26,Southwest,AZ,Lighting,Halo Monitor Arm,Retail,3,89.67,269.0,141.25,39.01,10.91
103953,2026-05-26,South,TX,Furniture,Aster Bookcase,Retail,3,441.07,1323.2,869.34,152.7,76.0
103933,2026-05-27,South,TX,Lighting,Halo Monitor Arm,Online,1,95.65,95.65,49.3,10.37,5.05
103811,2026-05-27,Northeast,NJ,Furniture,Nimbus Chair,Online,4,342.64,1370.57,883.46,151.55,91.7
103845,2026-05-27,West,OR,Furniture,Drift Side Table,Online,3,148.26,444.78,280.93,64.68,22.65
103919,2026-05-27,Midwest,WI,Furniture,Drift Side Table,Online,3,153.16,459.47,293.98,68.12,15.85
103992,2026-05-27,Southwest,AZ,Storage,Loop Bin Set,Wholesale,1,55.08,55.08,30.21,6.4,2.15
103829,2026-05-27,Northeast,MA,Furniture,Drift Side Table,Online,4,140.22,560.87,339.09,87.04,39.01
103945,2026-05-27,South,TX,Furniture,Drift Side Table,Retail,3,144.47,433.42,275.59,51.13,21.02
103883,2026-05-27,West,NV,Storage,Loop Bin Set,Wholesale,2,55.35,110.71,61.34,14.76,6.42
103900,2026-05-27,Midwest,IL,Storage,Loop Bin Set,Retail,2,55.35,110.7,66.71,13.29,5.39
103956,2026-05-27,South,AL,Lighting,Halo Monitor Arm,Wholesale,1,88.46,88.46,46.74,12.01,4.0
103817,2026-05-27,Northeast,MA,Storage,Vault Cabinet,Wholesale,5,268.25,1341.26,784.68,193.0,70.35
103943,2026-05-27,South,TX,Furniture,Aster Bookcase,Online,5,390.19,1950.97,1264.8,200.33,87.61
103809,2026-05-27,Northeast,NY,Lighting,Ember Floor Lamp,Wholesale,2,115.43,230.85,120.45,28.29,8.94
103840,2026-05-28,West,NV,Lighting,Ember Floor Lamp,Retail,1,115.15,115.15,61.33,15.34,3.83
103833,2026-05-28,Northeast,NJ,Storage,Loop Bin Set,Online,2,55.39,110.78,65.57,11.22,4.37
103878,2026-05-28,West,CA,Lighting,Ember Floor Lamp,Wholesale,2,106.64,213.29,111.9,21.53,7.23
103923,2026-05-28,Midwest,MI,Lighting,Halo Monitor Arm,Online,2,93.78,187.56,97.81,28.17,9.46
103867,2026-05-28,West,CA,Furniture,Nimbus Chair,Retail,3,340.13,1020.39,645.8,152.1,41.67
103803,2026-05-28,Northeast,NY,Lighting,Halo Monitor Arm,Online,5,85.43,427.15,222.27,67.44,23.91
103885,2026-05-28,West,WA,Lighting,Ember Floor Lamp,Wholesale,3,113.5,340.49,183.1,46.46,16.26
103804,2026-05-29,Northeast,PA,Lighting,Ember Floor Lamp,Retail,4,114.41,457.65,238.31,63.38,28.42
103918,2026-05-29,Midwest,MI,Storage,Loop Bin Set,Online,5,57.33,286.67,163.9,30.34,15.07
103910,2026-05-29,Midwest,IL,Lighting,Halo Monitor Arm,Retail,3,90.42,271.26,143.64,29.54,16.0
103827,2026-05-29,Northeast,MA,Lighting,Ember Floor Lamp,Online,2,112.49,224.97,116.84,28.64,7.67
103828,2026-05-29,Northeast,PA,Furniture,Drift Side Table,Online,1,149.1,149.1,87.87,18.0,5.55
103836,2026-05-29,Northeast,NJ,Storage,Loop Bin Set,Wholesale,3,57.31,171.92,95.06,22.13,8.5
104000,2026-05-29,Southwest,OK,Furniture,Nimbus Chair,Wholesale,5,324.88,1624.41,1037.94,179.67,71.11
103860,2026-05-29,West,CA,Furniture,Aster Bookcase,Online,2,415.43,830.85,513.34,93.13,40.56
103971,2026-05-29,Southeast,VA,Lighting,Halo Monitor Arm,Wholesale,4,87.09,348.35,175.37,45.57,21.45
103853,2026-05-30,West,OR,Storage,Loop Bin Set,Online,3,53.55,160.66,88.93,21.74,7.33
103952,2026-05-30,South,TX,Furniture,Aster Bookcase,Wholesale,2,421.08,842.16,528.46,84.39,46.25
103899,2026-05-30,Midwest,IL,Furniture,Nimbus Chair,Retail,5,330.82,1654.08,987.71,254.6,91.59
103902,2026-05-30,Midwest,WI,Storage,Vault Cabinet,Online,4,263.73,1054.9,636.83,142.76,61.27
103796,2026-05-30,Northeast,MA,Furniture,Nimbus Chair,Online,4,333.85,1335.38,805.23,187.25,55.77
103922,2026-05-30,Midwest,WI,Furniture,Drift Side Table,Retail,4,155.48,621.91,407.16,74.5,32.05
103958,2026-05-30,Southeast,VA,Lighting,Aria Desk Lamp,Wholesale,4,72.03,288.11,149.06,39.6,18.53
103975,2026-05-30,Southeast,VA,Lighting,Halo Monitor Arm,Online,5,87.87,439.33,227.26,65.93,23.93
103999,2026-05-31,Southwest,AZ,Furniture,Drift Side Table,Online,3,149.55,448.64,292.36,47.45,18.43
103926,2026-05-31,Midwest,MI,Lighting,Aria Desk Lamp,Wholesale,3,67.85,203.54,110.06,27.16,9.12
103831,2026-05-31,Northeast,NJ,Furniture,Aster Bookcase,Online,3,436.29,1308.87,784.84,133.45,73.29
103872,2026-05-31,West,OR,Furniture,Drift Side Table,Online,4,148.25,593.01,376.68,83.32,35.83
103962,2026-05-31,Southeast,VA,Storage,Vault Cabinet,Wholesale,2,272.15,544.29,322.7,60.65,18.32
103895,2026-05-31,Midwest,MI,Lighting,Aria Desk Lamp,Online,5,67.47,337.34,177.45,49.67,20.84
103907,2026-05-31,Midwest,MI,Furniture,Drift Side Table,Online,3,141.17,423.5,267.12,47.9,16.56
103985,2026-05-31,Southeast,VA,Lighting,Ember Floor Lamp,Wholesale,2,114.5,229.0,116.1,30.27,8.25
104082,2026-06-01,West,NV,Lighting,Halo Monitor Arm,Wholesale,3,91.36,274.08,142.79,41.92,18.44
104104,2026-06-01,West,OR,Storage,Vault Cabinet,Online,5,253.01,1265.07,762.13,182.52,44.1
104128,2026-06-01,Midwest,OH,Lighting,Aria Desk Lamp,Wholesale,3,69.93,209.78,107.99,24.1,7.4
104138,2026-06-01,Midwest,OH,Storage,Cascade Shelf,Retail,1,190.1,190.1,115.85,28.82,11.59
104185,2026-06-01,South,TN,Lighting,Aria Desk Lamp,Wholesale,3,71.38,214.15,108.51,31.68,10.94
104199,2026-06-01,Southeast,VA,Storage,Loop Bin Set,Retail,2,52.59,105.17,64.18,16.16,6.87
104204,2026-06-01,Southeast,VA,Furniture,Nimbus Chair,Wholesale,4,341.61,1366.44,873.19,186.86,54.54
104162,2026-06-01,South,GA,Storage,Cascade Shelf,Retail,3,189.69,569.07,330.07,86.95,25.79
104053,2026-06-01,Northeast,PA,Storage,Cascade Shelf,Online,4,172.1,688.41,405.94,103.23,25.03
104211,2026-06-02,Southeast,SC,Lighting,Aria Desk Lamp,Online,1,65.39,65.39,35.95,6.59,4.5
104031,2026-06-02,Northeast,NY,Storage,Loop Bin Set,Wholesale,2,52.52,105.03,63.14,10.64,4.35
104025,2026-06-02,Northeast,MA,Lighting,Ember Floor Lamp,Wholesale,2,108.25,216.51,108.96,23.32,11.64
104116,2026-06-02,Midwest,MI,Storage,Loop Bin Set,Online,1,56.82,56.82,31.69,7.51,2.38
104135,2026-06-02,Midwest,OH,Storage,Cascade Shelf,Retail,3,177.16,531.47,304.48,77.18,18.28
104239,2026-06-02,Southwest,NM,Furniture,Aster Bookcase,Wholesale,1,408.97,408.97,244.7,48.24,21.61
104176,2026-06-02,South,TX,Furniture,Aster Bookcase,Wholesale,3,438.76,1316.28,820.03,134.57,81.21
104071,2026-06-02,West,OR,Furniture,Aster Bookcase,Wholesale,4,396.84,1587.36,1005.51,160.13,100.73
104055,2026-06-02,Northeast,PA,Storage,Cascade Shelf,Online,2,175.27,350.55,196.02,36.13,22.75
104103,2026-06-02,West,OR,Storage,Cascade Shelf,Online,5,176.53,882.63,489.34,139.07,52.85
104078,2026-06-03,West,OR,Furniture,Drift Side Table,Wholesale,5,141.95,709.75,435.39,89.56,37.27
104036,2026-06-03,Northeast,PA,Furniture,Aster Bookcase,Wholesale,2,440.71,881.41,540.55,110.38,59.96
104109,2026-06-03,West,NV,Storage,Cascade Shelf,Online,3,173.28,519.83,314.67,66.57,25.83
104142,2026-06-03,Midwest,IL,Furniture,Nimbus Chair,Wholesale,3,342.98,1028.95,624.77,133.23,65.86
104125,2026-06-03,Midwest,MI,Lighting,Aria Desk Lamp,Online,1,70.94,70.94,35.39,8.18,3.41
104043,2026-06-04,Northeast,MA,Lighting,Halo Monitor Arm,Online,5,94.24,471.2,253.87,62.52,27.08
104047,2026-06-04,Northeast,PA,Furniture,Aster Bookcase,Retail,4,396.61,1586.43,1015.2,169.54,99.89
104237,2026-06-04,Southwest,AZ,Storage,Cascade Shelf,Online,1,185.68,185.68,112.27,25.97,10.18
104152,2026-06-04,Midwest,WI,Lighting,Halo Monitor Arm,Wholesale,5,87.36,436.78,224.93,69.28,28.52
104153,2026-06-04,Midwest,IL,Furniture,Drift Side Table,Wholesale,1,151.08,151.08,93.66,20.0,7.23
104235,2026-06-04,Southwest,NM,Lighting,Halo Monitor Arm,Retail,5,87.3,436.48,231.4,44.49,18.56
104197,2026-06-04,Southeast,SC,Lighting,Ember Floor Lamp,Online,1,117.74,117.74,62.95,18.78,5.57
104218,2026-06-04,Southeast,SC,Storage,Vault Cabinet,Online,4,249.54,998.15,595.02,121.67,35.87
104015,2026-06-04,Northeast,NY,Lighting,Ember Floor Lamp,Online,4,120.17,480.7,239.14,57.8,24.52
104203,2026-06-04,Southeast,NC,Storage,Vault Cabinet,Wholesale,2,272.16,544.31,318.02,82.27,29.71
104013,2026-06-04,Northeast,NJ,Furniture,Nimbus Chair,Online,5,336.42,1682.12,1000.41,170.23,101.81
104205,2026-06-04,Southeast,SC,Storage,Cascade Shelf,Online,1,190.36,190.36,114.45,28.16,6.94
104123,2026-06-05,Midwest,WI,Storage,Vault Cabinet,Online,1,256.68,256.68,140.43,30.32,13.17
104120,2026-06-05,Midwest,IL,Storage,Vault Cabinet,Retail,3,254.73,764.18,460.9,95.31,31.07
104111,2026-06-05,Midwest,MI,Furniture,Drift Side Table,Online,5,140.29,701.45,454.28,87.57,29.28
104234,2026-06-05,Southwest,OK,Lighting,Halo Monitor Arm,Online,4,86.64,346.54,189.44,53.04,12.19
104189,2026-06-05,South,AL,Storage,Loop Bin Set,Online,1,55.77,55.77,33.14,5.58,2.5
104238,2026-06-05,Southwest,OK,Furniture,Nimbus Chair,Online,2,315.5,631.0,386.7,75.52,20.72
104184,2026-06-05,South,TN,Furniture,Drift Side Table,Online,4,138.65,554.61,355.4,85.36,21.18
104024,2026-06-05,Northeast,NJ,Furniture,Drift Side Table,Retail,5,151.81,759.03,449.47,100.52,37.45
104058,2026-06-06,West,CA,Lighting,Ember Floor Lamp,Wholesale,3,120.26,360.77,181.03,48.98,15.63
104065,2026-06-06,West,CA,Storage,Cascade Shelf,Wholesale,3,177.1,531.3,322.31,77.34,19.05
104023,2026-06-06,Northeast,NJ,Furniture,Drift Side Table,Online,1,138.26,138.26,85.19,19.0,8.99
104166,2026-06-06,South,AL,Lighting,Aria Desk Lamp,Retail,4,65.66,262.65,129.05,32.78,9.41
104188,2026-06-06,South,TN,Lighting,Aria Desk Lamp,Online,1,65.03,65.03,35.41,8.2,2.17
104069,2026-06-06,West,CA,Furniture,Aster Bookcase,Online,2,424.94,849.87,528.04,92.86,35.91
104209,2026-06-07,Southeast,SC,Lighting,Ember Floor Lamp,Online,5,108.12,540.6,284.43,85.78,16.97
104051,2026-06-07,Northeast,NY,Furniture,Aster Bookcase,Online,1,398.28,398.28,233.76,46.45,21.33
104127,2026-06-07,Midwest,OH,Storage,Loop Bin Set,Online,4,52.62,210.48,122.4,26.06,11.24
104021,2026-06-07,Northeast,PA,Furniture,Drift Side Table,Online,2,138.78,277.56,165.31,42.76,9.2
104160,2026-06-07,Midwest,MI,Storage,Cascade Shelf,Online,1,171.42,171.42,96.32,24.99,5.18
104060,2026-06-07,West,OR,Furniture,Drift Side Table,Wholesale,3,141.82,425.46,255.86,61.03,21.07
104202,2026-06-07,Southeast,NC,Lighting,Aria Desk Lamp,Wholesale,2,71.15,142.29,69.59,14.79,5.83
104172,2026-06-08,South,TN,Lighting,Halo Monitor Arm,Retail,1,85.28,85.28,44.14,11.23,3.38
104130,2026-06-08,Midwest,OH,Lighting,Ember Floor Lamp,Retail,1,108.03,108.03,55.61,12.8,4.85
104191,2026-06-08,South,TN,Lighting,Ember Floor Lamp,Retail,3,117.74,353.21,193.96,36.09,11.37
104225,2026-06-08,Southeast,SC,Lighting,Halo Monitor Arm,Retail,1,94.68,94.68,49.29,10.46,4.68
104173,2026-06-08,South,TN,Lighting,Aria Desk Lamp,Online,4,71.42,285.68,148.31,41.24,16.46
104094,2026-06-08,West,NV,Furniture,Nimbus Chair,Retail,4,333.28,1333.11,788.55,145.97,53.77
104030,2026-06-08,Northeast,MA,Storage,Vault Cabinet,Online,1,263.58,263.58,161.78,38.46,13.75
104008,2026-06-09,Northeast,MA,Storage,Vault Cabinet,Retail,2,260.15,520.29,301.5,80.15,27.36
104113,2026-06-09,Midwest,OH,Furniture,Drift Side Table,Wholesale,2,150.13,300.26,193.29,43.66,20.17
104028,2026-06-09,Northeast,NJ,Furniture,Aster Bookcase,Online,3,396.36,1189.08,693.32,140.81,43.01
104141,2026-06-09,Midwest,WI,Storage,Loop Bin Set,Online,3,57.79,173.38,101.17,21.41,5.73
104236,2026-06-09,Southwest,NM,Furniture,Aster Bookcase,Online,3,395.6,1186.81,694.03,140.11,44.02
104144,2026-06-09,Midwest,IL,Furniture,Nimbus Chair,Online,5,335.45,1677.24,1043.28,238.76,81.83
104132,2026-06-10,Midwest,MI,Storage,Vault Cabinet,Retail,2,263.15,526.29,287.11,59.15,17.9
104077,2026-06-10,West,NV,Lighting,Ember Floor Lamp,Retail,1,113.13,113.13,57.81,17.55,7.2
104194,2026-06-10,South,TX,Lighting,Halo Monitor Arm,Wholesale,5,85.43,427.13,221.98,66.37,17.41
104151,2026-06-10,Midwest,WI,Furniture,Drift Side Table,Wholesale,2,156.28,312.56,194.01,43.67,15.69
104034,2026-06-11,Northeast,PA,Lighting,Halo Monitor Arm,Online,2,85.5,171.01,92.57,20.88,11.21
104033,2026-06-11,Northeast,NY,Furniture,Drift Side Table,Retail,2,144.43,288.86,189.41,33.54,13.76
104181,2026-06-11,South,AL,Furniture,Aster Bookcase,Retail,1,399.96,399.96,253.94,59.69,21.39
104178,2026-06-11,South,TN,Furniture,Aster Bookcase,Wholesale,4,417.35,1669.41,1035.71,187.59,113.5
104029,2026-06-11,Northeast,MA,Lighting,Halo Monitor Arm,Wholesale,5,89.07,445.36,242.95,67.17,16.55
104169,2026-06-11,South,TX,Furniture,Aster Bookcase,Retail,4,413.05,1652.19,999.78,190.19,60.63
104217,2026-06-11,Southeast,NC,Furniture,Nimbus Chair,Online,2,317.66,635.32,375.47,80.94,19.89
104102,2026-06-11,West,CA,Furniture,Drift Side Table,Wholesale,5,151.83,759.15,468.5,105.08,45.94
104100,2026-06-11,West,OR,Storage,Loop Bin Set,Retail,1,56.66,56.66,34.31,8.08,3.32
104084,2026-06-11,West,WA,Storage,Cascade Shelf,Online,5,173.7,868.48,497.12,127.15,26.35
104216,2026-06-11,Southeast,NC,Lighting,Ember Floor Lamp,Wholesale,1,109.6,109.6,54.58,12.39,6.46
104230,2026-06-11,Southwest,NM,Furniture,Drift Side Table,Retail,2,145.53,291.06,188.09,29.71,12.49
104139,2026-06-11,Midwest,OH,Furniture,Aster Bookcase,Wholesale,1,438.45,438.45,264.58,59.9,14.49
104080,2026-06-11,West,CA,Lighting,Aria Desk Lamp,Wholesale,3,70.46,211.37,108.49,25.96,6.98
104067,2026-06-11,West,NV,Furniture,Aster Bookcase,Online,4,408.16,1632.63,1014.01,230.53,86.54
104158,2026-06-11,Midwest,MI,Storage,Cascade Shelf,Retail,2,173.82,347.64,197.17,54.84,19.27
104114,2026-06-11,Midwest,WI,Storage,Vault Cabinet,Wholesale,1,261.79,261.79,144.24,35.71,17.26
104108,2026-06-12,West,CA,Furniture,Nimbus Chair,Wholesale,2,320.82,641.64,390.7,99.95,34.04
104224,2026-06-12,Southeast,SC,Lighting,Ember Floor Lamp,Online,4,119.3,477.18,248.18,67.96,29.37
104147,2026-06-12,Midwest,IL,Furniture,Drift Side Table,Online,4,150.7,602.82,380.31,68.39,41.3
104183,2026-06-12,South,AL,Lighting,Aria Desk Lamp,Online,1,68.05,68.05,35.48,10.07,3.36
104154,2026-06-12,Midwest,MI,Furniture,Aster Bookcase,Online,2,432.91,865.83,545.46,136.27,60.17
104009,2026-06-12,Northeast,NJ,Lighting,Aria Desk Lamp,Wholesale,2,66.91,133.82,72.15,14.36,8.4
104175,2026-06-12,South,TX,Lighting,Halo Monitor Arm,Online,4,87.71,350.83,188.55,37.13,14.96
104124,2026-06-12,Midwest,OH,Furniture,Nimbus Chair,Retail,5,340.16,1700.81,1010.88,226.58,67.3
104107,2026-06-12,West,NV,Furniture,Nimbus Chair,Online,3,312.91,938.73,550.89,93.88,33.17
104179,2026-06-12,South,AL,Lighting,Halo Monitor Arm,Online,4,93.69,374.76,194.89,55.51,21.93
104040,2026-06-12,Northeast,PA,Storage,Vault Cabinet,Online,1,280.12,280.12,170.33,40.65,10.09
104099,2026-06-12,West,NV,Furniture,Drift Side Table,Retail,5,148.88,744.41,488.85,109.24,40.02
104196,2026-06-12,South,GA,Lighting,Aria Desk Lamp,Wholesale,4,71.03,284.11,145.03,41.55,16.1
104057,2026-06-13,Northeast,PA,Furniture,Nimbus Chair,Online,5,343.62,1718.1,1021.08,175.42,61.82
104038,2026-06-13,Northeast,PA,Storage,Cascade Shelf,Wholesale,2,179.1,358.21,195.59,38.87,11.97
104200,2026-06-13,Southeast,FL,Furniture,Aster Bookcase,Wholesale,3,409.29,1227.87,766.24,140.98,78.6
104140,2026-06-13,Midwest,MI,Lighting,Halo Monitor Arm,Retail,5,87.99,439.93,222.92,54.88,22.9
104061,2026-06-13,West,WA,Storage,Loop Bin Set,Wholesale,1,53.66,53.66,30.42,7.31,3.04
104096,2026-06-13,West,CA,Lighting,Aria Desk Lamp,Retail,1,68.1,68.1,37.51,6.96,4.55
104085,2026-06-13,West,NV,Storage,Cascade Shelf,Retail,3,187.33,561.99,323.49,67.86,31.17
104156,2026-06-13,Midwest,IL,Furniture,Drift Side Table,Online,3,155.33,466.0,290.31,56.61,30.78
104143,2026-06-13,Midwest,MI,Storage,Vault Cabinet,Online,2,248.71,497.41,274.3,57.19,31.26
104187,2026-06-14,South,TN,Lighting,Ember Floor Lamp,Online,4,108.7,434.8,224.21,46.38,25.71
104220,2026-06-14,Southeast,NC,Lighting,Aria Desk Lamp,Retail,3,70.57,211.7,109.76,33.38,13.65
104171,2026-06-14,South,TX,Furniture,Drift Side Table,Retail,2,140.71,281.42,165.79,32.64,16.08
104049,2026-06-14,Northeast,NJ,Lighting,Halo Monitor Arm,Wholesale,2,87.42,174.84,87.76,27.66,7.12
104106,2026-06-14,West,CA,Furniture,Drift Side Table,Retail,1,145.65,145.65,93.6,21.96,7.41
104063,2026-06-14,West,NV,Lighting,Ember Floor Lamp,Online,2,112.52,225.05,112.44,34.1,12.29
104020,2026-06-14,Northeast,NJ,Lighting,Aria Desk Lamp,Wholesale,3,71.19,213.58,110.97,31.27,10.48
104177,2026-06-14,South,AL,Furniture,Nimbus Chair,Online,2,324.14,648.28,379.42,101.78,25.53
104032,2026-06-14,Northeast,NY,Furniture,Aster Bookcase,Online,2,402.47,804.95,515.52,102.56,29.36
104121,2026-06-15,Midwest,MI,Storage,Vault Cabinet,Wholesale,1,279.95,279.95,166.5,28.62,13.29
104174,2026-06-15,South,GA,Storage,Vault Cabinet,Online,1,257.89,257.89,148.95,36.11,13.61
104027,2026-06-15,Northeast,NJ,Lighting,Aria Desk Lamp,Wholesale,4,68.41,273.63,144.39,36.85,17.14
104193,2026-06-15,South,TX,Lighting,Halo Monitor Arm,Retail,2,84.72,169.44,90.16,23.97,9.61
104112,2026-06-15,Midwest,MI,Furniture,Nimbus Chair,Wholesale,1,338.87,338.87,208.7,46.37,17.65
104190,2026-06-16,South,AL,Furniture,Aster Bookcase,Retail,2,410.76,821.53,484.07,103.9,52.6
104081,2026-06-16,West,NV,Furniture,Drift Side Table,Wholesale,4,142.53,570.1,341.75,71.02,20.1
104165,2026-06-16,South,TN,Lighting,Aria Desk Lamp,Wholesale,5,69.38,346.92,184.13,51.16,13.18
104167,2026-06-16,South,TX,Furniture,Aster Bookcase,Online,3,391.07,1173.21,764.54,179.47,45.13
104212,2026-06-16,Southeast,VA,Lighting,Aria Desk Lamp,Retail,5,69.34,346.71,181.39,53.34,22.79
104227,2026-06-16,Southwest,AZ,Lighting,Ember Floor Lamp,Wholesale,3,112.97,338.92,174.61,48.89,17.29
104206,2026-06-17,Southeast,VA,Lighting,Halo Monitor Arm,Retail,2,85.85,171.69,94.44,23.08,10.45
104215,2026-06-17,Southeast,SC,Furniture,Drift Side Table,Online,5,147.96,739.78,464.21,98.29,32.14
104048,2026-06-17,Northeast,NJ,Storage,Vault Cabinet,Wholesale,4,278.68,1114.72,652.69,165.56,76.93
104231,2026-06-17,Southwest,AZ,Lighting,Ember Floor Lamp,Online,4,113.72,454.86,242.1,70.15,28.36
104062,2026-06-17,West,WA,Furniture,Nimbus Chair,Online,2,316.85,633.71,385.11,91.18,34.19
104076,2026-06-17,West,WA,Furniture,Nimbus Chair,Online,2,313.69,627.39,408.78,94.17,31.68
104068,2026-06-18,West,NV,Lighting,Ember Floor Lamp,Online,2,120.01,240.02,129.41,34.37,11.62
104012,2026-06-18,Northeast,MA,Storage,Cascade Shelf,Retail,3,172.9,518.7,310.9,67.24,29.43
104244,2026-06-18,Southwest,NM,Furniture,Aster Bookcase,Online,4,437.92,1751.7,1065.64,199.07,92.26
104163,2026-06-18,South,TX,Furniture,Drift Side Table,Wholesale,5,144.05,720.24,462.18,98.61,25.07
104086,2026-06-18,West,CA,Lighting,Ember Floor Lamp,Retail,2,119.7,239.4,128.07,27.57,11.31
104087,2026-06-18,West,WA,Furniture,Drift Side Table,Retail,1,145.27,145.27,85.47,16.7,5.79
104050,2026-06-18,Northeast,NJ,Furniture,Nimbus Chair,Retail,5,344.01,1720.06,1110.26,261.42,111.34
104117,2026-06-18,Midwest,MI,Furniture,Aster Bookcase,Wholesale,4,396.49,1585.97,924.5,248.51,56.0
104115,2026-06-18,Midwest,MI,Furniture,Nimbus Chair,Online,2,320.43,640.85,376.39,94.05,22.38
104026,2026-06-18,Northeast,NY,Furniture,Drift Side Table,Online,1,155.7,155.7,98.52,17.6,5.8
104014,2026-06-18,Northeast,NY,Lighting,Halo Monitor Arm,Online,1,86.4,86.4,44.72,8.9,4.39
104042,2026-06-19,Northeast,PA,Lighting,Ember Floor Lamp,Wholesale,1,115.7,115.7,59.99,16.64,5.92
104010,2026-06-19,Northeast,MA,Furniture,Aster Bookcase,Online,3,425.49,1276.47,814.38,196.18,47.96
104046,2026-06-19,Northeast,NJ,Furniture,Aster Bookcase,Retail,3,425.32,1275.95,762.67,146.48,81.86
104210,2026-06-19,Southeast,NC,Storage,Vault Cabinet,Retail,3,254.67,764.01,426.07,86.46,31.73
104041,2026-06-20,Northeast,NY,Furniture,Nimbus Chair,Online,1,309.45,309.45,193.29,32.37,14.54
104137,2026-06-20,Midwest,MI,Furniture,Drift Side Table,Online,3,150.96,452.87,285.19,67.15,29.73
104037,2026-06-20,Northeast,PA,Furniture,Drift Side Table,Wholesale,4,149.08,596.33,359.99,87.54,41.4
104083,2026-06-20,West,OR,Lighting,Aria Desk Lamp,Wholesale,1,71.46,71.46,38.05,8.67,3.58
104145,2026-06-20,Midwest,OH,Storage,Loop Bin Set,Online,4,54.95,219.81,127.4,25.28,13.96
104105,2026-06-20,West,CA,Lighting,Ember Floor Lamp,Wholesale,2,112.32,224.64,111.27,27.98,14.5
104039,2026-06-21,Northeast,NY,Furniture,Nimbus Chair,Retail,2,344.24,688.47,432.35,86.88,41.42
104074,2026-06-21,West,CA,Storage,Loop Bin Set,Retail,2,52.31,104.62,60.37,14.93,5.17
104168,2026-06-21,South,TN,Furniture,Nimbus Chair,Retail,2,305.18,610.36,380.41,92.24,38.07
104198,2026-06-21,Southeast,NC,Storage,Cascade Shelf,Online,4,171.2,684.79,379.05,86.44,23.73
104228,2026-06-21,Southwest,AZ,Lighting,Ember Floor Lamp,Online,5,116.53,582.65,316.43,59.94,29.35
104214,2026-06-21,Southeast,NC,Furniture,Aster Bookcase,Online,2,400.75,801.5,469.59,87.89,24.21
104075,2026-06-21,West,WA,Storage,Vault Cabinet,Wholesale,5,264.0,1320.0,741.15,185.08,69.84
104134,2026-06-22,Midwest,IL,Furniture,Drift Side Table,Online,3,141.28,423.83,277.94,57.79,21.7
104019,2026-06-22,Northeast,PA,Furniture,Nimbus Chair,Wholesale,1,306.07,306.07,197.43,48.3,17.76
104219,2026-06-22,Southeast,VA,Lighting,Aria Desk Lamp,Online,2,65.46,130.91,66.88,13.41,4.56
104161,2026-06-22,Midwest,WI,Lighting,Ember Floor Lamp,Wholesale,5,107.05,535.26,279.53,62.66,28.11
104089,2026-06-22,West,WA,Lighting,Ember Floor Lamp,Wholesale,2,115.0,230.0,121.97,29.1,15.48
104118,2026-06-22,Midwest,IL,Storage,Vault Cabinet,Wholesale,2,266.2,532.4,315.46,57.99,31.23
104207,2026-06-22,Southeast,SC,Furniture,Aster Bookcase,Wholesale,2,427.16,854.32,504.54,103.69,27.14
104016,2026-06-23,Northeast,NY,Furniture,Aster Bookcase,Online,4,440.5,1762.01,1125.65,257.61,55.93
104192,2026-06-23,South,TN,Lighting,Ember Floor Lamp,Online,1,109.55,109.55,56.43,16.44,4.38
104150,2026-06-23,Midwest,IL,Storage,Vault Cabinet,Wholesale,3,260.02,780.07,452.35,100.8,35.3
104079,2026-06-23,West,WA,Storage,Loop Bin Set,Wholesale,5,54.21,271.06,155.66,31.06,17.11
104226,2026-06-23,Southwest,OK,Furniture,Nimbus Chair,Retail,1,335.71,335.71,196.83,43.73,11.06
104092,2026-06-23,West,NV,Lighting,Aria Desk Lamp,Wholesale,1,67.22,67.22,36.51,6.81,4.47
104129,2026-06-24,Midwest,MI,Furniture,Nimbus Chair,Online,3,335.79,1007.38,593.02,110.31,43.37
104005,2026-06-24,Northeast,NY,Lighting,Aria Desk Lamp,Wholesale,1,65.7,65.7,35.79,7.66,3.01
104066,2026-06-24,West,WA,Furniture,Aster Bookcase,Wholesale,5,393.07,1965.36,1197.1,273.19,97.96
104007,2026-06-24,Northeast,NJ,Furniture,Aster Bookcase,Online,2,405.43,810.85,531.92,82.5,30.68
104018,2026-06-24,Northeast,PA,Storage,Vault Cabinet,Retail,3,274.03,822.1,459.18,95.84,43.3
104233,2026-06-24,Southwest,AZ,Lighting,Ember Floor Lamp,Online,2,118.02,236.04,123.27,31.7,10.4
104213,2026-06-24,Southeast,SC,Lighting,Halo Monitor Arm,Retail,3,89.83,269.49,142.67,27.96,18.47
104095,2026-06-24,West,WA,Storage,Loop Bin Set,Wholesale,4,56.72,226.9,128.74,30.86,10.53
104243,2026-06-25,Southwest,NM,Furniture,Aster Bookcase,Retail,1,410.7,410.7,264.67,54.09,20.7
104011,2026-06-25,Northeast,NY,Furniture,Aster Bookcase,Online,4,401.8,1607.2,960.21,206.73,110.21
104090,2026-06-25,West,OR,Furniture,Drift Side Table,Retail,3,147.06,441.17,281.38,63.52,21.52
104180,2026-06-25,South,TN,Lighting,Ember Floor Lamp,Online,4,116.89,467.57,243.39,70.31,29.17
104091,2026-06-25,West,CA,Furniture,Drift Side Table,Online,5,143.87,719.37,445.73,90.32,40.67
104131,2026-06-25,Midwest,WI,Furniture,Nimbus Chair,Retail,2,326.56,653.12,421.09,65.59,25.6
104186,2026-06-25,South,TN,Storage,Cascade Shelf,Online,3,192.93,578.79,329.52,81.1,39.18
104222,2026-06-25,Southeast,VA,Lighting,Halo Monitor Arm,Online,1,95.31,95.31,47.43,9.72,5.01
104149,2026-06-25,Midwest,OH,Storage,Loop Bin Set,Wholesale,3,57.06,171.18,103.13,18.79,11.84
104155,2026-06-25,Midwest,OH,Storage,Cascade Shelf,Online,3,171.98,515.93,282.69,52.74,22.16
104097,2026-06-26,West,CA,Furniture,Drift Side Table,Online,5,148.08,740.42,450.89,109.32,26.57
104098,2026-06-26,West,CA,Furniture,Aster Bookcase,Online,4,422.23,1688.9,1054.47,192.12,92.02
104035,2026-06-26,Northeast,NY,Lighting,Aria Desk Lamp,Wholesale,4,64.87,259.47,132.11,34.1,17.75
104133,2026-06-26,Midwest,IL,Furniture,Nimbus Chair,Online,1,329.91,329.91,194.29,51.8,11.94
104240,2026-06-26,Southwest,OK,Furniture,Nimbus Chair,Retail,5,328.05,1640.25,980.38,166.16,89.57
104044,2026-06-26,Northeast,MA,Furniture,Drift Side Table,Wholesale,1,147.77,147.77,96.68,21.52,9.05
104208,2026-06-26,Southeast,FL,Storage,Vault Cabinet,Retail,2,261.53,523.05,298.06,75.13,21.68
104052,2026-06-26,Northeast,PA,Furniture,Drift Side Table,Online,2,141.97,283.95,184.35,40.59,16.29
104170,2026-06-26,South,GA,Furniture,Drift Side Table,Wholesale,4,145.22,580.86,379.5,64.83,24.88
104232,2026-06-27,Southwest,AZ,Lighting,Aria Desk Lamp,Wholesale,4,71.42,285.7,146.03,43.45,18.29
104045,2026-06-27,Northeast,MA,Storage,Vault Cabinet,Online,2,258.17,516.33,282.79,74.91,32.07
104088,2026-06-27,West,WA,Lighting,Aria Desk Lamp,Retail,2,69.32,138.64,74.18,19.42,7.93
104195,2026-06-27,South,TN,Storage,Vault Cabinet,Online,3,276.11,828.32,462.48,83.73,47.68
104093,2026-06-27,West,OR,Storage,Vault Cabinet,Online,3,269.77,809.3,486.22,104.41,25.19
104070,2026-06-28,West,OR,Lighting,Ember Floor Lamp,Online,1,108.04,108.04,59.1,12.35,6.35
104101,2026-06-28,West,OR,Storage,Cascade Shelf,Online,4,176.98,707.91,397.53,100.51,45.1
104119,2026-06-28,Midwest,WI,Furniture,Aster Bookcase,Retail,1,397.78,397.78,260.54,57.58,25.05
104059,2026-06-28,West,OR,Furniture,Aster Bookcase,Retail,1,411.25,411.25,263.03,65.03,26.14
104004,2026-06-28,Northeast,PA,Furniture,Aster Bookcase,Retail,3,436.11,1308.33,823.11,139.38,75.85
104136,2026-06-28,Midwest,OH,Furniture,Drift Side Table,Wholesale,2,139.09,278.18,163.16,37.96,17.04
104157,2026-06-28,Midwest,MI,Lighting,Aria Desk Lamp,Retail,2,71.0,142.0,70.76,17.4,4.52
104182,2026-06-28,South,GA,Lighting,Halo Monitor Arm,Online,5,85.48,427.41,212.17,58.27,17.32
104242,2026-06-28,Southwest,OK,Furniture,Nimbus Chair,Online,3,331.8,995.41,590.76,155.78,33.5
104148,2026-06-29,Midwest,MI,Furniture,Drift Side Table,Online,4,156.57,626.27,369.92,85.99,43.53
104054,2026-06-29,Northeast,NY,Storage,Loop Bin Set,Retail,3,57.76,173.28,98.71,19.63,7.03
104072,2026-06-29,West,NV,Furniture,Drift Side Table,Retail,3,152.39,457.17,290.55,66.46,19.18
104073,2026-06-29,West,OR,Furniture,Drift Side Table,Retail,3,148.8,446.4,283.76,48.68,20.44
104201,2026-06-29,Southeast,VA,Furniture,Drift Side Table,Online,5,155.24,776.22,472.59,96.4,31.81
104110,2026-06-29,West,CA,Lighting,Aria Desk Lamp,Wholesale,1,65.44,65.44,33.41,9.26,3.08
104159,2026-06-29,Midwest,OH,Storage,Cascade Shelf,Online,2,183.91,367.82,201.76,41.63,23.82
104122,2026-06-29,Midwest,MI,Storage,Vault Cabinet,Online,1,256.82,256.82,152.62,26.69,9.94
104022,2026-06-29,Northeast,NY,Furniture,Drift Side Table,Online,3,141.95,425.84,264.89,49.21,22.24
104146,2026-06-29,Midwest,IL,Lighting,Aria Desk Lamp,Retail,2,71.49,142.97,74.64,20.25,6.85
104241,2026-06-29,Southwest,AZ,Furniture,Nimbus Chair,Wholesale,1,342.64,342.64,222.54,35.65,21.28
104229,2026-06-29,Southwest,NM,Storage,Loop Bin Set,Retail,4,52.11,208.45,126.72,28.01,10.83
104064,2026-06-29,West,WA,Storage,Vault Cabinet,Retail,5,274.17,1370.87,810.37,137.49,61.82
104056,2026-06-30,Northeast,PA,Furniture,Aster Bookcase,Retail,5,392.01,1960.06,1165.08,274.24,89.19
104017,2026-06-30,Northeast,NY,Lighting,Aria Desk Lamp,Retail,2,70.19,140.39,70.91,19.19,7.48
104126,2026-06-30,Midwest,MI,Lighting,Halo Monitor Arm,Online,5,88.43,442.15,225.0,67.5,16.98
104223,2026-06-30,Southeast,NC,Furniture,Drift Side Table,Retail,1,150.34,150.34,93.59,20.32,5.48
104221,2026-06-30,Southeast,NC,Furniture,Aster Bookcase,Online,4,390.59,1562.36,998.28,242.99,89.55
104164,2026-06-30,South,GA,Furniture,Nimbus Chair,Online,2,331.35,662.7,414.91,104.15,23.11
104006,2026-06-30,Northeast,MA,Lighting,Halo Monitor Arm,Online,4,90.31,361.24,192.37,44.72,18.72
104455,2026-07-01,Southwest,NM,Furniture,Nimbus Chair,Retail,1,307.64,307.64,193.2,32.47,21.19
104442,2026-07-01,Southeast,SC,Storage,Cascade Shelf,Online,4,188.1,752.4,433.78,102.82,39.9
104436,2026-07-01,Southeast,FL,Storage,Cascade Shelf,Wholesale,5,176.52,882.58,489.84,110.95,37.93
104417,2026-07-01,South,TX,Lighting,Aria Desk Lamp,Retail,1,65.7,65.7,32.97,9.52,2.82
104407,2026-07-01,South,AL,Furniture,Nimbus Chair,Wholesale,1,338.72,338.72,206.84,43.11,14.43
104327,2026-07-01,West,OR,Lighting,Ember Floor Lamp,Online,2,119.55,239.1,125.21,35.78,12.29
104324,2026-07-01,West,OR,Furniture,Aster Bookcase,Wholesale,3,438.35,1315.06,781.02,145.87,75.15
104313,2026-07-01,West,OR,Storage,Vault Cabinet,Online,4,256.47,1025.89,575.35,158.45,64.95
104263,2026-07-01,Northeast,PA,Furniture,Nimbus Chair,Retail,4,304.85,1219.41,753.39,169.01,74.05
104309,2026-07-01,West,CA,Furniture,Aster Bookcase,Online,3,428.98,1286.95,771.52,146.98,88.15
104300,2026-07-02,West,NV,Furniture,Aster Bookcase,Online,5,430.57,2152.83,1402.46,327.26,99.67
104323,2026-07-02,West,NV,Furniture,Aster Bookcase,Wholesale,2,420.36,840.71,549.16,107.67,52.07
104357,2026-07-02,Midwest,IL,Lighting,Aria Desk Lamp,Wholesale,2,71.79,143.58,78.15,20.52,7.68
104464,2026-07-02,Southwest,OK,Storage,Vault Cabinet,Retail,1,266.27,266.27,149.18,28.02,17.0
104275,2026-07-03,Northeast,NJ,Storage,Vault Cabinet,Retail,2,268.14,536.28,322.97,60.64,32.18
104349,2026-07-03,Midwest,IL,Furniture,Nimbus Chair,Retail,1,320.28,320.28,188.25,46.07,14.83
104247,2026-07-03,Northeast,NY,Storage,Vault Cabinet,Online,1,257.19,257.19,156.77,27.66,12.75
104269,2026-07-03,Northeast,PA,Storage,Vault Cabinet,Retail,2,260.59,521.17,299.02,72.55,34.6
104267,2026-07-03,Northeast,NJ,Furniture,Nimbus Chair,Wholesale,5,328.44,1642.2,1029.59,242.65,59.75
104375,2026-07-03,Midwest,IL,Furniture,Aster Bookcase,Retail,2,421.07,842.14,500.74,124.78,36.88
104321,2026-07-03,West,WA,Lighting,Halo Monitor Arm,Online,5,87.77,438.85,230.52,63.36,26.44
104306,2026-07-03,West,OR,Lighting,Ember Floor Lamp,Online,2,106.71,213.42,112.77,25.73,9.08
104338,2026-07-03,West,CA,Furniture,Drift Side Table,Online,3,139.48,418.45,250.6,45.02,14.53
104443,2026-07-03,Southeast,FL,Furniture,Drift Side Table,Retail,2,146.38,292.76,190.19,35.15,14.51
104374,2026-07-04,Midwest,IL,Storage,Cascade Shelf,Wholesale,1,172.77,172.77,99.07,26.89,10.63
104367,2026-07-04,Midwest,WI,Furniture,Aster Bookcase,Online,4,406.43,1625.73,1040.56,226.2,95.79
104261,2026-07-04,Northeast,MA,Furniture,Drift Side Table,Retail,2,138.04,276.07,168.56,31.11,18.13
104342,2026-07-04,West,CA,Lighting,Halo Monitor Arm,Wholesale,1,85.63,85.63,43.18,10.74,2.64
104259,2026-07-04,Northeast,NY,Storage,Loop Bin Set,Online,2,58.05,116.1,68.17,12.26,4.26
104356,2026-07-04,Midwest,WI,Storage,Cascade Shelf,Retail,3,184.2,552.59,319.52,59.32,23.75
104277,2026-07-04,Northeast,MA,Furniture,Aster Bookcase,Online,3,396.39,1189.16,720.57,170.0,39.43
104394,2026-07-04,South,GA,Furniture,Nimbus Chair,Retail,2,317.6,635.19,375.24,87.73,37.57
104403,2026-07-05,South,TN,Furniture,Drift Side Table,Online,2,147.85,295.69,193.29,37.61,11.97
104335,2026-07-05,West,NV,Lighting,Aria Desk Lamp,Wholesale,5,71.63,358.17,186.65,46.07,11.2
104312,2026-07-05,West,WA,Furniture,Aster Bookcase,Retail,1,418.95,418.95,258.88,51.75,20.35
104358,2026-07-05,Midwest,MI,Furniture,Drift Side Table,Retail,3,156.51,469.54,274.89,55.99,23.25
104452,2026-07-05,Southwest,NM,Lighting,Halo Monitor Arm,Online,4,85.35,341.39,182.43,49.35,18.51
104320,2026-07-05,West,WA,Furniture,Drift Side Table,Online,3,154.23,462.7,278.4,53.52,25.79
104249,2026-07-06,Northeast,NY,Lighting,Ember Floor Lamp,Online,5,109.74,548.7,268.71,67.93,27.19
104252,2026-07-06,Northeast,NY,Furniture,Nimbus Chair,Online,3,307.46,922.38,578.65,125.78,58.33
104377,2026-07-06,Midwest,OH,Lighting,Ember Floor Lamp,Wholesale,2,114.85,229.69,117.48,33.98,6.9
104454,2026-07-06,Southwest,AZ,Lighting,Aria Desk Lamp,Wholesale,3,68.89,206.67,103.1,24.07,7.38
104359,2026-07-07,Midwest,OH,Lighting,Aria Desk Lamp,Online,5,68.65,343.25,170.73,37.32,14.49
104414,2026-07-07,South,AL,Lighting,Halo Monitor Arm,Retail,1,95.77,95.77,47.77,14.93,5.64
104438,2026-07-07,Southeast,VA,Storage,Loop Bin Set,Online,5,57.9,289.49,176.88,40.95,10.81
104288,2026-07-07,Northeast,NY,Lighting,Aria Desk Lamp,Retail,2,69.51,139.02,74.37,19.54,5.91
104286,2026-07-07,Northeast,NJ,Furniture,Drift Side Table,Wholesale,2,148.9,297.81,195.19,43.4,11.71
104319,2026-07-08,West,CA,Furniture,Drift Side Table,Online,4,155.8,623.19,391.18,67.75,30.36
104258,2026-07-08,Northeast,PA,Lighting,Aria Desk Lamp,Retail,3,66.42,199.26,104.2,29.66,9.58
104285,2026-07-08,Northeast,PA,Furniture,Aster Bookcase,Wholesale,1,438.79,438.79,280.65,59.71,28.17
104340,2026-07-08,West,NV,Lighting,Halo Monitor Arm,Wholesale,3,93.19,279.56,146.15,31.54,14.79
104427,2026-07-08,Southeast,NC,Lighting,Aria Desk Lamp,Retail,4,69.2,276.81,148.72,41.14,14.03
104444,2026-07-08,Southeast,FL,Lighting,Aria Desk Lamp,Online,4,67.94,271.77,135.64,31.16,14.72
104272,2026-07-09,Northeast,NJ,Storage,Vault Cabinet,Online,1,247.15,247.15,151.46,30.42,14.76
104424,2026-07-09,Southeast,SC,Furniture,Aster Bookcase,Online,5,389.8,1949.01,1271.88,208.59,118.8
104270,2026-07-09,Northeast,NJ,Furniture,Drift Side Table,Retail,1,150.49,150.49,96.02,18.63,8.33
104456,2026-07-09,Southwest,NM,Furniture,Nimbus Chair,Wholesale,4,340.97,1363.87,823.02,204.13,74.34
104301,2026-07-09,West,NV,Lighting,Aria Desk Lamp,Wholesale,2,65.75,131.5,64.76,18.58,8.94
104420,2026-07-09,South,TX,Lighting,Aria Desk Lamp,Wholesale,1,68.03,68.03,35.69,9.25,2.5
104260,2026-07-09,Northeast,MA,Lighting,Halo Monitor Arm,Online,2,93.81,187.61,96.23,24.17,8.71
104274,2026-07-09,Northeast,NY,Furniture,Nimbus Chair,Wholesale,2,305.95,611.89,375.53,76.52,25.79
104329,2026-07-10,West,CA,Storage,Vault Cabinet,Online,2,257.74,515.47,298.2,74.89,29.07
104302,2026-07-10,West,NV,Lighting,Halo Monitor Arm,Retail,1,84.72,84.72,42.89,10.25,5.24
104425,2026-07-10,Southeast,SC,Furniture,Nimbus Chair,Wholesale,4,308.02,1232.08,805.65,160.35,80.71
104289,2026-07-10,Northeast,MA,Storage,Loop Bin Set,Online,4,54.96,219.83,124.9,25.44,12.25
104271,2026-07-10,Northeast,NY,Storage,Loop Bin Set,Retail,2,51.4,102.79,62.75,11.32,4.62
104409,2026-07-10,South,TN,Storage,Vault Cabinet,Retail,2,249.46,498.92,287.02,73.4,21.99
104453,2026-07-10,Southwest,OK,Lighting,Ember Floor Lamp,Wholesale,2,118.55,237.11,128.8,36.64,9.03
104344,2026-07-11,West,WA,Lighting,Halo Monitor Arm,Retail,2,89.75,179.5,95.41,25.91,10.8
104433,2026-07-11,Southeast,FL,Storage,Loop Bin Set,Retail,5,53.4,267.0,152.56,26.84,16.33
104384,2026-07-11,South,GA,Furniture,Aster Bookcase,Retail,4,442.57,1770.28,1128.09,268.45,107.53
104331,2026-07-11,West,NV,Lighting,Halo Monitor Arm,Wholesale,3,89.67,269.0,148.26,36.57,15.41
104415,2026-07-11,South,GA,Lighting,Aria Desk Lamp,Wholesale,1,66.84,66.84,35.5,9.61,4.08
104412,2026-07-11,South,GA,Lighting,Aria Desk Lamp,Online,2,68.1,136.21,73.25,17.87,6.68
104372,2026-07-12,Midwest,WI,Lighting,Ember Floor Lamp,Retail,5,107.35,536.74,266.59,62.34,29.54
104250,2026-07-12,Northeast,MA,Furniture,Aster Bookcase,Retail,2,396.98,793.96,506.1,105.61,35.8
104383,2026-07-12,South,GA,Furniture,Drift Side Table,Retail,2,149.81,299.63,181.56,39.28,19.12
104388,2026-07-12,South,GA,Storage,Vault Cabinet,Wholesale,3,260.53,781.6,427.3,88.99,24.83
104314,2026-07-12,West,NV,Furniture,Nimbus Chair,Online,5,311.96,1559.8,997.41,201.75,99.4
104411,2026-07-12,South,TX,Lighting,Halo Monitor Arm,Online,4,84.55,338.2,171.5,53.84,22.87
104459,2026-07-12,Southwest,OK,Furniture,Drift Side Table,Retail,5,141.49,707.46,416.66,74.56,48.35
104279,2026-07-13,Northeast,NJ,Lighting,Ember Floor Lamp,Online,5,111.15,555.75,299.73,63.48,35.73
104248,2026-07-13,Northeast,NY,Storage,Cascade Shelf,Online,1,173.54,173.54,96.82,23.51,6.39
104449,2026-07-13,Southwest,AZ,Furniture,Nimbus Chair,Online,2,305.78,611.57,398.15,69.25,28.26
104295,2026-07-13,Northeast,NY,Lighting,Halo Monitor Arm,Online,3,96.11,288.33,147.91,37.79,13.12
104362,2026-07-14,Midwest,OH,Storage,Cascade Shelf,Retail,4,179.33,717.31,396.46,106.67,47.71
104345,2026-07-14,West,CA,Lighting,Ember Floor Lamp,Wholesale,1,116.6,116.6,63.51,18.25,6.61
104354,2026-07-15,Midwest,OH,Lighting,Halo Monitor Arm,Online,2,86.64,173.27,88.34,27.36,11.13
104256,2026-07-15,Northeast,NY,Lighting,Aria Desk Lamp,Online,3,71.55,214.66,116.44,27.66,10.79
104373,2026-07-15,Midwest,OH,Lighting,Halo Monitor Arm,Retail,4,91.83,367.31,181.33,49.76,13.32
104282,2026-07-15,Northeast,NJ,Furniture,Drift Side Table,Online,1,141.48,141.48,84.01,16.07,7.29
104418,2026-07-15,South,TX,Furniture,Drift Side Table,Retail,3,148.48,445.44,274.63,54.15,21.36
104353,2026-07-15,Midwest,WI,Furniture,Drift Side Table,Retail,1,149.71,149.71,92.22,16.52,5.84
104458,2026-07-15,Southwest,NM,Lighting,Halo Monitor Arm,Online,4,90.23,360.94,180.5,52.41,23.92
104450,2026-07-15,Southwest,AZ,Lighting,Ember Floor Lamp,Retail,2,117.78,235.57,127.73,28.7,7.97
104251,2026-07-15,Northeast,PA,Lighting,Aria Desk Lamp,Online,1,70.7,70.7,36.87,9.44,4.11
104318,2026-07-15,West,WA,Furniture,Aster Bookcase,Retail,3,395.62,1186.85,760.87,148.49,65.54
104310,2026-07-15,West,WA,Furniture,Drift Side Table,Online,1,140.35,140.35,83.85,14.77,4.98
104245,2026-07-16,Northeast,MA,Storage,Cascade Shelf,Online,1,175.07,175.07,104.68,27.07,8.29
104316,2026-07-16,West,OR,Storage,Cascade Shelf,Online,2,173.93,347.85,192.82,42.72,23.04
104379,2026-07-16,Midwest,WI,Lighting,Aria Desk Lamp,Retail,3,64.91,194.73,97.88,29.56,10.68
104408,2026-07-16,South,AL,Furniture,Nimbus Chair,Online,3,311.75,935.24,600.62,145.5,40.31
104371,2026-07-16,Midwest,IL,Lighting,Aria Desk Lamp,Retail,2,71.2,142.4,74.35,20.6,5.77
104389,2026-07-16,South,AL,Furniture,Aster Bookcase,Retail,5,441.48,2207.39,1353.56,260.83,79.84
104385,2026-07-16,South,TN,Furniture,Aster Bookcase,Online,1,395.21,395.21,238.19,56.64,22.39
104254,2026-07-16,Northeast,PA,Furniture,Aster Bookcase,Wholesale,5,433.4,2167.02,1357.21,269.05,99.76
104381,2026-07-17,Midwest,MI,Lighting,Halo Monitor Arm,Wholesale,5,94.06,470.3,232.61,68.08,15.74
104307,2026-07-17,West,WA,Furniture,Nimbus Chair,Wholesale,4,315.8,1263.2,810.53,150.55,69.97
104446,2026-07-17,Southwest,OK,Lighting,Ember Floor Lamp,Retail,5,107.51,537.55,281.02,71.98,35.72
104406,2026-07-17,South,AL,Lighting,Ember Floor Lamp,Retail,3,106.97,320.91,165.0,34.33,9.9
104422,2026-07-17,Southeast,FL,Storage,Loop Bin Set,Online,1,57.0,57.0,32.09,7.07,3.76
104296,2026-07-17,Northeast,NY,Furniture,Aster Bookcase,Retail,2,412.28,824.57,533.66,114.18,28.28
104332,2026-07-17,West,NV,Furniture,Nimbus Chair,Wholesale,1,333.25,333.25,216.0,41.37,19.51
104336,2026-07-17,West,NV,Furniture,Drift Side Table,Online,4,142.94,571.77,337.96,66.91,32.82
104253,2026-07-18,Northeast,PA,Lighting,Aria Desk Lamp,Online,4,72.46,289.84,147.6,33.82,19.86
104405,2026-07-18,South,GA,Lighting,Halo Monitor Arm,Retail,1,89.35,89.35,49.24,10.2,4.45
104352,2026-07-18,Midwest,MI,Lighting,Halo Monitor Arm,Retail,3,86.36,259.08,141.9,37.18,14.02
104463,2026-07-18,Southwest,OK,Storage,Cascade Shelf,Wholesale,2,188.7,377.4,215.56,55.07,16.26
104266,2026-07-18,Northeast,MA,Furniture,Drift Side Table,Online,2,140.43,280.86,165.15,36.68,10.15
104317,2026-07-18,West,WA,Furniture,Aster Bookcase,Retail,4,411.02,1644.08,1065.41,204.11,82.76
104281,2026-07-18,Northeast,NJ,Storage,Loop Bin Set,Online,3,53.24,159.71,91.93,20.94,8.61
104448,2026-07-18,Southwest,AZ,Storage,Vault Cabinet,Online,1,255.88,255.88,141.15,39.53,14.79
104273,2026-07-18,Northeast,NY,Lighting,Halo Monitor Arm,Wholesale,1,87.27,87.27,45.49,10.01,4.56
104434,2026-07-19,Southeast,FL,Storage,Loop Bin Set,Retail,4,56.99,227.95,135.71,26.89,11.03
104326,2026-07-19,West,NV,Furniture,Aster Bookcase,Retail,3,412.7,1238.09,767.1,171.28,69.21
104396,2026-07-19,South,AL,Storage,Vault Cabinet,Online,2,280.54,561.08,316.53,87.65,36.34
104339,2026-07-19,West,CA,Storage,Cascade Shelf,Online,3,185.56,556.68,341.02,57.47,35.02
104423,2026-07-19,Southeast,VA,Lighting,Ember Floor Lamp,Online,4,106.88,427.54,231.35,55.31,16.25
104431,2026-07-19,Southeast,FL,Furniture,Aster Bookcase,Online,4,393.59,1574.35,929.56,248.65,76.59
104369,2026-07-19,Midwest,OH,Lighting,Halo Monitor Arm,Online,2,89.59,179.18,96.11,21.29,9.91
104368,2026-07-20,Midwest,WI,Lighting,Ember Floor Lamp,Wholesale,2,113.68,227.36,119.72,27.87,13.35
104462,2026-07-20,Southwest,OK,Lighting,Halo Monitor Arm,Online,2,89.38,178.77,94.66,22.15,7.94
104395,2026-07-20,South,TX,Lighting,Aria Desk Lamp,Wholesale,1,65.51,65.51,33.28,9.25,4.04
104328,2026-07-20,West,NV,Lighting,Aria Desk Lamp,Online,3,71.49,214.48,116.17,23.23,9.16
104390,2026-07-20,South,TX,Lighting,Ember Floor Lamp,Wholesale,2,107.97,215.93,115.51,22.47,11.03
104441,2026-07-20,Southeast,FL,Lighting,Ember Floor Lamp,Online,4,119.43,477.72,260.14,62.29,24.64
104451,2026-07-20,Southwest,OK,Lighting,Aria Desk Lamp,Online,4,65.23,260.91,138.43,34.45,13.09
104382,2026-07-20,Midwest,IL,Furniture,Drift Side Table,Retail,2,155.14,310.28,202.04,45.61,16.8
104308,2026-07-20,West,OR,Lighting,Ember Floor Lamp,Online,1,111.93,111.93,61.06,15.2,6.5
104419,2026-07-21,South,AL,Furniture,Nimbus Chair,Online,2,330.77,661.54,434.46,80.46,37.87
104397,2026-07-21,South,TX,Storage,Cascade Shelf,Retail,4,176.02,704.07,418.62,75.3,28.4
104404,2026-07-21,South,TN,Furniture,Nimbus Chair,Online,5,313.56,1567.8,967.57,193.06,83.32
104432,2026-07-21,Southeast,VA,Storage,Loop Bin Set,Online,3,56.21,168.64,92.35,23.92,11.47
104311,2026-07-21,West,WA,Storage,Cascade Shelf,Online,3,188.45,565.36,346.89,59.44,26.88
104293,2026-07-21,Northeast,PA,Furniture,Aster Bookcase,Wholesale,1,440.1,440.1,274.45,44.15,15.82
104370,2026-07-21,Midwest,WI,Furniture,Aster Bookcase,Retail,1,429.02,429.02,271.7,63.94,15.53
104460,2026-07-21,Southwest,AZ,Furniture,Nimbus Chair,Online,2,323.09,646.19,416.43,84.74,29.57
104350,2026-07-21,Midwest,WI,Furniture,Aster Bookcase,Wholesale,4,394.02,1576.07,964.22,201.93,72.36
104387,2026-07-21,South,TX,Lighting,Aria Desk Lamp,Online,4,73.4,293.58,157.78,34.72,12.69
104325,2026-07-22,West,WA,Furniture,Aster Bookcase,Online,2,434.68,869.36,522.07,88.35,33.61
104333,2026-07-22,West,WA,Lighting,Aria Desk Lamp,Retail,3,65.94,197.82,105.38,31.0,11.69
104341,2026-07-22,West,NV,Furniture,Drift Side Table,Online,2,149.26,298.51,195.65,31.21,11.41
104346,2026-07-22,West,CA,Furniture,Aster Bookcase,Online,4,408.48,1633.91,1040.36,218.95,78.48
104347,2026-07-22,West,CA,Furniture,Aster Bookcase,Retail,3,413.65,1240.95,758.34,128.86,75.74
104410,2026-07-22,South,TN,Storage,Vault Cabinet,Wholesale,1,271.35,271.35,164.53,38.4,8.3
104426,2026-07-22,Southeast,NC,Lighting,Aria Desk Lamp,Wholesale,3,65.44,196.31,103.31,27.3,11.97
104268,2026-07-22,Northeast,NJ,Lighting,Halo Monitor Arm,Online,3,92.38,277.13,142.68,40.61,19.3
104264,2026-07-22,Northeast,MA,Lighting,Aria Desk Lamp,Retail,2,68.11,136.21,71.95,14.83,9.15
104380,2026-07-22,Midwest,MI,Furniture,Nimbus Chair,Wholesale,4,322.37,1289.46,751.76,138.72,56.86
104348,2026-07-22,West,WA,Lighting,Aria Desk Lamp,Online,4,68.4,273.58,137.72,34.58,16.84
104400,2026-07-23,South,TX,Furniture,Nimbus Chair,Online,3,328.43,985.3,613.19,108.94,64.03
104393,2026-07-23,South,GA,Lighting,Aria Desk Lamp,Wholesale,1,64.87,64.87,31.95,8.74,2.92
104284,2026-07-24,Northeast,NY,Lighting,Aria Desk Lamp,Retail,5,73.12,365.6,194.94,48.92,12.48
104276,2026-07-24,Northeast,MA,Storage,Vault Cabinet,Retail,5,279.56,1397.78,790.57,212.29,93.12
104428,2026-07-24,Southeast,NC,Furniture,Drift Side Table,Wholesale,2,153.58,307.17,200.53,35.82,20.51
104294,2026-07-24,Northeast,NJ,Lighting,Ember Floor Lamp,Wholesale,1,113.37,113.37,61.51,12.94,5.36
104278,2026-07-24,Northeast,MA,Lighting,Halo Monitor Arm,Online,3,93.66,280.97,149.56,40.09,13.48
104386,2026-07-24,South,AL,Lighting,Halo Monitor Arm,Online,1,88.08,88.08,44.75,9.31,2.65
104322,2026-07-24,West,CA,Storage,Vault Cabinet,Wholesale,1,280.16,280.16,158.85,40.88,13.77
104376,2026-07-24,Midwest,OH,Storage,Loop Bin Set,Retail,1,55.51,55.51,32.62,5.97,3.57
104439,2026-07-24,Southeast,VA,Furniture,Drift Side Table,Wholesale,1,137.83,137.83,89.75,15.88,7.56
104363,2026-07-24,Midwest,WI,Storage,Loop Bin Set,Online,2,51.97,103.94,61.24,15.11,6.88
104315,2026-07-24,West,WA,Furniture,Drift Side Table,Wholesale,4,155.78,623.11,379.2,95.68,25.96
104401,2026-07-24,South,AL,Furniture,Nimbus Chair,Wholesale,5,326.38,1631.89,969.63,185.46,55.94
104337,2026-07-24,West,OR,Furniture,Aster Bookcase,Wholesale,3,394.06,1182.17,742.49,133.91,69.73
104399,2026-07-25,South,GA,Lighting,Ember Floor Lamp,Online,3,120.72,362.17,197.93,55.47,17.88
104330,2026-07-25,West,WA,Furniture,Nimbus Chair,Retail,3,317.74,953.22,625.08,142.7,55.3
104298,2026-07-25,West,NV,Lighting,Aria Desk Lamp,Online,3,65.49,196.48,103.93,23.02,13.34
104413,2026-07-25,South,GA,Furniture,Nimbus Chair,Online,5,315.78,1578.88,958.79,214.66,86.97
104246,2026-07-26,Northeast,MA,Furniture,Aster Bookcase,Retail,4,426.18,1704.71,1065.2,176.81,68.19
104287,2026-07-26,Northeast,NY,Furniture,Nimbus Chair,Retail,3,331.05,993.14,614.41,148.0,39.34
104421,2026-07-26,Southeast,VA,Storage,Cascade Shelf,Online,1,175.44,175.44,102.7,22.84,10.82
104364,2026-07-26,Midwest,MI,Furniture,Nimbus Chair,Online,2,336.96,673.93,415.0,91.46,46.86
104257,2026-07-26,Northeast,NY,Furniture,Aster Bookcase,Retail,5,438.24,2191.19,1437.24,336.45,111.44
104291,2026-07-26,Northeast,NY,Furniture,Nimbus Chair,Online,2,325.35,650.71,386.57,69.75,29.53
104461,2026-07-27,Southwest,OK,Lighting,Aria Desk Lamp,Wholesale,2,68.48,136.95,71.68,18.02,8.73
104435,2026-07-27,Southeast,SC,Storage,Vault Cabinet,Online,2,256.78,513.56,287.69,71.06,22.94
104440,2026-07-27,Southeast,VA,Lighting,Aria Desk Lamp,Wholesale,3,68.39,205.16,111.12,20.94,9.54
104255,2026-07-27,Northeast,MA,Storage,Vault Cabinet,Wholesale,2,263.45,526.9,317.43,61.45,16.34
104429,2026-07-27,Southeast,NC,Storage,Vault Cabinet,Retail,3,279.13,837.39,503.76,89.19,32.38
104430,2026-07-27,Southeast,VA,Furniture,Aster Bookcase,Wholesale,4,427.28,1709.13,1107.35,240.85,113.82
104378,2026-07-27,Midwest,IL,Lighting,Aria Desk Lamp,Online,2,70.74,141.47,76.87,18.79,6.02
104361,2026-07-27,Midwest,MI,Furniture,Aster Bookcase,Retail,1,424.84,424.84,265.78,62.4,25.87
104265,2026-07-28,Northeast,NY,Lighting,Halo Monitor Arm,Wholesale,3,93.94,281.82,143.15,35.94,12.29
104283,2026-07-28,Northeast,PA,Storage,Vault Cabinet,Retail,1,254.3,254.3,149.17,25.69,16.45
104457,2026-07-28,Southwest,OK,Storage,Loop Bin Set,Wholesale,2,57.71,115.42,70.5,14.68,4.36
104299,2026-07-28,West,NV,Furniture,Nimbus Chair,Retail,1,344.16,344.16,201.15,40.26,23.34
104304,2026-07-28,West,WA,Lighting,Ember Floor Lamp,Online,1,119.49,119.49,65.83,17.65,7.21
104305,2026-07-28,West,NV,Lighting,Halo Monitor Arm,Wholesale,1,87.88,87.88,44.88,10.16,3.47
104447,2026-07-28,Southwest,OK,Furniture,Drift Side Table,Online,1,155.2,155.2,92.06,15.71,6.86
104262,2026-07-28,Northeast,MA,Furniture,Aster Bookcase,Wholesale,5,401.08,2005.4,1248.23,236.49,135.5
104365,2026-07-28,Midwest,MI,Furniture,Drift Side Table,Online,3,155.83,467.48,304.77,53.5,15.55
104445,2026-07-29,Southeast,VA,Lighting,Halo Monitor Arm,Online,1,92.44,92.44,48.45,12.52,3.83
104334,2026-07-29,West,CA,Furniture,Drift Side Table,Retail,3,148.4,445.19,276.87,67.49,13.85
104416,2026-07-29,South,GA,Furniture,Nimbus Chair,Wholesale,5,316.16,1580.78,948.83,190.65,97.98
104465,2026-07-29,Southwest,NM,Furniture,Aster Bookcase,Wholesale,2,395.11,790.23,501.24,121.6,50.38
104437,2026-07-29,Southeast,SC,Storage,Vault Cabinet,Online,5,277.09,1385.45,813.62,146.79,85.55
104292,2026-07-29,Northeast,NJ,Furniture,Drift Side Table,Retail,1,150.36,150.36,97.92,22.92,8.67
104290,2026-07-29,Northeast,PA,Storage,Loop Bin Set,Retail,1,56.51,56.51,34.13,6.92,3.01
104280,2026-07-30,Northeast,NJ,Furniture,Drift Side Table,Retail,5,149.6,747.99,480.97,80.63,43.55
104351,2026-07-30,Midwest,WI,Storage,Loop Bin Set,Online,1,56.01,56.01,34.37,6.54,2.68
104343,2026-07-30,West,NV,Storage,Vault Cabinet,Online,5,260.34,1301.7,771.16,171.08,59.48
104391,2026-07-30,South,TN,Lighting,Halo Monitor Arm,Retail,2,85.43,170.85,86.84,20.94,5.44
104303,2026-07-30,West,NV,Storage,Cascade Shelf,Retail,5,190.62,953.12,560.4,129.71,29.18
104398,2026-07-30,South,TX,Furniture,Aster Bookcase,Retail,4,410.85,1643.42,998.64,214.82,62.07
104402,2026-07-31,South,GA,Lighting,Aria Desk Lamp,Wholesale,1,70.92,70.92,37.59,10.9,4.26
104360,2026-07-31,Midwest,IL,Storage,Loop Bin Set,Wholesale,3,57.33,172.0,102.28,18.08,5.65
104355,2026-07-31,Midwest,MI,Furniture,Drift Side Table,Wholesale,4,146.8,587.21,351.14,65.63,40.34
104392,2026-07-31,South,TN,Furniture,Aster Bookcase,Retail,5,398.63,1993.15,1280.67,209.02,106.98
104366,2026-07-31,Midwest,OH,Furniture,Aster Bookcase,Online,1,408.18,408.18,260.79,48.12,20.07
104297,2026-07-31,West,CA,Furniture,Drift Side Table,Wholesale,1,149.88,149.88,90.52,22.77,7.53
104648,2026-08-01,South,TN,Furniture,Drift Side Table,Retail,3,151.63,454.89,295.96,69.34,15.13
104511,2026-08-01,Northeast,PA,Furniture,Nimbus Chair,Retail,4,325.45,1301.79,799.42,153.52,48.63
104537,2026-08-01,West,NV,Furniture,Drift Side Table,Online,2,145.7,291.39,172.53,36.82,19.32
104544,2026-08-01,West,NV,Storage,Cascade Shelf,Online,3,184.03,552.1,338.74,63.0,31.06
104505,2026-08-01,Northeast,NJ,Furniture,Nimbus Chair,Online,1,305.35,305.35,198.33,32.88,19.49
104664,2026-08-01,South,GA,Furniture,Drift Side Table,Wholesale,1,149.9,149.9,93.78,23.64,9.1
104559,2026-08-01,West,OR,Furniture,Nimbus Chair,Online,3,326.9,980.7,579.19,107.73,40.81
104694,2026-08-01,Southeast,SC,Lighting,Ember Floor Lamp,Online,3,107.52,322.56,160.19,50.08,10.61
104589,2026-08-01,West,OR,Furniture,Drift Side Table,Retail,4,139.21,556.83,325.26,68.28,17.34
104698,2026-08-01,Southeast,VA,Furniture,Drift Side Table,Retail,2,151.12,302.24,177.56,44.12,15.0
104711,2026-08-02,Southwest,OK,Storage,Loop Bin Set,Wholesale,3,54.47,163.42,97.22,21.51,6.44
104510,2026-08-02,Northeast,NJ,Furniture,Nimbus Chair,Online,3,337.85,1013.56,607.09,131.81,60.19
104504,2026-08-02,Northeast,PA,Furniture,Aster Bookcase,Wholesale,5,442.74,2213.7,1448.6,247.59,144.13
104663,2026-08-02,South,GA,Lighting,Ember Floor Lamp,Online,3,108.51,325.54,163.85,43.77,16.59
104552,2026-08-02,West,NV,Furniture,Nimbus Chair,Retail,2,329.98,659.96,414.41,82.31,44.96
104721,2026-08-02,Southwest,AZ,Furniture,Aster Bookcase,Wholesale,5,415.09,2075.43,1258.66,258.92,100.0
104722,2026-08-02,Southwest,AZ,Furniture,Nimbus Chair,Retail,1,345.43,345.43,221.17,42.03,21.37
104646,2026-08-02,South,AL,Storage,Cascade Shelf,Retail,1,187.8,187.8,105.07,24.7,6.59
104532,2026-08-02,West,NV,Storage,Cascade Shelf,Retail,4,181.35,725.39,402.62,81.48,39.9
104557,2026-08-02,West,OR,Lighting,Halo Monitor Arm,Online,2,85.25,170.49,89.79,25.23,6.79
104467,2026-08-02,Northeast,NJ,Storage,Vault Cabinet,Retail,1,259.46,259.46,149.4,32.15,17.49
104564,2026-08-02,West,NV,Lighting,Halo Monitor Arm,Wholesale,4,88.45,353.78,182.54,36.31,14.38
104495,2026-08-02,Northeast,NY,Lighting,Halo Monitor Arm,Online,2,88.41,176.82,92.06,28.24,8.19
104660,2026-08-03,South,AL,Storage,Cascade Shelf,Retail,1,188.74,188.74,112.25,23.29,10.34
104674,2026-08-03,South,TN,Furniture,Nimbus Chair,Online,4,316.82,1267.3,745.95,174.23,84.34
104686,2026-08-03,Southeast,NC,Furniture,Aster Bookcase,Retail,5,431.46,2157.29,1266.9,269.17,111.77
104639,2026-08-03,South,TX,Lighting,Aria Desk Lamp,Retail,3,66.66,199.99,97.96,23.13,8.32
104547,2026-08-03,West,WA,Lighting,Ember Floor Lamp,Online,5,107.11,535.54,290.08,68.37,22.3
104651,2026-08-03,South,AL,Lighting,Aria Desk Lamp,Wholesale,3,69.89,209.66,107.94,25.58,12.01
104691,2026-08-03,Southeast,SC,Lighting,Halo Monitor Arm,Online,1,91.85,91.85,45.93,9.19,3.07
104493,2026-08-03,Northeast,PA,Lighting,Halo Monitor Arm,Online,5,93.8,468.98,254.83,67.0,16.68
104471,2026-08-03,Northeast,NY,Furniture,Aster Bookcase,Wholesale,1,434.9,434.9,259.78,62.31,15.54
104482,2026-08-03,Northeast,NY,Lighting,Ember Floor Lamp,Online,5,111.76,558.8,285.96,61.91,17.5
104704,2026-08-04,Southeast,SC,Storage,Vault Cabinet,Wholesale,2,271.7,543.4,297.48,78.32,37.2
104726,2026-08-04,Southwest,OK,Furniture,Aster Bookcase,Online,3,391.66,1174.97,733.08,123.03,49.01
104612,2026-08-04,Midwest,WI,Storage,Cascade Shelf,Retail,4,190.4,761.61,416.21,121.3,35.33
104724,2026-08-04,Southwest,AZ,Furniture,Drift Side Table,Online,2,143.89,287.78,188.5,42.56,19.91
104655,2026-08-04,South,AL,Furniture,Nimbus Chair,Wholesale,3,314.15,942.45,572.17,113.61,36.42
104519,2026-08-04,Northeast,NY,Furniture,Drift Side Table,Online,1,151.53,151.53,92.59,18.77,7.39
104507,2026-08-04,Northeast,MA,Furniture,Nimbus Chair,Wholesale,3,334.79,1004.38,648.19,137.62,38.33
104577,2026-08-04,West,OR,Furniture,Aster Bookcase,Online,2,398.33,796.66,484.28,104.43,40.64
104489,2026-08-04,Northeast,NY,Furniture,Aster Bookcase,Wholesale,4,405.72,1622.89,1046.41,256.41,80.61
104728,2026-08-04,Southwest,AZ,Storage,Vault Cabinet,Online,5,262.65,1313.24,742.38,148.89,59.79
104701,2026-08-04,Southeast,SC,Lighting,Aria Desk Lamp,Online,4,66.75,267.0,139.66,36.27,18.41
104468,2026-08-05,Northeast,MA,Lighting,Ember Floor Lamp,Retail,1,108.96,108.96,53.32,13.83,7.36
104515,2026-08-05,Northeast,MA,Furniture,Nimbus Chair,Wholesale,5,337.46,1687.32,999.29,170.17,104.11
104682,2026-08-05,Southeast,FL,Storage,Cascade Shelf,Retail,5,172.33,861.67,496.23,132.58,28.38
104723,2026-08-05,Southwest,AZ,Storage,Cascade Shelf,Online,1,193.56,193.56,113.97,27.67,7.12
104592,2026-08-05,West,NV,Storage,Loop Bin Set,Online,4,52.87,211.49,127.69,22.3,8.52
104486,2026-08-05,Northeast,MA,Lighting,Aria Desk Lamp,Retail,1,69.64,69.64,35.45,9.56,3.44
104587,2026-08-05,West,NV,Furniture,Aster Bookcase,Online,5,423.66,2118.29,1299.36,304.99,78.52
104593,2026-08-05,West,OR,Lighting,Ember Floor Lamp,Online,3,111.39,334.16,167.19,41.2,10.96
104487,2026-08-06,Northeast,PA,Furniture,Aster Bookcase,Online,2,393.58,787.16,481.66,94.85,32.47
104611,2026-08-06,Midwest,OH,Storage,Cascade Shelf,Online,2,179.04,358.07,200.2,40.47,18.94
104550,2026-08-06,West,OR,Furniture,Nimbus Chair,Retail,1,326.51,326.51,194.47,45.41,11.95
104508,2026-08-06,Northeast,MA,Lighting,Aria Desk Lamp,Online,2,70.82,141.64,77.59,21.89,6.81
104690,2026-08-06,Southeast,NC,Lighting,Aria Desk Lamp,Online,4,71.72,286.87,147.96,30.39,17.23
104473,2026-08-06,Northeast,MA,Storage,Loop Bin Set,Online,3,52.12,156.35,87.1,22.94,4.78
104596,2026-08-07,West,OR,Lighting,Ember Floor Lamp,Wholesale,4,119.01,476.02,237.32,72.99,18.17
104705,2026-08-07,Southeast,FL,Furniture,Drift Side Table,Wholesale,4,142.96,571.85,346.27,62.95,39.0
104613,2026-08-07,Midwest,OH,Lighting,Ember Floor Lamp,Online,3,106.52,319.57,171.55,48.64,11.48
104624,2026-08-07,Midwest,WI,Lighting,Ember Floor Lamp,Retail,2,116.94,233.89,116.04,36.16,15.32
104501,2026-08-07,Northeast,NY,Furniture,Aster Bookcase,Wholesale,3,399.81,1199.42,742.44,181.79,61.38
104703,2026-08-07,Southeast,SC,Lighting,Aria Desk Lamp,Online,1,69.44,69.44,37.65,7.01,2.4
104534,2026-08-07,West,WA,Lighting,Ember Floor Lamp,Retail,4,107.08,428.34,209.42,61.81,14.39
104687,2026-08-07,Southeast,VA,Storage,Loop Bin Set,Wholesale,5,52.09,260.44,154.35,40.16,11.2
104645,2026-08-07,South,AL,Storage,Cascade Shelf,Retail,4,184.5,737.98,440.83,100.0,39.79
104717,2026-08-07,Southwest,NM,Furniture,Nimbus Chair,Retail,1,343.84,343.84,208.91,54.93,13.38
104525,2026-08-07,Northeast,NJ,Furniture,Drift Side Table,Retail,4,143.71,574.84,352.83,58.52,36.76
104659,2026-08-07,South,TX,Furniture,Nimbus Chair,Retail,2,327.49,654.99,418.79,72.43,41.29
104477,2026-08-08,Northeast,MA,Lighting,Halo Monitor Arm,Online,5,85.81,429.07,215.53,57.16,17.68
104635,2026-08-08,Midwest,OH,Furniture,Nimbus Chair,Retail,5,342.95,1714.77,1029.07,232.72,108.57
104555,2026-08-08,West,NV,Lighting,Halo Monitor Arm,Online,4,94.33,377.34,185.92,48.61,17.0
104500,2026-08-08,Northeast,PA,Lighting,Aria Desk Lamp,Online,5,68.59,342.96,183.44,47.77,15.17
104716,2026-08-09,Southwest,OK,Lighting,Halo Monitor Arm,Online,5,87.34,436.71,225.52,56.42,26.41
104585,2026-08-09,West,NV,Furniture,Aster Bookcase,Online,5,418.26,2091.29,1240.44,245.21,86.07
104466,2026-08-09,Northeast,NJ,Furniture,Drift Side Table,Online,4,150.02,600.06,364.68,75.44,30.33
104594,2026-08-09,West,NV,Furniture,Aster Bookcase,Online,5,392.42,1962.11,1286.0,295.64,69.82
104604,2026-08-09,Midwest,IL,Lighting,Ember Floor Lamp,Retail,4,118.06,472.24,251.34,60.79,25.29
104548,2026-08-09,West,OR,Lighting,Halo Monitor Arm,Retail,2,90.89,181.79,95.77,18.6,10.24
104539,2026-08-09,West,WA,Lighting,Aria Desk Lamp,Retail,2,70.47,140.94,73.61,15.21,8.47
104629,2026-08-09,Midwest,OH,Furniture,Drift Side Table,Online,4,151.46,605.83,379.41,90.45,25.7
104540,2026-08-09,West,WA,Furniture,Nimbus Chair,Retail,5,325.89,1629.45,994.71,205.62,90.34
104641,2026-08-10,South,TX,Storage,Loop Bin Set,Online,2,52.21,104.42,58.37,12.57,5.89
104580,2026-08-10,West,NV,Furniture,Aster Bookcase,Retail,4,414.32,1657.28,979.47,173.16,56.42
104474,2026-08-10,Northeast,NJ,Furniture,Nimbus Chair,Retail,5,308.9,1544.49,908.36,186.86,48.66
104513,2026-08-10,Northeast,NY,Storage,Loop Bin Set,Online,5,55.24,276.19,157.83,37.76,10.79
104638,2026-08-10,South,TN,Storage,Loop Bin Set,Online,2,52.69,105.39,61.46,11.39,4.0
104678,2026-08-10,South,TX,Lighting,Ember Floor Lamp,Retail,3,109.93,329.79,163.12,34.83,21.11
104480,2026-08-10,Northeast,NJ,Furniture,Nimbus Chair,Wholesale,2,340.12,680.23,434.39,79.35,22.44
104484,2026-08-10,Northeast,NY,Lighting,Ember Floor Lamp,Retail,5,108.89,544.43,280.11,81.44,35.77
104675,2026-08-10,South,TN,Furniture,Drift Side Table,Retail,2,138.01,276.02,179.89,33.7,9.92
104654,2026-08-10,South,TN,Lighting,Halo Monitor Arm,Retail,1,93.63,93.63,47.73,12.3,5.0
104553,2026-08-10,West,CA,Furniture,Aster Bookcase,Online,4,411.4,1645.58,1038.54,179.15,105.72
104709,2026-08-10,Southeast,FL,Furniture,Drift Side Table,Online,2,149.39,298.78,191.42,31.43,12.89
104634,2026-08-10,Midwest,IL,Lighting,Aria Desk Lamp,Online,3,67.79,203.36,110.45,26.81,10.99
104605,2026-08-10,Midwest,WI,Lighting,Halo Monitor Arm,Retail,3,92.66,277.99,148.78,35.74,10.72
104625,2026-08-11,Midwest,MI,Furniture,Drift Side Table,Online,4,142.72,570.88,334.83,60.39,32.2
104490,2026-08-11,Northeast,MA,Storage,Loop Bin Set,Online,1,55.66,55.66,32.09,7.56,3.04
104714,2026-08-11,Southwest,OK,Furniture,Nimbus Chair,Retail,2,341.08,682.17,427.12,101.24,35.51
104549,2026-08-11,West,OR,Storage,Cascade Shelf,Retail,3,189.78,569.35,322.69,89.96,21.98
104475,2026-08-11,Northeast,PA,Lighting,Aria Desk Lamp,Retail,3,72.97,218.92,119.44,23.6,13.43
104531,2026-08-11,West,WA,Lighting,Aria Desk Lamp,Wholesale,5,69.92,349.61,172.14,42.83,17.94
104597,2026-08-12,West,WA,Furniture,Drift Side Table,Online,3,150.66,451.97,266.1,61.96,26.36
104725,2026-08-12,Southwest,NM,Furniture,Drift Side Table,Retail,1,147.85,147.85,87.19,22.27,7.33
104591,2026-08-12,West,CA,Lighting,Aria Desk Lamp,Wholesale,4,65.03,260.13,135.67,34.68,9.13
104582,2026-08-12,West,NV,Storage,Vault Cabinet,Wholesale,2,275.55,551.09,326.32,66.75,30.93
104492,2026-08-12,Northeast,NY,Lighting,Aria Desk Lamp,Retail,2,69.76,139.52,76.81,16.69,6.41
104554,2026-08-12,West,CA,Furniture,Aster Bookcase,Online,2,424.68,849.37,523.19,111.84,40.63
104666,2026-08-13,South,GA,Lighting,Halo Monitor Arm,Online,1,92.71,92.71,50.44,10.31,2.79
104633,2026-08-13,Midwest,WI,Furniture,Nimbus Chair,Online,4,336.52,1346.09,870.25,207.23,51.39
104522,2026-08-13,Northeast,NJ,Lighting,Halo Monitor Arm,Wholesale,1,85.47,85.47,42.5,10.47,4.8
104571,2026-08-13,West,NV,Lighting,Aria Desk Lamp,Retail,3,72.71,218.14,111.11,34.82,12.72
104730,2026-08-13,Southwest,NM,Furniture,Aster Bookcase,Wholesale,1,409.24,409.24,249.29,49.88,14.2
104732,2026-08-13,Southwest,OK,Storage,Cascade Shelf,Online,5,192.45,962.25,572.11,132.3,50.18
104683,2026-08-13,Southeast,NC,Storage,Vault Cabinet,Online,5,269.65,1348.27,775.67,149.37,41.53
104653,2026-08-13,South,TX,Lighting,Aria Desk Lamp,Retail,3,67.21,201.64,106.08,21.41,13.32
104565,2026-08-13,West,WA,Storage,Vault Cabinet,Wholesale,3,260.69,782.08,444.25,114.36,34.58
104658,2026-08-14,South,AL,Furniture,Nimbus Chair,Retail,3,313.01,939.04,554.1,95.43,56.76
104517,2026-08-14,Northeast,MA,Furniture,Nimbus Chair,Wholesale,3,308.52,925.56,561.37,147.74,58.48
104607,2026-08-14,Midwest,WI,Storage,Vault Cabinet,Wholesale,2,277.5,555.0,328.38,82.36,25.29
104556,2026-08-14,West,WA,Lighting,Halo Monitor Arm,Online,1,86.16,86.16,44.19,10.98,3.35
104542,2026-08-14,West,CA,Furniture,Drift Side Table,Retail,2,147.32,294.64,192.16,32.67,10.65
104520,2026-08-14,Northeast,MA,Lighting,Halo Monitor Arm,Online,3,92.81,278.42,152.88,34.99,10.83
104599,2026-08-14,West,OR,Furniture,Nimbus Chair,Wholesale,5,322.77,1613.87,997.7,180.31,78.73
104518,2026-08-14,Northeast,NJ,Lighting,Aria Desk Lamp,Retail,5,66.47,332.34,174.26,39.38,20.76
104715,2026-08-14,Southwest,OK,Lighting,Aria Desk Lamp,Wholesale,4,67.13,268.53,132.48,41.62,10.01
104706,2026-08-14,Southeast,FL,Lighting,Aria Desk Lamp,Wholesale,2,65.79,131.58,69.6,17.97,8.01
104584,2026-08-14,West,NV,Storage,Loop Bin Set,Retail,1,55.44,55.44,30.71,7.3,2.77
104496,2026-08-14,Northeast,NJ,Furniture,Aster Bookcase,Retail,2,416.96,833.92,525.67,103.34,37.88
104566,2026-08-14,West,CA,Lighting,Halo Monitor Arm,Online,4,89.53,358.11,194.27,47.13,22.94
104684,2026-08-15,Southeast,SC,Furniture,Drift Side Table,Online,4,138.14,552.56,329.22,66.27,17.27
104713,2026-08-15,Southwest,OK,Furniture,Nimbus Chair,Online,3,336.31,1008.94,593.66,146.21,32.85
104527,2026-08-15,Northeast,NJ,Lighting,Ember Floor Lamp,Online,3,109.71,329.13,179.14,48.27,19.19
104491,2026-08-15,Northeast,NY,Furniture,Nimbus Chair,Retail,2,314.38,628.76,386.26,99.79,43.73
104689,2026-08-15,Southeast,VA,Furniture,Nimbus Chair,Retail,5,324.04,1620.21,1005.26,211.47,78.72
104662,2026-08-15,South,AL,Furniture,Nimbus Chair,Online,5,336.87,1684.33,1012.53,192.04,59.22
104695,2026-08-15,Southeast,NC,Lighting,Halo Monitor Arm,Wholesale,2,94.54,189.09,97.88,29.79,10.27
104569,2026-08-15,West,NV,Storage,Cascade Shelf,Online,4,186.57,746.28,455.94,86.18,37.75
104488,2026-08-15,Northeast,PA,Furniture,Drift Side Table,Retail,1,156.49,156.49,93.33,24.32,8.27
104628,2026-08-15,Midwest,MI,Furniture,Nimbus Chair,Retail,4,329.67,1318.7,785.23,203.56,63.52
104601,2026-08-15,Midwest,IL,Storage,Loop Bin Set,Online,3,54.58,163.73,91.59,19.24,8.52
104708,2026-08-15,Southeast,SC,Storage,Cascade Shelf,Retail,5,178.25,891.25,545.28,93.61,48.74
104621,2026-08-15,Midwest,WI,Lighting,Aria Desk Lamp,Wholesale,3,68.43,205.28,109.09,27.9,11.87
104670,2026-08-15,South,TX,Lighting,Halo Monitor Arm,Retail,3,88.85,266.54,145.15,31.19,10.33
104673,2026-08-15,South,TN,Storage,Cascade Shelf,Retail,4,192.18,768.73,421.76,95.06,46.76
104586,2026-08-16,West,WA,Storage,Loop Bin Set,Online,5,55.56,277.79,162.49,36.78,11.18
104509,2026-08-16,Northeast,MA,Storage,Loop Bin Set,Retail,5,51.92,259.61,155.99,27.54,15.98
104579,2026-08-16,West,OR,Lighting,Aria Desk Lamp,Retail,1,66.18,66.18,34.87,7.13,4.14
104576,2026-08-16,West,OR,Furniture,Drift Side Table,Wholesale,2,154.45,308.9,180.25,44.67,17.21
104693,2026-08-16,Southeast,FL,Lighting,Ember Floor Lamp,Online,4,115.47,461.88,231.18,69.58,25.25
104710,2026-08-16,Southwest,AZ,Lighting,Aria Desk Lamp,Online,4,73.39,293.57,146.02,38.34,13.31
104530,2026-08-16,Northeast,NJ,Lighting,Halo Monitor Arm,Online,5,91.2,456.01,244.23,49.02,24.56
104590,2026-08-16,West,NV,Storage,Vault Cabinet,Retail,2,270.31,540.62,307.36,60.04,27.69
104649,2026-08-17,South,TX,Lighting,Aria Desk Lamp,Online,4,72.13,288.53,151.78,36.95,11.63
104512,2026-08-17,Northeast,NJ,Storage,Vault Cabinet,Online,3,256.54,769.62,447.87,85.78,50.59
104657,2026-08-17,South,TN,Storage,Cascade Shelf,Retail,3,172.29,516.88,304.63,62.86,29.54
104718,2026-08-17,Southwest,AZ,Furniture,Nimbus Chair,Online,2,334.74,669.48,416.55,93.06,24.08
104567,2026-08-17,West,OR,Lighting,Ember Floor Lamp,Online,2,111.69,223.38,116.83,30.87,13.43
104558,2026-08-17,West,CA,Lighting,Halo Monitor Arm,Retail,3,94.37,283.1,155.32,34.34,19.3
104699,2026-08-18,Southeast,VA,Furniture,Aster Bookcase,Online,4,432.11,1728.46,1080.57,237.15,112.62
104524,2026-08-18,Northeast,NJ,Furniture,Aster Bookcase,Online,2,435.86,871.72,514.37,102.48,46.46
104545,2026-08-18,West,WA,Lighting,Ember Floor Lamp,Online,5,113.44,567.22,299.9,72.8,18.82
104610,2026-08-18,Midwest,MI,Lighting,Halo Monitor Arm,Online,1,87.53,87.53,46.04,13.73,3.14
104541,2026-08-18,West,NV,Lighting,Halo Monitor Arm,Wholesale,5,85.18,425.92,214.68,45.17,22.52
104603,2026-08-18,Midwest,MI,Furniture,Aster Bookcase,Online,3,423.0,1269.01,752.57,156.35,56.19
104588,2026-08-18,West,CA,Storage,Loop Bin Set,Retail,1,58.01,58.01,32.36,8.71,1.83
104632,2026-08-18,Midwest,MI,Lighting,Aria Desk Lamp,Retail,2,70.74,141.48,77.23,22.25,5.08
104619,2026-08-18,Midwest,OH,Storage,Cascade Shelf,Retail,5,185.11,925.56,551.23,106.2,29.02
104503,2026-08-19,Northeast,NY,Storage,Vault Cabinet,Retail,3,253.21,759.64,419.72,117.9,39.34
104630,2026-08-19,Midwest,WI,Furniture,Nimbus Chair,Wholesale,4,313.12,1252.48,813.16,151.83,45.88
104712,2026-08-19,Southwest,NM,Lighting,Ember Floor Lamp,Wholesale,1,114.22,114.22,56.32,11.64,7.36
104546,2026-08-19,West,WA,Storage,Vault Cabinet,Retail,5,263.17,1315.84,765.91,139.69,62.3
104595,2026-08-19,West,WA,Lighting,Ember Floor Lamp,Online,4,117.64,470.54,238.11,65.53,20.58
104661,2026-08-20,South,GA,Lighting,Aria Desk Lamp,Wholesale,4,68.74,274.97,150.93,32.62,8.66
104528,2026-08-20,Northeast,MA,Lighting,Halo Monitor Arm,Online,3,92.55,277.66,139.61,33.84,16.65
104627,2026-08-20,Midwest,MI,Furniture,Drift Side Table,Wholesale,5,146.8,733.98,479.52,95.2,47.82
104529,2026-08-20,Northeast,NJ,Furniture,Nimbus Chair,Wholesale,4,344.43,1377.71,890.36,170.33,81.65
104729,2026-08-20,Southwest,AZ,Lighting,Halo Monitor Arm,Online,1,95.07,95.07,46.52,15.13,4.41
104572,2026-08-20,West,NV,Furniture,Aster Bookcase,Online,3,402.75,1208.26,790.47,121.85,42.92
104702,2026-08-21,Southeast,SC,Storage,Vault Cabinet,Wholesale,5,275.07,1375.33,774.39,208.15,56.65
104535,2026-08-21,West,WA,Storage,Loop Bin Set,Wholesale,4,53.32,213.28,120.14,26.25,11.62
104600,2026-08-21,Midwest,WI,Storage,Loop Bin Set,Wholesale,5,54.71,273.57,167.21,33.29,10.53
104707,2026-08-21,Southeast,FL,Lighting,Ember Floor Lamp,Online,5,106.95,534.77,274.92,71.47,28.74
104652,2026-08-21,South,GA,Furniture,Aster Bookcase,Online,4,421.57,1686.27,1091.11,224.61,98.47
104483,2026-08-21,Northeast,MA,Furniture,Drift Side Table,Online,3,142.41,427.24,253.7,44.93,29.23
104498,2026-08-21,Northeast,NJ,Storage,Cascade Shelf,Retail,3,188.01,564.02,333.54,56.78,25.73
104485,2026-08-21,Northeast,MA,Lighting,Ember Floor Lamp,Retail,2,117.08,234.16,121.4,30.35,10.2
104731,2026-08-22,Southwest,AZ,Lighting,Halo Monitor Arm,Online,3,92.98,278.95,146.47,40.31,13.92
104561,2026-08-22,West,NV,Lighting,Aria Desk Lamp,Wholesale,2,71.35,142.69,75.09,15.65,9.78
104668,2026-08-22,South,GA,Lighting,Ember Floor Lamp,Wholesale,2,120.24,240.48,128.46,28.59,8.01
104637,2026-08-22,South,AL,Furniture,Drift Side Table,Wholesale,3,153.15,459.44,285.51,52.6,27.13
104697,2026-08-22,Southeast,FL,Furniture,Drift Side Table,Wholesale,5,154.11,770.53,451.94,102.55,28.26
104647,2026-08-22,South,GA,Lighting,Halo Monitor Arm,Retail,4,91.76,367.06,194.07,56.52,21.6
104650,2026-08-22,South,TX,Storage,Vault Cabinet,Online,2,248.87,497.74,275.41,61.56,16.53
104656,2026-08-23,South,GA,Storage,Cascade Shelf,Wholesale,1,189.69,189.69,113.67,24.12,8.33
104669,2026-08-23,South,TN,Lighting,Aria Desk Lamp,Online,3,67.69,203.06,110.6,31.2,10.77
104688,2026-08-23,Southeast,VA,Furniture,Drift Side Table,Retail,5,139.71,698.55,453.11,79.04,39.94
104677,2026-08-23,South,TX,Storage,Cascade Shelf,Online,5,180.39,901.96,506.09,123.54,61.76
104608,2026-08-23,Midwest,MI,Lighting,Halo Monitor Arm,Wholesale,2,86.92,173.84,85.75,19.44,8.42
104623,2026-08-23,Midwest,MI,Furniture,Nimbus Chair,Retail,5,323.95,1619.76,953.52,238.14,101.85
104685,2026-08-23,Southeast,FL,Furniture,Drift Side Table,Retail,2,140.13,280.26,169.7,40.19,15.74
104581,2026-08-24,West,CA,Storage,Loop Bin Set,Online,5,56.22,281.09,169.31,31.3,11.5
104642,2026-08-24,South,TX,Furniture,Nimbus Chair,Online,2,339.71,679.42,422.94,69.3,42.23
104671,2026-08-24,South,GA,Furniture,Aster Bookcase,Retail,5,403.83,2019.16,1275.38,273.59,141.16
104696,2026-08-24,Southeast,VA,Furniture,Nimbus Chair,Online,4,319.03,1276.12,835.58,132.36,58.21
104533,2026-08-24,West,CA,Lighting,Halo Monitor Arm,Retail,2,84.92,169.84,83.61,20.5,6.02
104563,2026-08-24,West,NV,Storage,Loop Bin Set,Online,1,51.96,51.96,31.64,7.81,3.51
104667,2026-08-24,South,TX,Lighting,Ember Floor Lamp,Online,3,107.2,321.6,162.43,47.4,13.57
104680,2026-08-25,South,GA,Furniture,Nimbus Chair,Retail,3,310.45,931.35,609.59,138.77,54.92
104573,2026-08-25,West,OR,Furniture,Nimbus Chair,Retail,5,329.42,1647.11,1076.43,191.97,57.54
104679,2026-08-25,South,AL,Furniture,Nimbus Chair,Retail,5,324.66,1623.32,1051.69,178.16,62.77
104615,2026-08-25,Midwest,WI,Furniture,Drift Side Table,Retail,3,142.46,427.39,258.42,47.45,12.85
104700,2026-08-25,Southeast,VA,Lighting,Halo Monitor Arm,Retail,3,88.44,265.31,146.17,38.57,16.34
104626,2026-08-25,Midwest,IL,Storage,Loop Bin Set,Online,1,51.46,51.46,31.38,6.61,2.97
104616,2026-08-25,Midwest,WI,Storage,Loop Bin Set,Wholesale,3,56.93,170.79,103.33,20.09,8.98
104727,2026-08-25,Southwest,OK,Furniture,Aster Bookcase,Retail,5,432.47,2162.36,1320.21,328.46,105.31
104476,2026-08-26,Northeast,NJ,Lighting,Aria Desk Lamp,Online,4,70.24,280.96,148.47,41.1,18.27
104478,2026-08-26,Northeast,NJ,Lighting,Ember Floor Lamp,Online,5,117.6,588.0,315.71,87.41,22.46
104481,2026-08-26,Northeast,NJ,Lighting,Halo Monitor Arm,Online,5,87.13,435.67,229.05,54.14,28.1
104692,2026-08-26,Southeast,SC,Lighting,Aria Desk Lamp,Online,4,69.94,279.75,145.16,41.35,11.26
104574,2026-08-26,West,NV,Lighting,Halo Monitor Arm,Wholesale,5,92.76,463.82,233.06,65.46,29.91
104672,2026-08-26,South,AL,Furniture,Aster Bookcase,Retail,2,400.09,800.19,478.91,126.18,24.43
104665,2026-08-26,South,TN,Furniture,Aster Bookcase,Retail,5,418.73,2093.67,1287.09,320.01,76.82
104575,2026-08-26,West,CA,Furniture,Drift Side Table,Wholesale,4,142.88,571.51,348.95,80.36,29.85
104606,2026-08-26,Midwest,MI,Furniture,Drift Side Table,Online,2,143.05,286.1,173.68,29.13,13.58
104640,2026-08-26,South,AL,Furniture,Aster Bookcase,Retail,1,398.44,398.44,237.59,55.55,15.68
104526,2026-08-26,Northeast,PA,Furniture,Nimbus Chair,Online,1,340.58,340.58,204.93,48.62,19.06
104618,2026-08-27,Midwest,IL,Furniture,Nimbus Chair,Wholesale,4,344.81,1379.26,890.31,139.67,73.9
104536,2026-08-27,West,CA,Lighting,Aria Desk Lamp,Wholesale,4,72.74,290.97,158.79,30.96,19.87
104583,2026-08-27,West,OR,Storage,Vault Cabinet,Wholesale,4,276.14,1104.55,673.55,128.47,76.15
104470,2026-08-27,Northeast,PA,Furniture,Drift Side Table,Wholesale,2,142.07,284.14,176.11,35.37,18.28
104644,2026-08-27,South,TX,Lighting,Ember Floor Lamp,Wholesale,5,116.25,581.24,317.72,87.88,35.69
104598,2026-08-28,West,WA,Lighting,Aria Desk Lamp,Online,3,72.09,216.28,113.51,30.76,13.21
104514,2026-08-28,Northeast,NJ,Lighting,Aria Desk Lamp,Online,3,71.07,213.2,110.28,28.76,14.42
104570,2026-08-28,West,WA,Storage,Loop Bin Set,Wholesale,1,53.39,53.39,32.64,6.56,2.73
104568,2026-08-28,West,CA,Furniture,Aster Bookcase,Retail,5,413.66,2068.3,1241.32,298.04,91.04
104502,2026-08-28,Northeast,NJ,Storage,Vault Cabinet,Retail,2,262.06,524.12,309.21,60.05,18.79
104506,2026-08-28,Northeast,MA,Storage,Cascade Shelf,Online,1,188.11,188.11,109.51,29.07,6.44
104551,2026-08-28,West,WA,Storage,Cascade Shelf,Online,2,180.88,361.75,215.38,57.83,18.48
104622,2026-08-28,Midwest,OH,Furniture,Aster Bookcase,Retail,2,405.39,810.78,530.4,83.03,36.75
104472,2026-08-29,Northeast,NJ,Lighting,Ember Floor Lamp,Online,4,115.46,461.82,252.54,65.74,21.59
104560,2026-08-29,West,CA,Storage,Cascade Shelf,Retail,5,182.45,912.25,523.9,145.11,56.22
104617,2026-08-29,Midwest,MI,Storage,Vault Cabinet,Wholesale,4,272.99,1091.98,647.98,147.74,47.55
104636,2026-08-29,Midwest,OH,Storage,Vault Cabinet,Online,1,258.3,258.3,152.83,34.31,16.96
104643,2026-08-29,South,TN,Furniture,Nimbus Chair,Wholesale,1,337.62,337.62,202.66,44.44,23.22
104516,2026-08-29,Northeast,NY,Furniture,Aster Bookcase,Online,2,442.12,884.25,564.89,102.83,45.31
104543,2026-08-29,West,OR,Furniture,Aster Bookcase,Online,5,436.34,2181.69,1283.42,228.03,72.08
104631,2026-08-30,Midwest,OH,Lighting,Ember Floor Lamp,Online,1,110.27,110.27,56.12,12.91,4.4
104562,2026-08-30,West,NV,Lighting,Aria Desk Lamp,Retail,1,65.32,65.32,35.77,10.23,3.47
104479,2026-08-30,Northeast,PA,Lighting,Ember Floor Lamp,Online,1,109.83,109.83,53.83,13.94,6.15
104609,2026-08-30,Midwest,IL,Storage,Vault Cabinet,Online,5,250.83,1254.17,742.38,165.51,74.64
104521,2026-08-30,Northeast,PA,Storage,Vault Cabinet,Online,3,263.18,789.55,441.85,107.85,47.61
104676,2026-08-30,South,TX,Furniture,Drift Side Table,Wholesale,2,147.41,294.81,188.95,37.99,19.07
104494,2026-08-30,Northeast,PA,Lighting,Halo Monitor Arm,Retail,5,86.81,434.07,229.38,46.18,17.84
104469,2026-08-31,Northeast,NJ,Lighting,Aria Desk Lamp,Online,3,66.33,198.98,105.44,23.2,11.84
104578,2026-08-31,West,CA,Lighting,Ember Floor Lamp,Online,3,113.96,341.87,179.4,42.87,15.86
104681,2026-08-31,South,AL,Lighting,Ember Floor Lamp,Online,1,107.62,107.62,53.24,13.47,6.65
104719,2026-08-31,Southwest,OK,Lighting,Aria Desk Lamp,Online,2,67.66,135.32,72.0,14.34,6.04
104602,2026-08-31,Midwest,OH,Lighting,Aria Desk Lamp,Online,3,65.28,195.83,98.09,30.06,9.25
104614,2026-08-31,Midwest,OH,Furniture,Drift Side Table,Online,4,144.55,578.22,367.17,64.71,18.78
104620,2026-08-31,Midwest,IL,Storage,Loop Bin Set,Online,1,55.97,55.97,31.14,5.94,2.16
104538,2026-08-31,West,WA,Lighting,Ember Floor Lamp,Online,4,120.88,483.53,240.12,53.71,18.68
104497,2026-08-31,Northeast,PA,Lighting,Ember Floor Lamp,Online,2,112.56,225.11,117.71,33.95,9.01
104499,2026-08-31,Northeast,MA,Storage,Cascade Shelf,Wholesale,3,190.38,571.15,345.49,70.05,17.71
104523,2026-08-31,Northeast,NJ,Storage,Cascade Shelf,Online,5,187.35,936.75,566.72,113.42,46.62
104720,2026-08-31,Southwest,OK,Furniture,Nimbus Chair,Online,3,333.13,999.38,610.26,114.02,35.17
104934,2026-09-01,Southeast,FL,Furniture,Nimbus Chair,Retail,5,313.86,1569.29,1001.94,177.65,97.31
104800,2026-09-01,West,OR,Storage,Cascade Shelf,Wholesale,3,179.33,538.0,321.51,82.13,33.52
104907,2026-09-01,South,TN,Furniture,Nimbus Chair,Wholesale,3,321.03,963.09,625.55,149.95,29.63
104862,2026-09-01,Midwest,IL,Furniture,Aster Bookcase,Wholesale,1,416.03,416.03,261.39,62.46,18.8
104831,2026-09-01,West,WA,Storage,Cascade Shelf,Online,2,189.95,379.9,217.75,60.68,16.27
104751,2026-09-01,Northeast,NJ,Lighting,Aria Desk Lamp,Online,2,70.0,140.01,75.82,20.58,5.9
104880,2026-09-01,South,GA,Furniture,Aster Bookcase,Retail,4,427.45,1709.81,1097.38,252.39,75.98
104814,2026-09-02,West,CA,Storage,Loop Bin Set,Wholesale,3,52.95,158.86,95.33,17.58,10.89
104791,2026-09-02,Northeast,NY,Storage,Cascade Shelf,Online,5,194.2,971.02,534.1,147.62,58.19
104804,2026-09-02,West,CA,Furniture,Drift Side Table,Retail,2,145.07,290.15,184.81,43.1,16.13
104834,2026-09-02,West,CA,Furniture,Aster Bookcase,Wholesale,5,412.43,2062.16,1282.4,214.05,122.48
104890,2026-09-03,South,TN,Storage,Loop Bin Set,Wholesale,5,55.25,276.25,152.25,42.98,17.56
104919,2026-09-03,Southeast,SC,Furniture,Nimbus Chair,Online,3,336.24,1008.72,646.1,104.03,40.5
104808,2026-09-03,West,CA,Furniture,Drift Side Table,Online,4,142.14,568.56,353.94,86.05,29.1
104815,2026-09-03,West,NV,Storage,Loop Bin Set,Online,2,58.2,116.41,69.13,12.86,6.04
104807,2026-09-03,West,WA,Storage,Loop Bin Set,Wholesale,2,53.23,106.45,58.15,13.85,5.82
104778,2026-09-03,Northeast,MA,Storage,Vault Cabinet,Retail,1,252.05,252.05,150.66,34.78,7.6
104914,2026-09-03,Southeast,SC,Storage,Vault Cabinet,Wholesale,5,255.44,1277.19,746.17,166.28,62.26
104906,2026-09-04,South,TX,Furniture,Aster Bookcase,Retail,5,397.35,1986.73,1223.61,262.21,69.28
104812,2026-09-04,West,OR,Furniture,Nimbus Chair,Online,1,324.77,324.77,193.73,46.63,21.02
104941,2026-09-04,Southeast,SC,Furniture,Aster Bookcase,Online,4,395.52,1582.08,975.37,241.9,62.71
104945,2026-09-04,Southwest,NM,Storage,Cascade Shelf,Retail,2,189.3,378.59,226.39,43.99,17.81
104813,2026-09-04,West,WA,Storage,Vault Cabinet,Online,1,263.78,263.78,159.23,27.03,10.57
104899,2026-09-04,South,AL,Lighting,Ember Floor Lamp,Online,5,113.69,568.44,310.8,65.79,17.21
104740,2026-09-04,Northeast,NY,Storage,Cascade Shelf,Retail,5,180.5,902.49,535.74,114.47,58.03
104917,2026-09-04,Southeast,VA,Furniture,Drift Side Table,Retail,3,147.2,441.59,271.93,52.71,30.45
104882,2026-09-04,South,TN,Lighting,Aria Desk Lamp,Online,1,67.59,67.59,35.56,10.74,3.24
104845,2026-09-04,Midwest,OH,Storage,Vault Cabinet,Online,4,278.91,1115.64,660.99,138.87,49.08
104748,2026-09-04,Northeast,MA,Storage,Cascade Shelf,Wholesale,3,188.64,565.92,334.32,81.62,25.07
104943,2026-09-05,Southeast,SC,Furniture,Nimbus Chair,Wholesale,4,331.2,1324.78,850.22,159.96,71.88
104956,2026-09-05,Southwest,AZ,Furniture,Drift Side Table,Retail,3,144.15,432.44,279.2,53.35,21.05
104763,2026-09-06,Northeast,MA,Furniture,Aster Bookcase,Wholesale,3,405.78,1217.33,775.9,133.45,39.78
104848,2026-09-06,Midwest,MI,Lighting,Halo Monitor Arm,Wholesale,2,85.98,171.97,93.32,24.13,10.8
104733,2026-09-06,Northeast,NJ,Lighting,Ember Floor Lamp,Online,4,120.79,483.16,241.33,76.09,25.89
104927,2026-09-06,Southeast,NC,Storage,Cascade Shelf,Online,4,185.92,743.69,428.82,75.19,34.37
104769,2026-09-06,Northeast,NJ,Lighting,Ember Floor Lamp,Retail,1,113.79,113.79,59.4,15.14,4.87
104926,2026-09-06,Southeast,SC,Furniture,Drift Side Table,Online,5,139.08,695.4,447.52,102.16,39.81
104766,2026-09-06,Northeast,NY,Lighting,Ember Floor Lamp,Wholesale,4,108.53,434.13,231.14,48.19,20.78
104856,2026-09-07,Midwest,WI,Storage,Cascade Shelf,Wholesale,1,183.06,183.06,104.16,20.19,8.57
104902,2026-09-07,South,GA,Furniture,Drift Side Table,Wholesale,3,155.07,465.21,305.17,51.66,32.52
104896,2026-09-07,South,TX,Furniture,Nimbus Chair,Online,3,305.62,916.87,570.13,125.6,31.59
104828,2026-09-07,West,CA,Storage,Vault Cabinet,Online,2,268.08,536.15,299.37,59.73,26.79
104825,2026-09-07,West,CA,Furniture,Aster Bookcase,Retail,5,396.06,1980.32,1278.62,199.26,92.79
104961,2026-09-07,Southwest,AZ,Storage,Loop Bin Set,Wholesale,2,52.08,104.16,59.32,14.8,5.59
104913,2026-09-07,South,GA,Storage,Loop Bin Set,Retail,4,55.01,220.02,121.84,26.71,13.54
104897,2026-09-07,South,TN,Storage,Cascade Shelf,Retail,1,180.27,180.27,102.29,25.74,7.87
104874,2026-09-07,Midwest,IL,Furniture,Drift Side Table,Wholesale,1,139.03,139.03,81.66,20.18,9.14
104915,2026-09-08,Southeast,FL,Furniture,Nimbus Chair,Online,1,317.77,317.77,185.77,50.43,12.23
104846,2026-09-08,Midwest,MI,Lighting,Aria Desk Lamp,Online,4,67.1,268.39,141.69,34.13,10.84
104885,2026-09-08,South,AL,Storage,Vault Cabinet,Online,4,250.84,1003.35,611.58,127.93,56.66
104891,2026-09-08,South,GA,Lighting,Aria Desk Lamp,Retail,4,67.71,270.83,141.29,37.43,8.71
104843,2026-09-08,Midwest,IL,Furniture,Aster Bookcase,Online,2,439.66,879.32,573.69,133.46,42.57
104801,2026-09-08,West,OR,Storage,Vault Cabinet,Retail,4,259.76,1039.04,636.16,135.13,40.39
104802,2026-09-08,West,NV,Lighting,Halo Monitor Arm,Retail,3,89.97,269.91,136.67,42.69,16.51
104854,2026-09-08,Midwest,WI,Lighting,Halo Monitor Arm,Wholesale,2,91.76,183.52,97.02,22.22,10.8
104784,2026-09-08,Northeast,NJ,Storage,Vault Cabinet,Wholesale,2,260.44,520.89,309.02,64.81,22.73
104938,2026-09-08,Southeast,VA,Furniture,Aster Bookcase,Online,2,432.56,865.12,544.91,135.31,51.22
104744,2026-09-09,Northeast,PA,Lighting,Aria Desk Lamp,Wholesale,2,67.68,135.37,66.78,17.25,6.2
104844,2026-09-09,Midwest,IL,Furniture,Nimbus Chair,Online,3,337.98,1013.93,659.16,148.11,48.59
104946,2026-09-09,Southwest,NM,Furniture,Aster Bookcase,Wholesale,1,409.72,409.72,259.61,47.98,26.47
104892,2026-09-09,South,TN,Furniture,Nimbus Chair,Online,1,328.75,328.75,203.83,33.67,20.33
104824,2026-09-09,West,WA,Furniture,Nimbus Chair,Online,1,315.01,315.01,185.91,40.27,19.52
104869,2026-09-09,Midwest,MI,Lighting,Aria Desk Lamp,Retail,2,70.85,141.7,70.04,21.61,6.23
104738,2026-09-09,Northeast,NY,Lighting,Aria Desk Lamp,Wholesale,2,71.57,143.14,70.97,22.83,5.31
104741,2026-09-10,Northeast,NJ,Lighting,Aria Desk Lamp,Retail,1,68.23,68.23,34.84,9.56,2.52
104911,2026-09-10,South,TN,Furniture,Drift Side Table,Retail,3,148.25,444.74,261.97,56.61,18.32
104918,2026-09-10,Southeast,SC,Storage,Vault Cabinet,Online,4,273.96,1095.84,624.28,150.27,69.07
104774,2026-09-10,Northeast,PA,Furniture,Drift Side Table,Online,3,138.92,416.77,251.1,58.84,25.47
104933,2026-09-10,Southeast,VA,Lighting,Halo Monitor Arm,Online,5,87.5,437.48,224.33,69.28,19.24
104772,2026-09-10,Northeast,NY,Lighting,Ember Floor Lamp,Retail,2,119.39,238.78,127.17,31.73,7.94
104872,2026-09-10,Midwest,WI,Storage,Cascade Shelf,Retail,4,179.71,718.82,408.71,88.57,41.46
104790,2026-09-10,Northeast,PA,Storage,Loop Bin Set,Online,1,52.84,52.84,30.19,5.35,2.68
104734,2026-09-11,Northeast,MA,Lighting,Halo Monitor Arm,Online,3,95.92,287.76,156.37,31.66,15.19
104939,2026-09-11,Southeast,FL,Storage,Loop Bin Set,Wholesale,4,53.18,212.73,124.35,26.03,13.18
104839,2026-09-11,West,OR,Storage,Vault Cabinet,Retail,3,272.59,817.76,448.13,85.3,30.92
104900,2026-09-11,South,TX,Lighting,Halo Monitor Arm,Wholesale,4,87.57,350.27,188.72,53.44,12.9
104793,2026-09-11,Northeast,NJ,Furniture,Aster Bookcase,Wholesale,5,442.3,2211.52,1305.91,237.48,74.54
104767,2026-09-12,Northeast,NJ,Lighting,Aria Desk Lamp,Retail,4,71.59,286.37,157.04,45.41,12.25
104765,2026-09-12,Northeast,PA,Furniture,Aster Bookcase,Online,5,416.39,2081.93,1269.97,252.34,96.45
104753,2026-09-12,Northeast,NJ,Furniture,Drift Side Table,Wholesale,4,144.67,578.69,349.75,88.04,34.49
104752,2026-09-12,Northeast,NJ,Lighting,Halo Monitor Arm,Retail,2,89.05,178.11,96.3,20.28,10.03
104909,2026-09-12,South,TX,Lighting,Ember Floor Lamp,Online,4,106.48,425.9,233.85,63.11,13.3
104940,2026-09-12,Southeast,VA,Storage,Cascade Shelf,Wholesale,5,176.78,883.89,505.69,95.16,38.87
104826,2026-09-12,West,WA,Storage,Cascade Shelf,Retail,1,188.8,188.8,103.73,28.32,12.5
104877,2026-09-12,Midwest,MI,Lighting,Aria Desk Lamp,Online,3,72.95,218.85,115.4,29.99,12.32
104783,2026-09-12,Northeast,NY,Lighting,Aria Desk Lamp,Retail,5,66.83,334.17,167.9,40.85,19.48
104775,2026-09-12,Northeast,PA,Lighting,Aria Desk Lamp,Wholesale,5,70.28,351.42,189.44,43.38,16.65
104887,2026-09-12,South,TN,Furniture,Nimbus Chair,Online,2,316.45,632.91,391.59,68.02,44.06
104821,2026-09-12,West,CA,Storage,Cascade Shelf,Online,5,192.24,961.21,557.29,130.12,51.82
104866,2026-09-13,Midwest,WI,Furniture,Aster Bookcase,Online,4,394.45,1577.79,1000.84,166.55,52.0
104747,2026-09-13,Northeast,NJ,Furniture,Nimbus Chair,Online,2,328.87,657.73,391.33,67.39,43.4
104841,2026-09-13,West,WA,Lighting,Halo Monitor Arm,Retail,1,88.19,88.19,43.64,11.72,2.91
104960,2026-09-13,Southwest,AZ,Lighting,Ember Floor Lamp,Retail,4,106.96,427.85,214.53,65.92,20.49
104951,2026-09-13,Southwest,OK,Lighting,Halo Monitor Arm,Wholesale,5,95.56,477.82,236.03,59.16,15.9
104745,2026-09-13,Northeast,NJ,Furniture,Drift Side Table,Online,5,140.31,701.55,415.77,85.99,38.84
104953,2026-09-13,Southwest,OK,Lighting,Aria Desk Lamp,Online,5,66.79,333.93,173.23,45.48,16.4
104797,2026-09-13,West,WA,Storage,Cascade Shelf,Online,4,180.04,720.18,428.75,78.6,22.09
104810,2026-09-13,West,CA,Storage,Vault Cabinet,Online,5,277.94,1389.72,817.21,180.04,84.99
104928,2026-09-13,Southeast,FL,Furniture,Nimbus Chair,Online,1,326.73,326.73,209.54,48.55,18.44
104840,2026-09-14,West,NV,Lighting,Aria Desk Lamp,Online,4,70.32,281.29,139.49,43.22,12.77
104777,2026-09-14,Northeast,NJ,Storage,Cascade Shelf,Wholesale,4,171.05,684.22,414.55,95.97,21.27
104868,2026-09-14,Midwest,OH,Furniture,Nimbus Chair,Online,1,308.92,308.92,180.7,46.32,19.76
104754,2026-09-14,Northeast,NY,Lighting,Halo Monitor Arm,Online,3,88.24,264.73,141.17,30.01,13.19
104736,2026-09-14,Northeast,NY,Furniture,Nimbus Chair,Retail,3,304.12,912.37,594.95,138.35,50.12
104954,2026-09-14,Southwest,OK,Furniture,Drift Side Table,Online,1,153.78,153.78,89.74,23.52,10.44
104935,2026-09-14,Southeast,VA,Storage,Cascade Shelf,Retail,1,179.61,179.61,102.46,28.68,11.85
104768,2026-09-15,Northeast,NY,Furniture,Nimbus Chair,Wholesale,4,314.48,1257.92,805.85,131.09,81.98
104742,2026-09-15,Northeast,NJ,Storage,Loop Bin Set,Online,3,56.7,170.09,101.26,18.58,8.85
104860,2026-09-15,Midwest,MI,Furniture,Aster Bookcase,Online,3,393.94,1181.82,766.13,133.88,76.9
104925,2026-09-15,Southeast,FL,Furniture,Aster Bookcase,Wholesale,1,431.1,431.1,278.94,65.91,18.46
104884,2026-09-15,South,AL,Storage,Cascade Shelf,Online,5,177.09,885.46,543.68,133.7,44.06
104889,2026-09-16,South,AL,Storage,Loop Bin Set,Wholesale,4,55.7,222.79,135.24,23.73,7.84
104878,2026-09-16,Midwest,WI,Lighting,Aria Desk Lamp,Wholesale,4,71.8,287.19,149.7,40.88,13.24
104757,2026-09-16,Northeast,NJ,Storage,Loop Bin Set,Online,2,51.84,103.68,60.3,14.17,5.67
104779,2026-09-16,Northeast,MA,Lighting,Ember Floor Lamp,Online,5,118.81,594.04,294.8,86.19,32.73
104875,2026-09-16,Midwest,MI,Lighting,Halo Monitor Arm,Wholesale,2,87.68,175.36,94.77,22.23,10.71
104794,2026-09-16,West,CA,Lighting,Ember Floor Lamp,Retail,1,120.22,120.22,64.9,17.96,6.32
104963,2026-09-17,Southwest,OK,Storage,Vault Cabinet,Online,5,255.75,1278.74,710.51,141.18,51.26
104805,2026-09-17,West,OR,Storage,Loop Bin Set,Online,4,51.61,206.44,122.92,32.63,6.22
104770,2026-09-17,Northeast,NJ,Lighting,Aria Desk Lamp,Retail,1,73.16,73.16,39.33,8.27,3.04
104849,2026-09-17,Midwest,IL,Furniture,Nimbus Chair,Retail,1,329.54,329.54,207.04,36.55,11.31
104760,2026-09-17,Northeast,NY,Lighting,Halo Monitor Arm,Retail,2,86.37,172.74,88.51,23.84,11.65
104785,2026-09-17,Northeast,PA,Lighting,Aria Desk Lamp,Online,1,69.4,69.4,36.38,7.19,3.25
104771,2026-09-17,Northeast,PA,Furniture,Aster Bookcase,Wholesale,2,390.35,780.7,489.33,101.1,27.3
104830,2026-09-17,West,NV,Furniture,Aster Bookcase,Wholesale,5,406.82,2034.1,1328.18,300.16,121.33
104819,2026-09-17,West,WA,Furniture,Aster Bookcase,Online,3,397.91,1193.74,697.64,140.92,58.1
104811,2026-09-18,West,CA,Furniture,Drift Side Table,Retail,3,141.5,424.5,276.21,47.12,22.5
104829,2026-09-18,West,CA,Furniture,Aster Bookcase,Retail,4,437.16,1748.62,1148.93,179.8,90.9
104949,2026-09-18,Southwest,AZ,Storage,Loop Bin Set,Wholesale,2,56.99,113.99,66.2,17.3,5.23
104759,2026-09-18,Northeast,NJ,Furniture,Aster Bookcase,Online,1,396.76,396.76,232.05,54.02,12.98
104936,2026-09-18,Southeast,SC,Lighting,Ember Floor Lamp,Retail,2,114.22,228.43,115.77,30.48,14.48
104788,2026-09-18,Northeast,PA,Storage,Cascade Shelf,Online,3,175.4,526.21,308.65,55.77,27.26
104789,2026-09-18,Northeast,NJ,Lighting,Halo Monitor Arm,Online,3,95.83,287.5,146.71,31.85,10.38
104852,2026-09-18,Midwest,MI,Furniture,Drift Side Table,Retail,3,155.32,465.97,288.65,70.54,26.69
104735,2026-09-18,Northeast,PA,Lighting,Aria Desk Lamp,Online,5,72.72,363.59,190.15,50.82,13.82
104864,2026-09-19,Midwest,OH,Lighting,Aria Desk Lamp,Retail,5,71.12,355.61,183.63,51.47,20.94
104952,2026-09-19,Southwest,NM,Lighting,Ember Floor Lamp,Retail,5,106.93,534.67,266.79,80.2,24.48
104809,2026-09-19,West,NV,Storage,Cascade Shelf,Online,1,179.72,179.72,105.62,26.44,7.83
104873,2026-09-19,Midwest,IL,Lighting,Aria Desk Lamp,Online,1,72.15,72.15,39.17,9.99,3.41
104947,2026-09-19,Southwest,AZ,Lighting,Ember Floor Lamp,Retail,5,111.15,555.73,276.35,75.09,34.53
104762,2026-09-20,Northeast,NJ,Furniture,Aster Bookcase,Wholesale,1,423.77,423.77,254.92,58.83,29.64
104912,2026-09-20,South,TX,Furniture,Nimbus Chair,Online,3,319.17,957.52,594.06,111.27,28.75
104823,2026-09-20,West,CA,Furniture,Aster Bookcase,Online,5,440.76,2203.79,1420.57,294.25,132.33
104948,2026-09-20,Southwest,OK,Furniture,Aster Bookcase,Retail,4,425.29,1701.18,1066.62,266.73,103.0
104867,2026-09-20,Midwest,OH,Furniture,Aster Bookcase,Retail,4,402.65,1610.61,1009.2,231.17,102.64
104870,2026-09-20,Midwest,MI,Furniture,Aster Bookcase,Wholesale,2,402.68,805.36,523.08,126.49,42.89
104836,2026-09-20,West,OR,Storage,Vault Cabinet,Online,2,260.2,520.41,292.81,80.83,31.91
104756,2026-09-20,Northeast,MA,Storage,Cascade Shelf,Online,2,174.52,349.05,210.65,38.1,10.69
104773,2026-09-20,Northeast,PA,Furniture,Nimbus Chair,Wholesale,1,337.72,337.72,197.22,40.2,15.55
104855,2026-09-20,Midwest,MI,Storage,Cascade Shelf,Online,3,179.48,538.45,310.23,58.14,28.25
104758,2026-09-20,Northeast,NJ,Lighting,Halo Monitor Arm,Retail,4,95.03,380.13,186.04,48.97,20.59
104776,2026-09-20,Northeast,PA,Furniture,Drift Side Table,Wholesale,3,144.81,434.44,264.04,56.69,26.6
104932,2026-09-21,Southeast,VA,Storage,Loop Bin Set,Wholesale,3,52.26,156.78,91.07,20.69,6.53
104871,2026-09-21,Midwest,OH,Storage,Vault Cabinet,Online,5,252.07,1260.35,741.78,184.13,55.2
104750,2026-09-21,Northeast,NJ,Lighting,Aria Desk Lamp,Wholesale,1,67.03,67.03,34.46,7.24,2.95
104746,2026-09-21,Northeast,NJ,Furniture,Drift Side Table,Wholesale,3,148.12,444.36,262.67,59.62,24.94
104786,2026-09-21,Northeast,NY,Furniture,Nimbus Chair,Online,4,341.99,1367.97,888.61,206.11,84.64
104921,2026-09-21,Southeast,SC,Furniture,Drift Side Table,Wholesale,4,140.2,560.8,367.32,69.72,36.41
104930,2026-09-22,Southeast,VA,Furniture,Drift Side Table,Retail,3,147.69,443.08,259.53,65.21,19.53
104803,2026-09-22,West,CA,Furniture,Drift Side Table,Wholesale,2,154.89,309.78,194.01,36.13,17.1
104851,2026-09-22,Midwest,IL,Lighting,Ember Floor Lamp,Online,1,114.22,114.22,60.13,13.55,5.94
104944,2026-09-22,Southeast,VA,Storage,Vault Cabinet,Online,5,255.51,1277.56,750.11,129.08,64.9
104850,2026-09-22,Midwest,WI,Storage,Loop Bin Set,Online,3,53.61,160.84,98.24,18.56,7.62
104847,2026-09-22,Midwest,MI,Furniture,Aster Bookcase,Retail,5,433.22,2166.11,1284.38,274.67,106.91
104853,2026-09-22,Midwest,IL,Furniture,Nimbus Chair,Wholesale,1,328.04,328.04,203.45,45.45,15.1
104942,2026-09-23,Southeast,VA,Lighting,Ember Floor Lamp,Retail,5,111.54,557.71,289.99,84.69,37.71
104883,2026-09-23,South,GA,Furniture,Drift Side Table,Online,3,144.67,434.0,260.63,48.54,21.42
104923,2026-09-23,Southeast,SC,Lighting,Aria Desk Lamp,Retail,4,70.48,281.92,148.1,41.85,11.84
104827,2026-09-23,West,NV,Furniture,Nimbus Chair,Retail,5,338.66,1693.31,991.83,219.74,116.3
104755,2026-09-24,Northeast,NY,Storage,Vault Cabinet,Retail,4,252.72,1010.88,606.0,105.8,36.06
104962,2026-09-24,Southwest,NM,Storage,Cascade Shelf,Online,5,174.43,872.16,484.41,115.59,39.17
104739,2026-09-24,Northeast,NY,Lighting,Ember Floor Lamp,Online,3,113.99,341.97,179.49,41.95,21.17
104916,2026-09-24,Southeast,FL,Storage,Vault Cabinet,Online,3,253.48,760.45,433.85,85.4,48.0
104937,2026-09-24,Southeast,FL,Lighting,Aria Desk Lamp,Online,3,67.5,202.49,104.11,27.92,12.23
104908,2026-09-24,South,GA,Storage,Cascade Shelf,Retail,5,181.59,907.96,501.25,105.1,30.16
104792,2026-09-24,Northeast,MA,Lighting,Aria Desk Lamp,Retail,3,68.64,205.93,106.76,23.19,7.15
104835,2026-09-24,West,NV,Storage,Vault Cabinet,Online,5,270.0,1349.98,768.33,186.25,55.24
104806,2026-09-24,West,WA,Furniture,Drift Side Table,Retail,5,154.56,772.78,499.45,98.61,47.52
104859,2026-09-24,Midwest,WI,Furniture,Aster Bookcase,Retail,3,405.68,1217.04,735.28,124.12,40.28
104817,2026-09-24,West,NV,Furniture,Aster Bookcase,Wholesale,5,435.23,2176.13,1320.53,246.56,109.77
104857,2026-09-24,Midwest,MI,Furniture,Drift Side Table,Wholesale,3,148.98,446.95,290.15,64.42,22.68
104795,2026-09-25,West,WA,Furniture,Nimbus Chair,Retail,3,326.82,980.46,635.11,112.8,68.56
104820,2026-09-25,West,CA,Storage,Loop Bin Set,Online,1,53.6,53.6,30.55,6.97,3.21
104761,2026-09-25,Northeast,PA,Lighting,Halo Monitor Arm,Retail,3,90.99,272.98,143.14,35.36,16.8
104881,2026-09-25,South,GA,Furniture,Drift Side Table,Online,4,144.68,578.73,357.01,86.68,39.42
104833,2026-09-25,West,OR,Furniture,Nimbus Chair,Retail,2,332.44,664.89,429.47,66.92,43.32
104818,2026-09-25,West,OR,Furniture,Aster Bookcase,Retail,3,409.22,1227.65,737.99,176.79,52.11
104922,2026-09-26,Southeast,VA,Furniture,Aster Bookcase,Online,1,426.15,426.15,258.98,61.96,20.99
104737,2026-09-26,Northeast,MA,Storage,Cascade Shelf,Retail,5,189.13,945.67,569.13,134.54,46.25
104959,2026-09-26,Southwest,NM,Furniture,Nimbus Chair,Online,4,340.25,1360.99,793.91,147.09,47.67
104858,2026-09-27,Midwest,IL,Furniture,Aster Bookcase,Online,5,427.57,2137.83,1350.6,224.59,131.46
104863,2026-09-27,Midwest,IL,Lighting,Halo Monitor Arm,Retail,3,85.31,255.92,136.03,30.35,15.89
104832,2026-09-27,West,OR,Lighting,Aria Desk Lamp,Online,4,70.59,282.37,149.21,43.54,19.28
104876,2026-09-27,Midwest,MI,Storage,Loop Bin Set,Online,2,53.55,107.1,60.18,12.34,5.92
104798,2026-09-27,West,OR,Storage,Vault Cabinet,Wholesale,4,270.45,1081.81,613.75,167.21,75.11
104842,2026-09-27,Midwest,IL,Lighting,Halo Monitor Arm,Wholesale,3,91.23,273.68,145.78,42.32,13.02
104743,2026-09-27,Northeast,MA,Furniture,Aster Bookcase,Retail,5,431.22,2156.12,1393.37,325.64,108.26
104888,2026-09-27,South,TN,Storage,Cascade Shelf,Online,1,187.5,187.5,108.36,20.31,9.08
104865,2026-09-27,Midwest,IL,Lighting,Halo Monitor Arm,Online,1,84.75,84.75,45.51,11.26,4.25
104796,2026-09-27,West,NV,Furniture,Drift Side Table,Wholesale,5,140.24,701.21,424.99,74.38,49.08
104822,2026-09-27,West,NV,Lighting,Halo Monitor Arm,Wholesale,5,90.44,452.19,233.56,48.85,19.46
104904,2026-09-27,South,TX,Lighting,Halo Monitor Arm,Online,3,89.45,268.34,139.7,27.06,12.76
104910,2026-09-27,South,GA,Storage,Loop Bin Set,Wholesale,5,56.95,284.76,160.0,43.35,18.05
104905,2026-09-27,South,AL,Furniture,Aster Bookcase,Online,5,422.55,2112.76,1308.75,276.02,85.03
104929,2026-09-27,Southeast,FL,Furniture,Nimbus Chair,Online,4,333.67,1334.7,820.91,167.45,48.23
104903,2026-09-27,South,AL,Furniture,Drift Side Table,Retail,1,153.93,153.93,98.28,16.84,5.37
104787,2026-09-27,Northeast,MA,Furniture,Drift Side Table,Retail,1,156.13,156.13,100.02,21.9,4.95
104782,2026-09-27,Northeast,NY,Furniture,Aster Bookcase,Online,5,409.9,2049.5,1232.96,290.7,112.82
104920,2026-09-27,Southeast,NC,Furniture,Drift Side Table,Retail,1,146.75,146.75,92.31,16.36,9.31
104957,2026-09-28,Southwest,OK,Storage,Loop Bin Set,Online,5,56.83,284.16,158.66,35.89,18.79
104780,2026-09-28,Northeast,MA,Lighting,Halo Monitor Arm,Wholesale,2,93.66,187.31,93.01,23.96,12.33
104781,2026-09-28,Northeast,NY,Lighting,Ember Floor Lamp,Online,4,110.69,442.76,225.89,48.78,22.83
104924,2026-09-28,Southeast,VA,Furniture,Drift Side Table,Wholesale,4,147.93,591.7,383.02,78.61,35.6
104898,2026-09-28,South,TN,Furniture,Drift Side Table,Wholesale,3,139.89,419.66,249.08,62.01,24.68
104749,2026-09-29,Northeast,NJ,Storage,Loop Bin Set,Online,5,54.72,273.58,159.11,29.64,16.22
104958,2026-09-29,Southwest,NM,Furniture,Drift Side Table,Retail,1,148.61,148.61,95.56,22.84,10.35
104861,2026-09-29,Midwest,IL,Storage,Loop Bin Set,Retail,4,56.48,225.9,138.25,35.4,9.69
104799,2026-09-29,West,CA,Furniture,Drift Side Table,Online,2,144.58,289.16,169.05,41.0,9.91
104894,2026-09-29,South,TN,Storage,Loop Bin Set,Online,5,57.58,287.89,161.9,38.2,16.77
104931,2026-09-29,Southeast,SC,Storage,Loop Bin Set,Retail,4,55.65,222.61,132.95,24.02,9.89
104895,2026-09-29,South,AL,Lighting,Halo Monitor Arm,Online,5,95.63,478.15,260.1,68.57,19.27
104955,2026-09-29,Southwest,OK,Furniture,Aster Bookcase,Retail,4,431.22,1724.87,1022.26,270.68,89.73
104950,2026-09-30,Southwest,NM,Lighting,Aria Desk Lamp,Online,4,71.89,287.56,147.64,31.39,9.68
104901,2026-09-30,South,AL,Lighting,Halo Monitor Arm,Retail,1,91.98,91.98,47.84,11.15,3.26
104838,2026-09-30,West,WA,Lighting,Halo Monitor Arm,Retail,5,86.95,434.75,214.75,68.35,26.71
104837,2026-09-30,West,NV,Storage,Loop Bin Set,Retail,2,55.95,111.89,63.53,13.39,4.99
104879,2026-09-30,Midwest,MI,Lighting,Halo Monitor Arm,Wholesale,1,88.8,88.8,43.5,11.66,3.96
104764,2026-09-30,Northeast,NY,Furniture,Nimbus Chair,Online,2,339.34,678.68,438.63,83.13,36.34
104886,2026-09-30,South,GA,Furniture,Aster Bookcase,Online,4,413.28,1653.13,1019.47,258.82,108.11
104893,2026-09-30,South,TN,Lighting,Aria Desk Lamp,Retail,4,64.9,259.61,139.22,27.47,15.54
104816,2026-09-30,West,NV,Furniture,Aster Bookcase,Online,3,420.53,1261.59,822.62,166.56,71.86
105052,2026-10-01,West,OR,Furniture,Drift Side Table,Retail,5,143.82,719.12,438.0,71.94,33.97
105018,2026-10-01,West,CA,Furniture,Nimbus Chair,Retail,4,328.73,1314.91,802.57,163.54,71.13
105057,2026-10-01,Midwest,IL,Storage,Vault Cabinet,Retail,1,279.8,279.8,162.65,29.15,15.15
105171,2026-10-01,Southwest,AZ,Storage,Cascade Shelf,Retail,4,181.12,724.49,414.55,75.84,24.65
105090,2026-10-01,Midwest,IL,Lighting,Halo Monitor Arm,Wholesale,5,89.03,445.15,229.97,68.58,21.36
105015,2026-10-01,West,NV,Storage,Loop Bin Set,Wholesale,2,56.82,113.64,63.87,17.15,4.18
104982,2026-10-01,Northeast,PA,Storage,Loop Bin Set,Online,5,56.91,284.56,160.91,30.52,9.76
105077,2026-10-02,Midwest,MI,Lighting,Halo Monitor Arm,Wholesale,2,90.9,181.8,91.9,23.79,9.83
105079,2026-10-02,Midwest,WI,Furniture,Nimbus Chair,Online,2,304.52,609.05,388.25,86.43,37.41
105047,2026-10-02,West,NV,Lighting,Ember Floor Lamp,Online,4,118.7,474.8,244.99,67.64,24.71
105027,2026-10-02,West,WA,Lighting,Halo Monitor Arm,Online,1,95.96,95.96,48.43,12.71,6.35
105067,2026-10-02,Midwest,OH,Storage,Vault Cabinet,Online,2,261.02,522.05,319.6,59.88,28.36
105019,2026-10-02,West,WA,Furniture,Drift Side Table,Wholesale,4,145.19,580.76,342.88,61.68,23.33
105066,2026-10-03,Midwest,OH,Storage,Cascade Shelf,Wholesale,3,187.34,562.03,309.25,85.48,22.06
105016,2026-10-03,West,OR,Storage,Loop Bin Set,Retail,5,51.55,257.76,155.15,27.37,17.11
105124,2026-10-03,South,TN,Storage,Vault Cabinet,Retail,5,247.52,1237.6,747.37,173.76,71.2
105031,2026-10-03,West,CA,Furniture,Drift Side Table,Online,4,145.56,582.25,357.2,73.81,20.67
104985,2026-10-03,Northeast,NY,Furniture,Drift Side Table,Retail,1,154.34,154.34,93.42,17.11,10.43
105089,2026-10-03,Midwest,IL,Storage,Loop Bin Set,Online,5,56.96,284.8,163.24,34.15,18.63
105075,2026-10-03,Midwest,OH,Lighting,Ember Floor Lamp,Online,3,109.92,329.77,162.43,44.87,17.09
105096,2026-10-03,Midwest,IL,Storage,Cascade Shelf,Wholesale,1,173.68,173.68,99.32,19.4,5.79
105177,2026-10-03,Southwest,NM,Lighting,Halo Monitor Arm,Online,2,93.59,187.18,102.41,21.41,6.03
105185,2026-10-04,Southwest,OK,Furniture,Nimbus Chair,Retail,2,326.18,652.37,392.0,84.14,28.67
105004,2026-10-04,Northeast,MA,Furniture,Aster Bookcase,Online,3,415.17,1245.52,800.3,140.54,75.13
105121,2026-10-04,South,TN,Lighting,Ember Floor Lamp,Retail,1,107.78,107.78,54.29,14.0,6.68
105151,2026-10-04,Southeast,SC,Storage,Cascade Shelf,Retail,5,188.87,944.37,567.09,104.53,59.2
105126,2026-10-04,South,TX,Storage,Loop Bin Set,Online,5,51.67,258.36,143.13,38.29,10.78
105130,2026-10-04,South,GA,Storage,Vault Cabinet,Online,5,261.39,1306.94,787.0,203.56,51.69
105107,2026-10-05,South,TN,Storage,Vault Cabinet,Online,4,274.12,1096.48,598.86,109.8,44.27
105044,2026-10-05,West,OR,Lighting,Ember Floor Lamp,Online,4,110.59,442.36,231.8,64.74,25.41
105035,2026-10-05,West,WA,Furniture,Aster Bookcase,Online,4,406.06,1624.23,1028.34,258.32,106.69
105026,2026-10-05,West,OR,Storage,Cascade Shelf,Online,5,188.27,941.37,515.29,129.24,38.18
104973,2026-10-05,Northeast,PA,Lighting,Aria Desk Lamp,Wholesale,4,71.45,285.81,142.91,41.61,13.04
105136,2026-10-05,South,GA,Lighting,Halo Monitor Arm,Retail,1,95.38,95.38,50.67,9.55,3.96
105174,2026-10-05,Southwest,AZ,Furniture,Drift Side Table,Wholesale,3,156.06,468.18,299.36,69.1,30.47
105103,2026-10-06,South,GA,Furniture,Aster Bookcase,Online,1,439.8,439.8,268.0,53.35,25.26
105127,2026-10-06,South,GA,Lighting,Halo Monitor Arm,Retail,1,85.47,85.47,46.47,8.97,4.7
105032,2026-10-06,West,CA,Lighting,Halo Monitor Arm,Retail,3,95.9,287.7,149.19,29.14,14.51
105021,2026-10-06,West,NV,Furniture,Drift Side Table,Online,4,142.53,570.12,361.57,87.5,31.73
105061,2026-10-07,Midwest,WI,Lighting,Halo Monitor Arm,Online,5,90.28,451.41,246.72,63.37,23.38
105145,2026-10-07,Southeast,FL,Storage,Loop Bin Set,Retail,2,53.58,107.16,64.25,12.32,5.45
105093,2026-10-07,Midwest,MI,Lighting,Aria Desk Lamp,Wholesale,5,68.68,343.4,175.52,48.31,13.0
105040,2026-10-07,West,WA,Furniture,Nimbus Chair,Retail,3,328.02,984.06,621.28,108.41,48.06
105008,2026-10-07,West,CA,Storage,Loop Bin Set,Online,2,56.26,112.52,63.72,13.29,6.72
105046,2026-10-07,West,CA,Furniture,Nimbus Chair,Online,4,334.29,1337.16,782.1,188.58,68.94
104971,2026-10-07,Northeast,MA,Furniture,Nimbus Chair,Online,3,334.18,1002.55,608.58,155.4,35.59
104988,2026-10-08,Northeast,MA,Furniture,Aster Bookcase,Wholesale,3,395.21,1185.63,737.12,162.55,50.07
105014,2026-10-08,West,OR,Storage,Cascade Shelf,Wholesale,5,175.86,879.28,536.1,128.7,44.97
105122,2026-10-08,South,TX,Lighting,Halo Monitor Arm,Online,3,87.1,261.29,143.58,27.49,9.42
105129,2026-10-08,South,TX,Furniture,Nimbus Chair,Online,2,320.22,640.44,377.1,66.06,20.06
105070,2026-10-08,Midwest,WI,Lighting,Halo Monitor Arm,Retail,3,85.28,255.85,126.39,36.14,16.27
105073,2026-10-08,Midwest,WI,Storage,Cascade Shelf,Online,4,188.26,753.05,428.14,85.84,26.25
105099,2026-10-08,South,AL,Storage,Cascade Shelf,Online,5,172.29,861.46,502.8,121.41,38.31
105039,2026-10-08,West,OR,Lighting,Ember Floor Lamp,Online,2,110.57,221.14,109.88,33.22,13.28
105104,2026-10-08,South,AL,Lighting,Halo Monitor Arm,Wholesale,5,85.38,426.9,235.02,45.99,21.12
105064,2026-10-08,Midwest,WI,Furniture,Aster Bookcase,Online,3,392.07,1176.21,750.16,122.46,67.65
105038,2026-10-09,West,CA,Storage,Cascade Shelf,Online,1,192.2,192.2,115.83,23.67,7.73
104987,2026-10-09,Northeast,NJ,Furniture,Aster Bookcase,Online,2,408.2,816.41,477.97,96.44,40.57
105164,2026-10-09,Southeast,NC,Lighting,Halo Monitor Arm,Online,5,93.71,468.54,258.19,73.66,21.74
105113,2026-10-09,South,AL,Furniture,Drift Side Table,Online,4,148.94,595.77,375.24,94.72,31.04
105186,2026-10-09,Southwest,AZ,Lighting,Ember Floor Lamp,Retail,2,107.81,215.62,105.97,33.0,13.97
105036,2026-10-09,West,CA,Lighting,Halo Monitor Arm,Retail,4,91.16,364.64,184.88,46.36,25.31
105160,2026-10-09,Southeast,NC,Storage,Loop Bin Set,Online,3,57.99,173.97,104.73,26.47,8.34
105020,2026-10-09,West,NV,Furniture,Aster Bookcase,Online,4,428.0,1712.01,1010.0,251.9,59.0
105037,2026-10-09,West,NV,Lighting,Ember Floor Lamp,Online,5,110.17,550.83,280.58,72.77,18.09
104997,2026-10-10,Northeast,MA,Storage,Cascade Shelf,Retail,1,185.92,185.92,106.92,19.06,11.17
105084,2026-10-10,Midwest,MI,Lighting,Aria Desk Lamp,Online,3,64.8,194.39,101.62,20.06,10.48
105085,2026-10-10,Midwest,WI,Lighting,Ember Floor Lamp,Online,1,106.43,106.43,52.91,16.67,5.5
105163,2026-10-10,Southeast,NC,Lighting,Halo Monitor Arm,Online,4,88.77,355.07,193.46,48.94,23.4
105116,2026-10-10,South,AL,Lighting,Ember Floor Lamp,Retail,2,114.5,229.0,117.01,26.48,11.88
105146,2026-10-10,Southeast,VA,Furniture,Aster Bookcase,Retail,4,440.48,1761.92,1079.55,206.47,111.96
104974,2026-10-10,Northeast,NY,Furniture,Drift Side Table,Retail,1,142.28,142.28,89.97,22.46,4.52
105005,2026-10-10,Northeast,MA,Storage,Vault Cabinet,Wholesale,3,257.66,772.97,424.11,83.61,50.76
105028,2026-10-10,West,OR,Furniture,Drift Side Table,Retail,1,139.15,139.15,89.6,20.89,4.74
105143,2026-10-10,Southeast,VA,Furniture,Aster Bookcase,Retail,5,390.62,1953.08,1143.43,284.02,67.87
104994,2026-10-10,Northeast,NJ,Furniture,Aster Bookcase,Wholesale,5,396.79,1983.94,1266.01,257.52,80.02
104993,2026-10-11,Northeast,PA,Furniture,Drift Side Table,Wholesale,2,140.42,280.85,166.0,34.1,10.36
105179,2026-10-11,Southwest,OK,Furniture,Drift Side Table,Online,2,140.5,281.0,181.15,32.48,17.99
104972,2026-10-11,Northeast,PA,Furniture,Drift Side Table,Retail,5,153.49,767.44,495.15,120.32,51.39
105175,2026-10-11,Southwest,AZ,Furniture,Drift Side Table,Retail,5,153.24,766.2,460.23,92.56,49.26
105051,2026-10-11,West,OR,Lighting,Aria Desk Lamp,Retail,4,71.16,284.62,148.88,32.44,8.8
105086,2026-10-11,Midwest,OH,Storage,Loop Bin Set,Retail,5,53.14,265.72,146.43,39.22,8.1
105009,2026-10-11,West,NV,Furniture,Nimbus Chair,Online,5,332.6,1663.0,995.94,242.42,67.91
105012,2026-10-11,West,NV,Storage,Vault Cabinet,Online,5,271.9,1359.49,804.24,138.65,50.16
105065,2026-10-12,Midwest,IL,Furniture,Nimbus Chair,Wholesale,3,316.24,948.71,615.09,134.8,42.23
105154,2026-10-12,Southeast,NC,Furniture,Aster Bookcase,Online,1,392.89,392.89,257.6,44.97,26.13
105058,2026-10-12,Midwest,OH,Lighting,Halo Monitor Arm,Wholesale,4,91.25,365.02,197.94,55.48,20.52
105128,2026-10-12,South,AL,Lighting,Ember Floor Lamp,Online,4,116.31,465.24,243.51,68.52,16.22
105033,2026-10-12,West,OR,Furniture,Nimbus Chair,Wholesale,5,324.52,1622.6,993.52,184.62,60.57
105114,2026-10-13,South,GA,Furniture,Nimbus Chair,Online,1,342.23,342.23,212.97,45.92,18.24
105076,2026-10-13,Midwest,MI,Storage,Vault Cabinet,Retail,3,271.66,814.99,462.12,101.81,28.35
105030,2026-10-13,West,CA,Lighting,Ember Floor Lamp,Wholesale,3,108.65,325.95,165.16,39.87,18.68
105157,2026-10-13,Southeast,NC,Storage,Cascade Shelf,Wholesale,4,172.5,690.01,420.73,69.56,26.74
105003,2026-10-13,Northeast,PA,Lighting,Ember Floor Lamp,Online,3,114.17,342.51,188.05,36.86,14.55
105119,2026-10-13,South,TX,Lighting,Halo Monitor Arm,Retail,3,92.79,278.36,147.95,29.0,17.77
105100,2026-10-14,South,TX,Furniture,Aster Bookcase,Retail,5,408.78,2043.88,1338.21,236.08,136.04
105000,2026-10-14,Northeast,MA,Lighting,Halo Monitor Arm,Retail,5,88.32,441.59,215.96,51.68,22.57
104976,2026-10-14,Northeast,NJ,Lighting,Halo Monitor Arm,Retail,2,89.75,179.5,96.06,26.6,12.41
105074,2026-10-14,Midwest,WI,Storage,Loop Bin Set,Retail,4,57.21,228.82,133.62,31.75,7.38
105098,2026-10-14,Midwest,WI,Lighting,Halo Monitor Arm,Wholesale,1,89.21,89.21,43.97,13.42,5.63
104983,2026-10-14,Northeast,PA,Furniture,Drift Side Table,Online,5,150.1,750.49,471.95,83.29,31.19
105180,2026-10-14,Southwest,NM,Lighting,Aria Desk Lamp,Online,4,72.38,289.53,147.1,44.64,12.16
105152,2026-10-14,Southeast,NC,Lighting,Aria Desk Lamp,Retail,4,68.97,275.86,142.15,33.62,16.45
105034,2026-10-14,West,WA,Storage,Vault Cabinet,Retail,5,257.95,1289.77,744.05,196.26,45.81
105168,2026-10-15,Southwest,OK,Furniture,Nimbus Chair,Retail,5,308.56,1542.82,908.07,185.11,93.78
105068,2026-10-15,Midwest,MI,Furniture,Aster Bookcase,Retail,1,404.89,404.89,243.91,64.47,18.02
105102,2026-10-15,South,TN,Lighting,Halo Monitor Arm,Wholesale,2,86.81,173.62,92.25,22.35,7.64
105056,2026-10-15,Midwest,WI,Storage,Cascade Shelf,Retail,5,188.79,943.96,527.82,127.22,50.75
105137,2026-10-15,South,GA,Furniture,Aster Bookcase,Wholesale,2,394.05,788.09,509.51,81.62,50.27
105134,2026-10-16,South,TX,Lighting,Aria Desk Lamp,Online,3,72.01,216.04,107.36,29.78,11.2
104980,2026-10-16,Northeast,PA,Storage,Cascade Shelf,Retail,4,180.52,722.09,425.6,112.16,28.86
105106,2026-10-16,South,TX,Lighting,Aria Desk Lamp,Online,2,71.53,143.06,77.6,17.22,4.62
105138,2026-10-16,Southeast,VA,Lighting,Ember Floor Lamp,Retail,5,114.06,570.3,283.21,58.93,39.53
105045,2026-10-16,West,WA,Furniture,Drift Side Table,Retail,4,146.92,587.67,377.06,65.68,22.44
105162,2026-10-16,Southeast,SC,Storage,Cascade Shelf,Wholesale,1,190.04,190.04,115.79,25.85,8.28
105013,2026-10-17,West,CA,Furniture,Nimbus Chair,Wholesale,4,337.16,1348.64,793.23,159.09,77.21
105059,2026-10-17,Midwest,IL,Furniture,Drift Side Table,Wholesale,5,153.16,765.82,493.39,86.59,38.54
104986,2026-10-17,Northeast,MA,Furniture,Aster Bookcase,Online,3,429.24,1287.71,813.07,196.91,72.32
105149,2026-10-18,Southeast,VA,Lighting,Ember Floor Lamp,Retail,3,110.17,330.51,161.6,44.87,14.15
105078,2026-10-18,Midwest,IL,Storage,Cascade Shelf,Wholesale,4,178.38,713.51,402.72,72.8,30.29
105111,2026-10-18,South,GA,Furniture,Nimbus Chair,Online,5,342.22,1711.08,1086.66,194.45,110.48
105048,2026-10-18,West,NV,Storage,Vault Cabinet,Retail,2,270.32,540.63,297.66,73.46,21.25
104996,2026-10-18,Northeast,PA,Storage,Cascade Shelf,Retail,4,185.06,740.24,426.42,110.24,31.39
105043,2026-10-18,West,WA,Lighting,Aria Desk Lamp,Wholesale,3,70.82,212.45,105.29,22.33,9.15
105088,2026-10-18,Midwest,MI,Furniture,Aster Bookcase,Online,2,406.94,813.88,508.17,126.32,49.21
105006,2026-10-18,Northeast,PA,Furniture,Drift Side Table,Retail,3,150.79,452.38,275.39,63.21,13.74
105144,2026-10-19,Southeast,VA,Furniture,Nimbus Chair,Retail,5,342.4,1711.99,999.88,223.76,111.05
104977,2026-10-19,Northeast,MA,Furniture,Aster Bookcase,Online,1,429.31,429.31,273.79,57.31,19.18
105071,2026-10-19,Midwest,OH,Lighting,Aria Desk Lamp,Online,3,66.7,200.09,105.81,23.79,9.91
105062,2026-10-19,Midwest,IL,Furniture,Nimbus Chair,Wholesale,4,338.69,1354.77,817.18,207.37,87.3
105063,2026-10-19,Midwest,OH,Lighting,Aria Desk Lamp,Retail,1,70.84,70.84,35.73,8.44,3.64
105041,2026-10-19,West,WA,Furniture,Nimbus Chair,Retail,5,320.7,1603.49,937.71,166.38,65.07
104990,2026-10-19,Northeast,MA,Furniture,Nimbus Chair,Retail,3,342.4,1027.19,657.65,126.94,50.01
105176,2026-10-19,Southwest,OK,Storage,Vault Cabinet,Wholesale,5,261.28,1306.41,713.94,149.39,80.99
105007,2026-10-19,Northeast,PA,Furniture,Drift Side Table,Online,1,146.33,146.33,87.25,18.27,4.82
104979,2026-10-19,Northeast,NY,Storage,Cascade Shelf,Wholesale,3,180.84,542.51,314.17,62.99,32.61
105050,2026-10-19,West,OR,Lighting,Halo Monitor Arm,Online,2,92.24,184.47,95.58,25.47,6.69
104975,2026-10-20,Northeast,NY,Furniture,Aster Bookcase,Online,2,432.37,864.74,513.81,94.25,50.84
105001,2026-10-20,Northeast,PA,Lighting,Ember Floor Lamp,Online,3,109.11,327.34,167.46,45.44,12.72
105083,2026-10-20,Midwest,MI,Furniture,Drift Side Table,Wholesale,3,147.73,443.19,262.02,56.31,18.53
105054,2026-10-20,Midwest,IL,Storage,Cascade Shelf,Online,3,194.07,582.21,345.97,77.65,36.08
105087,2026-10-20,Midwest,WI,Storage,Loop Bin Set,Retail,4,55.78,223.13,122.52,32.17,8.3
104984,2026-10-20,Northeast,PA,Lighting,Aria Desk Lamp,Wholesale,5,65.75,328.73,170.73,35.71,17.09
105022,2026-10-21,West,CA,Furniture,Aster Bookcase,Online,4,433.34,1733.36,1097.58,255.64,76.49
105017,2026-10-21,West,CA,Storage,Cascade Shelf,Retail,4,181.06,724.24,432.81,75.46,31.07
105024,2026-10-21,West,NV,Storage,Loop Bin Set,Wholesale,5,55.81,279.04,165.76,40.85,9.27
105118,2026-10-21,South,AL,Furniture,Nimbus Chair,Retail,5,331.06,1655.28,1038.1,202.6,69.3
105181,2026-10-21,Southwest,OK,Lighting,Aria Desk Lamp,Online,1,67.87,67.87,34.39,8.12,2.06
105069,2026-10-21,Midwest,MI,Storage,Cascade Shelf,Online,1,187.27,187.27,113.0,26.87,8.31
105153,2026-10-21,Southeast,VA,Furniture,Nimbus Chair,Wholesale,5,338.5,1692.49,1041.29,259.82,80.84
104968,2026-10-21,Northeast,MA,Lighting,Halo Monitor Arm,Online,3,91.93,275.79,150.14,29.85,14.78
105010,2026-10-22,West,OR,Lighting,Aria Desk Lamp,Online,1,72.08,72.08,39.4,7.34,4.95
105135,2026-10-22,South,TX,Lighting,Halo Monitor Arm,Retail,1,85.04,85.04,46.5,12.6,3.16
104991,2026-10-22,Northeast,MA,Furniture,Nimbus Chair,Retail,1,305.06,305.06,199.11,33.74,12.13
104992,2026-10-22,Northeast,NY,Lighting,Aria Desk Lamp,Online,1,69.05,69.05,35.96,9.26,2.66
105155,2026-10-22,Southeast,FL,Storage,Loop Bin Set,Wholesale,5,56.81,284.05,164.33,34.25,11.75
105049,2026-10-22,West,OR,Storage,Loop Bin Set,Retail,4,55.95,223.78,130.64,26.24,14.05
105060,2026-10-23,Midwest,OH,Lighting,Aria Desk Lamp,Retail,3,66.75,200.26,105.58,21.34,9.28
105139,2026-10-23,Southeast,NC,Storage,Vault Cabinet,Wholesale,3,273.39,820.17,452.75,105.67,36.13
105140,2026-10-23,Southeast,SC,Furniture,Nimbus Chair,Wholesale,5,333.78,1668.88,1006.04,225.44,95.48
105131,2026-10-23,South,TN,Furniture,Aster Bookcase,Online,2,410.04,820.08,485.54,86.03,48.19
105055,2026-10-23,Midwest,WI,Lighting,Ember Floor Lamp,Online,5,111.41,557.04,289.58,61.7,25.07
104999,2026-10-23,Northeast,NY,Storage,Cascade Shelf,Retail,4,190.52,762.07,435.48,101.37,23.44
105115,2026-10-23,South,TX,Lighting,Aria Desk Lamp,Wholesale,1,70.96,70.96,34.84,11.32,3.01
105053,2026-10-23,West,CA,Furniture,Nimbus Chair,Wholesale,1,338.06,338.06,202.83,46.64,23.0
104965,2026-10-23,Northeast,NY,Storage,Cascade Shelf,Retail,2,175.17,350.35,197.76,54.12,23.01
105023,2026-10-23,West,CA,Lighting,Aria Desk Lamp,Retail,1,68.53,68.53,34.99,9.44,3.0
104964,2026-10-23,Northeast,MA,Furniture,Drift Side Table,Wholesale,2,138.17,276.33,177.86,38.36,13.6
105184,2026-10-23,Southwest,AZ,Lighting,Halo Monitor Arm,Wholesale,2,88.82,177.64,92.26,20.59,9.29
105101,2026-10-23,South,TN,Furniture,Nimbus Chair,Wholesale,5,319.28,1596.41,943.91,187.96,96.48
105081,2026-10-24,Midwest,WI,Storage,Loop Bin Set,Wholesale,3,54.25,162.75,98.78,18.35,10.38
105141,2026-10-24,Southeast,NC,Lighting,Ember Floor Lamp,Online,1,118.25,118.25,61.86,18.76,5.03
105156,2026-10-24,Southeast,VA,Lighting,Halo Monitor Arm,Online,3,95.96,287.87,143.71,40.27,12.15
104989,2026-10-24,Northeast,MA,Furniture,Drift Side Table,Retail,3,152.93,458.8,287.73,57.59,27.09
105108,2026-10-24,South,AL,Lighting,Halo Monitor Arm,Wholesale,4,86.09,344.37,170.89,51.46,18.79
105148,2026-10-24,Southeast,FL,Furniture,Drift Side Table,Wholesale,4,139.82,559.29,337.71,76.96,24.7
105158,2026-10-24,Southeast,FL,Furniture,Drift Side Table,Retail,4,152.79,611.17,375.91,79.23,27.1
105167,2026-10-24,Southwest,NM,Furniture,Nimbus Chair,Online,1,324.91,324.91,206.85,33.39,12.35
105094,2026-10-24,Midwest,IL,Storage,Loop Bin Set,Retail,3,51.37,154.12,84.98,15.63,10.07
105165,2026-10-24,Southeast,VA,Storage,Cascade Shelf,Retail,5,176.89,884.45,486.93,131.2,34.0
105183,2026-10-24,Southwest,OK,Furniture,Nimbus Chair,Online,5,320.87,1604.34,994.14,242.72,75.12
105097,2026-10-24,Midwest,OH,Storage,Vault Cabinet,Online,1,261.6,261.6,156.59,36.51,13.83
105150,2026-10-25,Southeast,SC,Storage,Vault Cabinet,Online,1,249.05,249.05,135.89,37.03,10.82
105125,2026-10-25,South,TX,Furniture,Aster Bookcase,Retail,5,392.87,1964.37,1256.72,289.58,72.66
104995,2026-10-25,Northeast,NY,Storage,Loop Bin Set,Online,5,54.99,274.94,150.97,30.46,13.84
104978,2026-10-26,Northeast,NY,Lighting,Halo Monitor Arm,Online,2,85.41,170.82,93.94,21.67,11.15
104998,2026-10-26,Northeast,NJ,Furniture,Nimbus Chair,Retail,3,339.26,1017.78,603.54,118.99,39.81
105002,2026-10-26,Northeast,PA,Storage,Loop Bin Set,Retail,2,51.67,103.34,63.05,16.35,4.99
105011,2026-10-26,West,NV,Lighting,Halo Monitor Arm,Wholesale,4,90.02,360.09,184.59,51.62,25.19
104967,2026-10-26,Northeast,NJ,Lighting,Ember Floor Lamp,Wholesale,3,111.16,333.49,175.42,37.54,18.65
105173,2026-10-26,Southwest,AZ,Storage,Vault Cabinet,Retail,2,266.88,533.75,316.32,78.99,16.48
105170,2026-10-27,Southwest,NM,Lighting,Aria Desk Lamp,Online,3,70.52,211.55,104.07,29.11,10.87
105082,2026-10-27,Midwest,IL,Lighting,Ember Floor Lamp,Retail,4,107.1,428.39,234.18,57.27,23.43
105142,2026-10-27,Southeast,VA,Furniture,Aster Bookcase,Online,5,440.53,2202.67,1434.42,221.98,132.58
104981,2026-10-27,Northeast,MA,Furniture,Nimbus Chair,Wholesale,1,333.01,333.01,204.5,52.65,11.93
105123,2026-10-27,South,GA,Furniture,Nimbus Chair,Wholesale,4,320.55,1282.22,823.09,197.11,61.41
105120,2026-10-27,South,TN,Lighting,Ember Floor Lamp,Online,3,113.01,339.04,168.04,46.2,12.66
105029,2026-10-28,West,OR,Storage,Cascade Shelf,Online,5,186.15,930.73,547.64,112.79,28.42
105182,2026-10-28,Southwest,OK,Furniture,Aster Bookcase,Online,2,418.53,837.06,521.85,87.36,52.22
105091,2026-10-28,Midwest,WI,Lighting,Ember Floor Lamp,Retail,2,118.47,236.95,123.75,32.76,12.12
105092,2026-10-28,Midwest,OH,Lighting,Halo Monitor Arm,Wholesale,4,85.95,343.79,168.31,47.66,18.75
105095,2026-10-28,Midwest,WI,Furniture,Aster Bookcase,Wholesale,3,415.59,1246.76,812.03,154.6,61.02
105187,2026-10-28,Southwest,OK,Lighting,Ember Floor Lamp,Online,1,111.4,111.4,60.1,13.51,5.22
105072,2026-10-29,Midwest,MI,Lighting,Aria Desk Lamp,Retail,2,71.15,142.31,73.81,17.35,7.39
105042,2026-10-29,West,WA,Lighting,Aria Desk Lamp,Retail,4,66.26,265.05,138.96,31.83,17.45
105080,2026-10-29,Midwest,OH,Lighting,Halo Monitor Arm,Online,1,95.26,95.26,51.83,10.69,4.05
105161,2026-10-29,Southeast,SC,Storage,Loop Bin Set,Wholesale,4,54.02,216.1,130.59,32.14,7.32
105172,2026-10-29,Southwest,AZ,Storage,Loop Bin Set,Online,5,54.73,273.67,150.07,41.8,13.05
105109,2026-10-29,South,TN,Lighting,Ember Floor Lamp,Online,3,117.32,351.95,177.77,36.99,18.34
105112,2026-10-29,South,AL,Furniture,Drift Side Table,Online,1,140.03,140.03,88.28,14.91,4.64
105117,2026-10-30,South,TX,Furniture,Drift Side Table,Wholesale,4,149.28,597.11,352.52,87.9,31.85
105166,2026-10-30,Southwest,AZ,Furniture,Drift Side Table,Retail,4,142.15,568.58,333.69,85.63,22.16
104970,2026-10-30,Northeast,NJ,Lighting,Ember Floor Lamp,Retail,2,119.15,238.3,118.96,27.29,15.14
105133,2026-10-30,South,GA,Lighting,Ember Floor Lamp,Online,5,107.1,535.52,274.88,80.03,16.98
105110,2026-10-30,South,AL,Furniture,Aster Bookcase,Online,4,424.17,1696.67,1032.62,241.85,69.04
105147,2026-10-31,Southeast,VA,Furniture,Aster Bookcase,Online,2,426.3,852.61,527.49,97.84,38.24
105105,2026-10-31,South,AL,Storage,Loop Bin Set,Wholesale,4,51.72,206.89,124.03,25.8,11.44
105169,2026-10-31,Southwest,NM,Storage,Loop Bin Set,Retail,2,55.81,111.61,66.05,14.84,7.53
104966,2026-10-31,Northeast,MA,Lighting,Aria Desk Lamp,Online,3,69.61,208.83,109.63,24.91,8.05
105178,2026-10-31,Southwest,NM,Lighting,Aria Desk Lamp,Retail,4,67.36,269.45,145.43,38.15,11.03
104969,2026-10-31,Northeast,PA,Storage,Loop Bin Set,Wholesale,1,58.09,58.09,34.54,8.83,2.14
105132,2026-10-31,South,GA,Storage,Loop Bin Set,Online,1,56.69,56.69,31.39,6.44,1.79
105159,2026-10-31,Southeast,FL,Furniture,Drift Side Table,Retail,3,148.19,444.58,288.93,66.54,27.33
105025,2026-10-31,West,CA,Storage,Loop Bin Set,Retail,2,51.8,103.59,57.05,14.15,3.52
